{
    "portfolio": [
        "lr",
        "xgb",
        "rf",
        "svc"
    ],
    "max_batch_size": 100000,
    "max_imbalance_ratio": 100,
    "num_batches": 1,
    "population_prior": 0.1,
    "batch_priors": [
        0.1
    ],
    "decision_cutoff_raw": 0.15549455468911774,
    "decision_cutoff_proba": 0.034748338509064586,
    "decision_cutoff_rank": 0.8917910447761195,
    "decision_cutoff_logit": -3.3242570982702455,
    "decision_cutoff_lift": 0.34748338509064586
}