{
    "portfolio": [
        "lr",
        "xgb",
        "rf",
        "svc"
    ],
    "max_batch_size": 100000,
    "max_imbalance_ratio": 100,
    "num_batches": 1,
    "population_prior": 0.1,
    "batch_priors": [
        0.1
    ],
    "decision_cutoff_raw": 0.2133706972146047,
    "decision_cutoff_proba": 0.08250630068412557,
    "decision_cutoff_rank": 0.8942054433713784,
    "decision_cutoff_logit": -2.4087710503212483,
    "decision_cutoff_lift": 0.8250630068412557
}