{
  "task": "classification",
  "format": "onnx",
  "preset_name": "heuristic",
  "use_linear": false,
  "n_features_in": 768,
  "classes": [
    0,
    1
  ],
  "params": {
    "C": 0.360555,
    "class_weight": "balanced",
    "max_iter": 5000,
    "tol": 0.001,
    "random_state": 42,
    "use_linear": false,
    "kernel": "rbf",
    "gamma": "scale"
  },
  "profile": {
    "n_samples": 130,
    "n_features": 768,
    "n_p_ratio": 0.16927083333333334,
    "sparsity": 0.0,
    "is_sparse_counts": false,
    "binary_feature_fraction": 0.0,
    "feature_signal_strength": 0.15642378687692984,
    "feature_signal_p90": 0.3098578073425921,
    "task": "classification",
    "imbalance_ratio": 1.4074074074074074,
    "y_skewness": 0.0,
    "y_all_positive": false
  },
  "portfolio_scores": {},
  "decision_cutoff_raw": 0.45729851249075143,
  "decision_cutoff_raw_source": "oof_balanced_accuracy",
  "decision_cutoff_proba": 0.40341099631649124,
  "decision_cutoff_rank": 0.5503875968992248,
  "decision_cutoff_logit": -0.3912725560331097,
  "calibrator": {
    "method": "platt",
    "coef": 4.282953563868183,
    "intercept": -2.3498608498569924
  },
  "ranker": {
    "knots": [
      0.25370816816547453,
      0.2567842757474316,
      0.2599672245862999,
      0.26644439516545826,
      0.2673334822567353,
      0.2702538226078163,
      0.27101651052133285,
      0.2722731362066316,
      0.27320074886048934,
      0.27394059941817517,
      0.27701115668964077,
      0.27807371744333953,
      0.27821805296923996,
      0.2806053876026013,
      0.28137346467309937,
      0.2836850378092663,
      0.2861098257475755,
      0.286155772822173,
      0.287325359910036,
      0.2886903598634819,
      0.28872336652053404,
      0.2928612788942721,
      0.29299281664431864,
      0.29781707516830436,
      0.297928921259814,
      0.30022750001669263,
      0.3054854900259192,
      0.3057268690935802,
      0.3073623758480681,
      0.3124073662972305,
      0.313819379064439,
      0.31708028779012365,
      0.3171978361097233,
      0.322231259311471,
      0.32257104935588893,
      0.32442983027109595,
      0.32628270819655625,
      0.3313499299609018,
      0.3371833401730869,
      0.34010510759660817,
      0.3419106435826975,
      0.35007550073199223,
      0.3525840468328083,
      0.3533130464599458,
      0.3536163019280505,
      0.35691594584580477,
      0.3594290290638867,
      0.3625744611053466,
      0.36281446869248496,
      0.3702925338863081,
      0.37402116124592605,
      0.374824738151187,
      0.3781634797599092,
      0.38965712255628887,
      0.39512449793479915,
      0.4017465755878178,
      0.4110093878422887,
      0.41180323878736086,
      0.41380642405879725,
      0.41690257032571953,
      0.4183059162854377,
      0.4215237223378694,
      0.422933106811994,
      0.42680591914123867,
      0.42729514141269087,
      0.43124631537438196,
      0.4349368031817775,
      0.4377216371884981,
      0.4407392743314115,
      0.44564603757577737,
      0.4488012141345404,
      0.45729851249075143,
      0.46870972466621436,
      0.4705214280796247,
      0.471077460645138,
      0.479477832176466,
      0.4809392236213742,
      0.4833298078564044,
      0.48510824959130117,
      0.49229586666007624,
      0.5087076304348332,
      0.5121374275094591,
      0.5183545400851578,
      0.529103000449217,
      0.5322059840174713,
      0.5354451198274601,
      0.5365365514040403,
      0.5457184522485152,
      0.54577148175216,
      0.5470673377066794,
      0.5607820795936969,
      0.5651636298401697,
      0.5671870325240647,
      0.5772631317259176,
      0.5817626498619053,
      0.5847711323046876,
      0.6009274686478702,
      0.6089451741007103,
      0.6133827324046217,
      0.6158409812574875,
      0.6231594831996023,
      0.6346406094597381,
      0.6355212310046495,
      0.637875647932849,
      0.6388754342401893,
      0.640500815069203,
      0.6446444045665588,
      0.6564221302560436,
      0.6648919555302066,
      0.6680243387606264,
      0.6700540261103374,
      0.6801205662349976,
      0.6822782605542655,
      0.6864105568872133,
      0.6884890386405139,
      0.6911411071537726,
      0.692981099130936,
      0.6951866789281554,
      0.6964635437690637,
      0.7008651826626515,
      0.7047046507659205,
      0.7120578861623218,
      0.7208765760730453,
      0.7225821751117613,
      0.7228195674051744,
      0.7256894654059122,
      0.7266850315704625,
      0.7335922468223302,
      0.7361514896536069,
      0.7363405806749242
    ]
  }
}