{
  "task": "classification",
  "format": "onnx",
  "preset_name": "heuristic",
  "best_iteration": 24,
  "params": {
    "tree_method": "hist",
    "device": "cpu",
    "learning_rate": 0.1,
    "n_estimators": 2000,
    "early_stopping_rounds": 50,
    "max_depth": 3,
    "min_child_weight": 1,
    "subsample": 1.0,
    "colsample_bytree": 0.5,
    "colsample_bynode": 0.072,
    "reg_alpha": 0.3,
    "reg_lambda": 2.125,
    "gamma": 0.05,
    "max_bin": 128,
    "nthread": 64,
    "objective": "binary:logistic",
    "scale_pos_weight": 1.4074,
    "eval_metric": "auc"
  },
  "profile": {
    "n_samples": 130,
    "n_features": 768,
    "n_p_ratio": 0.16927083333333334,
    "sparsity": 0.0,
    "is_sparse_counts": false,
    "binary_feature_fraction": 0.0,
    "feature_signal_strength": 0.15642378687692984,
    "feature_signal_p90": 0.3098578073425921,
    "task": "classification",
    "imbalance_ratio": 1.4074074074074074,
    "y_skewness": 0.0,
    "y_all_positive": false
  },
  "portfolio_scores": {},
  "decision_cutoff_raw": 0.570120632648468,
  "decision_cutoff_raw_source": "oof_balanced_accuracy",
  "decision_cutoff_proba": 0.5267639063198543,
  "decision_cutoff_rank": 0.6201550387596899,
  "decision_cutoff_logit": 0.1071580476280155,
  "calibrator": {
    "method": "platt",
    "coef": 3.705097994369469,
    "intercept": -2.0051947649464763
  },
  "ranker": {
    "knots": [
      0.011820303276181221,
      0.012470616959035397,
      0.014775277115404606,
      0.016027214005589485,
      0.019262686371803284,
      0.019887784495949745,
      0.020913178101181984,
      0.020936263725161552,
      0.022751128301024437,
      0.02503969520330429,
      0.030021075159311295,
      0.03034878522157669,
      0.03118850477039814,
      0.03155559301376343,
      0.03162035718560219,
      0.03226230666041374,
      0.03315429389476776,
      0.035080160945653915,
      0.0357847586274147,
      0.03674303740262985,
      0.038856878876686096,
      0.04026814550161362,
      0.04218138009309769,
      0.04239495471119881,
      0.04359074681997299,
      0.044488850980997086,
      0.04700307175517082,
      0.04947997257113457,
      0.049763843417167664,
      0.05059191957116127,
      0.053628820925951004,
      0.05625750496983528,
      0.05720718950033188,
      0.05994535982608795,
      0.06075255572795868,
      0.06193140521645546,
      0.0632605254650116,
      0.06614048033952713,
      0.0671653226017952,
      0.07061382383108139,
      0.07243047654628754,
      0.07346343249082565,
      0.08049222081899643,
      0.08534257113933563,
      0.08558134734630585,
      0.08967605978250504,
      0.09605540335178375,
      0.09902815520763397,
      0.101921945810318,
      0.1040772795677185,
      0.11150618642568588,
      0.12067044526338577,
      0.13590331375598907,
      0.1434924304485321,
      0.14453846216201782,
      0.15114335715770721,
      0.16517895460128784,
      0.1764553189277649,
      0.1864391714334488,
      0.1897285282611847,
      0.2240811586380005,
      0.2314801961183548,
      0.24509666860103607,
      0.2786710262298584,
      0.28694188594818115,
      0.3004540503025055,
      0.3110351860523224,
      0.33188456296920776,
      0.33952903747558594,
      0.3786877691745758,
      0.3818797767162323,
      0.416846364736557,
      0.4339275658130646,
      0.43671560287475586,
      0.4834330677986145,
      0.49796897172927856,
      0.5032371282577515,
      0.5033236145973206,
      0.5099493861198425,
      0.533851146697998,
      0.570120632648468,
      0.5933800935745239,
      0.6180309057235718,
      0.6247588992118835,
      0.63212651014328,
      0.6486554145812988,
      0.6747557520866394,
      0.6905450224876404,
      0.729055643081665,
      0.8110694885253906,
      0.8114132881164551,
      0.8181657195091248,
      0.8184291124343872,
      0.8227342367172241,
      0.8426322340965271,
      0.8627258539199829,
      0.8657686114311218,
      0.869411826133728,
      0.8715358376502991,
      0.8721848130226135,
      0.8750371336936951,
      0.8784682750701904,
      0.8788021206855774,
      0.8848209381103516,
      0.8884057402610779,
      0.8924188613891602,
      0.9005422592163086,
      0.9067932367324829,
      0.9069181084632874,
      0.9254469871520996,
      0.929258406162262,
      0.929763674736023,
      0.9315532445907593,
      0.9340702891349792,
      0.9358546733856201,
      0.938453197479248,
      0.9434124231338501,
      0.9453246593475342,
      0.9461277723312378,
      0.9496875405311584,
      0.9515405297279358,
      0.9534551501274109,
      0.9573409557342529,
      0.9653415083885193,
      0.9678941369056702,
      0.9690786004066467,
      0.9733954668045044,
      0.9734237790107727,
      0.9788424968719482,
      0.9877877831459045
    ]
  }
}