{
    "portfolio": [
        "lr",
        "xgb",
        "rf",
        "svc"
    ],
    "max_batch_size": 100000,
    "max_imbalance_ratio": 100,
    "num_batches": 1,
    "population_prior": 0.27522935779816515,
    "batch_priors": [
        0.27522935779816515
    ],
    "decision_cutoff_raw": 0.25253601450874175,
    "decision_cutoff_proba": 0.18254513479035445,
    "decision_cutoff_rank": 0.6126436781609195,
    "decision_cutoff_logit": -1.4991982341292611,
    "decision_cutoff_lift": 0.6632473230716212
}