{
  "task": "classification",
  "format": "onnx",
  "preset_name": "default",
  "use_linear": false,
  "n_features_in": 1792,
  "classes": [
    0,
    1
  ],
  "params": {
    "C": 1.0,
    "kernel": "rbf",
    "gamma": "scale",
    "class_weight": "balanced",
    "max_iter": 2950,
    "tol": 0.001,
    "random_state": 42,
    "use_linear": false
  },
  "profile": {
    "n_samples": 590,
    "n_features": 1792,
    "n_p_ratio": 0.32924107142857145,
    "sparsity": 0.4551566283292978,
    "is_sparse_counts": false,
    "binary_feature_fraction": 0.0005580357142857143,
    "feature_signal_strength": 0.09232210814287982,
    "feature_signal_p90": 0.20288054086807472,
    "task": "classification",
    "imbalance_ratio": 9.0,
    "y_skewness": 0.0,
    "y_all_positive": false
  },
  "portfolio_scores": {
    "heuristic": 0.9896296296296296,
    "default": 0.9896296296296296,
    "linear": 0.9940740740740741,
    "balanced_rbf": 0.9901234567901235
  },
  "decision_cutoff_raw": 0.48013834763799806,
  "decision_cutoff_raw_source": "oof_balanced_accuracy",
  "decision_cutoff_proba": 0.18679998504579332,
  "decision_cutoff_rank": 0.8845500848896435,
  "decision_cutoff_logit": -1.4709386544034264,
  "calibrator": {
    "method": "platt",
    "coef": 7.883350532292489,
    "intercept": -5.256037552829475
  },
  "ranker": {
    "knots": [
      0.1618706717321356,
      0.16314492913590248,
      0.16611646427972732,
      0.16681035654292845,
      0.16711501641074553,
      0.17314861509210366,
      0.17400216904691354,
      0.17568422687292126,
      0.17580344392653283,
      0.17780617469691315,
      0.17943811848413185,
      0.17990104380610497,
      0.1808791696598618,
      0.18099180147167862,
      0.18209015952751448,
      0.1833749908387079,
      0.18408709523004296,
      0.18429152342172062,
      0.18590633619101993,
      0.18798604516286202,
      0.18985775009640832,
      0.1910508906034845,
      0.19220899458844576,
      0.19305892180824957,
      0.19352243454834303,
      0.19454207649818117,
      0.19501280383775238,
      0.19507563645792533,
      0.19515857672451178,
      0.19532885818550064,
      0.195540505808369,
      0.1961331430758474,
      0.1964320877095408,
      0.19670206595256948,
      0.19709083132819086,
      0.19731199248390854,
      0.19741969608007112,
      0.19756632516046724,
      0.19800286023067104,
      0.19832665266990276,
      0.19860895142687549,
      0.19875146201643107,
      0.19911360334951225,
      0.19961603075137505,
      0.19987174193793375,
      0.2004549523708155,
      0.2013008536486891,
      0.20134758657431615,
      0.20138000112621282,
      0.2014165130455802,
      0.20151390025798963,
      0.20312937462646308,
      0.2032148269717936,
      0.20445408894883296,
      0.20490311070988304,
      0.20530026109776178,
      0.20594689319662488,
      0.20606921468550263,
      0.2066681061985662,
      0.20700098657551724,
      0.20718184568971623,
      0.20780677276646786,
      0.20800664374450395,
      0.20806042221852025,
      0.20807771174760417,
      0.2083413704462044,
      0.20838233119003763,
      0.20896518809488274,
      0.20915690487989905,
      0.21029777102209143,
      0.2103820633520748,
      0.21056771975523586,
      0.21058828175044225,
      0.21071236695078743,
      0.21082542128878518,
      0.2111388388982673,
      0.21139471056044737,
      0.21162623590132887,
      0.21187157931920175,
      0.21205962932621877,
      0.21218340988386,
      0.2122246792217442,
      0.21241862596313463,
      0.21257744080250723,
      0.21264690145382792,
      0.2127208544856711,
      0.21279846442200387,
      0.21307057260533577,
      0.2134207623534455,
      0.2134871598984288,
      0.21372032603327676,
      0.21449683690126614,
      0.21462896007774235,
      0.21478112910297628,
      0.2151079766477997,
      0.21538945099671628,
      0.21548137821320812,
      0.21593283566021237,
      0.21605765815988048,
      0.21626296731405253,
      0.21653290793945584,
      0.21666542293922356,
      0.21676600155664041,
      0.21681008379215036,
      0.21730390089599325,
      0.21737442202091498,
      0.21745411995804143,
      0.21799475108253974,
      0.21814284821636185,
      0.2183598645686783,
      0.21916063348537096,
      0.21965617512299063,
      0.21976068782700123,
      0.21996878368212447,
      0.22043280877595373,
      0.22059463406541663,
      0.22104593013801924,
      0.22135757706677098,
      0.22143608506718496,
      0.2221225495030019,
      0.22236583988030417,
      0.22252948357978272,
      0.22294750976196212,
      0.22295873281714382,
      0.2229987860988991,
      0.22309628355585653,
      0.22334583591310983,
      0.22337114852848702,
      0.22366695461459252,
      0.22435221693694174,
      0.22473255790844893,
      0.22477577621330894,
      0.22483420119893452,
      0.2248878241335313,
      0.22509232432847034,
      0.225328159842669,
      0.22597593512833677,
      0.22604641166213071,
      0.22612514579328782,
      0.22613692627150336,
      0.22639124504063857,
      0.22642448218511205,
      0.22655010960471972,
      0.2266619493323295,
      0.22671192706750348,
      0.22672704141335143,
      0.22756596989027178,
      0.22767889498238333,
      0.22796970457427412,
      0.22858549692188723,
      0.2293598610528833,
      0.22963369984569665,
      0.22966508059412893,
      0.229829967662542,
      0.2305437268623458,
      0.2305528590370565,
      0.23114651991427615,
      0.23121780329370012,
      0.2313322014744769,
      0.2313965731535921,
      0.231460428301805,
      0.23203923057196155,
      0.23217927209235625,
      0.23218682349359307,
      0.23251113144598917,
      0.23256477966539169,
      0.23274208112935615,
      0.233358812274465,
      0.2334712246155143,
      0.23363788312129788,
      0.23368833550313783,
      0.233989664776982,
      0.23434515023534994,
      0.23438253704067355,
      0.23468593941065166,
      0.23478115447493922,
      0.23518796096358563,
      0.23521619038411964,
      0.2352950753215015,
      0.2354003170660769,
      0.23549231529973322,
      0.23549863764392032,
      0.23571006234997122,
      0.23585576309398446,
      0.23590630082056996,
      0.2359565066437577,
      0.23623957068149362,
      0.23624927102723015,
      0.2363020237788417,
      0.23658930389178962,
      0.23663294990850844,
      0.23669212272616716,
      0.23675198605783265,
      0.23681026931353202,
      0.23690688739341345,
      0.23691266452739648,
      0.23695569045383652,
      0.23697130566098182,
      0.2373456933248185,
      0.23778095644313152,
      0.23792946309233237,
      0.23836408822587724,
      0.2383761821711968,
      0.23844072476882805,
      0.23862509499784101,
      0.2386755281025043,
      0.2387188195426522,
      0.23876629289991505,
      0.23888068172456883,
      0.23903205019211318,
      0.23926056104828042,
      0.23960586971238965,
      0.2397879805235108,
      0.23991396073912158,
      0.24054251750055175,
      0.24058512261227366,
      0.24074362053454282,
      0.24096728931420874,
      0.24109970301190245,
      0.24180377320769525,
      0.24192150520204098,
      0.24201215337799592,
      0.24218659289651479,
      0.2423570557020561,
      0.24289867767140516,
      0.24308482685732347,
      0.24348097174880298,
      0.24371754569960305,
      0.24397303695284597,
      0.24410222519186253,
      0.2441961602895495,
      0.2445992788362368,
      0.24460782275719248,
      0.2459793428489005,
      0.2460862635586749,
      0.2461755495819211,
      0.24677303499439512,
      0.24688432796626,
      0.2469020681734505,
      0.246984799149242,
      0.24712138193547836,
      0.24712502525321373,
      0.24735491742744634,
      0.2474181125437985,
      0.24769920242635068,
      0.24775611166470274,
      0.24777700291401258,
      0.2480009937885315,
