{
  "task": "classification",
  "format": "onnx",
  "preset_name": "default",
  "use_linear": false,
  "n_features_in": 1784,
  "classes": [
    0,
    1
  ],
  "params": {
    "C": 1.0,
    "kernel": "rbf",
    "gamma": "scale",
    "class_weight": "balanced",
    "max_iter": 2950,
    "tol": 0.001,
    "random_state": 42,
    "use_linear": false
  },
  "profile": {
    "n_samples": 590,
    "n_features": 1784,
    "n_p_ratio": 0.3307174887892377,
    "sparsity": 0.44812932279395,
    "is_sparse_counts": false,
    "binary_feature_fraction": 0.0005605381165919282,
    "feature_signal_strength": 0.09936691766929562,
    "feature_signal_p90": 0.2162312211635782,
    "task": "classification",
    "imbalance_ratio": 9.0,
    "y_skewness": 0.0,
    "y_all_positive": false
  },
  "portfolio_scores": {
    "heuristic": 0.9891358024691358,
    "default": 0.9891358024691358,
    "linear": 0.9901234567901234,
    "balanced_rbf": 0.9881481481481481
  },
  "decision_cutoff_raw": 0.4743626473430721,
  "decision_cutoff_raw_source": "oof_balanced_accuracy",
  "decision_cutoff_proba": 0.17785568727955486,
  "decision_cutoff_rank": 0.8845500848896435,
  "decision_cutoff_logit": -1.530943466727432,
  "calibrator": {
    "method": "platt",
    "coef": 7.902490362798425,
    "intercept": -5.2795897158276075
  },
  "ranker": {
    "knots": [
      0.16287895202401756,
      0.16491220277110163,
      0.16638303661545376,
      0.17019005670147241,
      0.17135493673967198,
      0.17186420393048998,
      0.17331299638428815,
      0.1740863844113601,
      0.17664860980663571,
      0.1783011476388239,
      0.17868601680310497,
      0.17873689319642058,
      0.17994033133844045,
      0.1815655519878457,
      0.18364046602287076,
      0.18376191606348324,
      0.18414937535153278,
      0.18535145530267402,
      0.18648090954998003,
      0.18728318895101764,
      0.18842077699260665,
      0.1931981126131111,
      0.19320316261936632,
      0.19426659863816942,
      0.1945649860918193,
      0.1960841094173174,
      0.1962774105914041,
      0.19644848422977643,
      0.19699582854468,
      0.1977509604160274,
      0.1981671053437716,
      0.19865991430231864,
      0.19954468493010952,
      0.20182411515906076,
      0.20224642383318886,
      0.20264682306555012,
      0.20282528035346487,
      0.20290261682627106,
      0.20303350048649127,
      0.20309644205690738,
      0.20319036569509288,
      0.2034284632028028,
      0.20430052043918107,
      0.20461290352361364,
      0.20485968414099934,
      0.20492226228986307,
      0.20568912899710717,
      0.20580309028744548,
      0.20672222859859876,
      0.20687150756393152,
      0.2073774570183622,
      0.20842296486212797,
      0.20892924565028628,
      0.2096868870231988,
      0.20973992814098363,
      0.20986479439697142,
      0.21004103047059597,
      0.21025644706393426,
      0.21048431049473537,
      0.21105186179743313,
      0.21105962034745318,
      0.21107761762097185,
      0.21134051120733438,
      0.21170515702133805,
      0.2119166968420321,
      0.21200164707961483,
      0.2126917642266911,
      0.21335848166680443,
      0.2136856479471124,
      0.2141888384417928,
      0.21493028370958722,
      0.21503906895384695,
      0.21530467182985538,
      0.2153795871622648,
      0.21554852199642116,
      0.21566811222074475,
      0.21570449409730458,
      0.2158768841736981,
      0.21594646368007403,
      0.21614081836034002,
      0.21658832612140447,
      0.2166326044049857,
      0.21673985730977546,
      0.21702546164018827,
      0.2173368528373829,
      0.21745022341507683,
      0.21772751136929971,
      0.21848053145310406,
      0.21859740223615304,
      0.21865398300142772,
      0.21925779599679648,
      0.21947957048754393,
      0.21954226541004557,
      0.2198023966093181,
      0.2201723378333194,
      0.22049357195596386,
      0.22098553934346568,
      0.22124693521374042,
      0.22149100500352034,
      0.22158223993836382,
      0.22184012702023256,
      0.2219419498642325,
      0.22271519855726926,
      0.2228211536788673,
      0.22315361610392673,
      0.2232108808703643,
      0.22343182058853533,
      0.22379187364252287,
      0.22397063577940382,
      0.22413020553712273,
      0.22414750122843136,
      0.22424681703262053,
      0.22428807924512514,
      0.22478068862965803,
      0.22489113251908235,
      0.22530215973528137,
      0.2255072938621747,
      0.22564146026513088,
      0.22581133726297728,
      0.22585581945749325,
      0.225906657485627,
      0.22612366110406185,
      0.22613521736898748,
      0.22650982029455444,
      0.2267799700011768,
      0.22705573551518735,
      0.2277375720744783,
      0.22783107169778236,
      0.2280129514249736,
      0.22804020654986595,
      0.22805036616446073,
      0.22818379296471705,
      0.22826538612926228,
      0.2284289146523042,
      0.22866205353262134,
      0.22912896139899042,
      0.2291505627262722,
      0.22950674396989537,
      0.2299733227265061,
      0.23049106800499738,
      0.23049774560156128,
      0.2306082328899145,
      0.23131534585885602,
      0.2314268200213169,
      0.23147089796909046,
      0.2315084829198667,
      0.23161284918060615,
      0.23173859137459937,
      0.23226606467413163,
      0.2329964874586712,
      0.23300330886905407,
      0.23341182993156703,
      0.2335143701128433,
      0.23356804018013566,
      0.2336545490261318,
      0.23398242170281228,
      0.23410324975922703,
      0.23435232954981047,
      0.23459866360689555,
      0.23463979907201638,
      0.2348855898115052,
      0.235103735717506,
      0.2354466931295327,
      0.23550115597996446,
      0.23575237742305702,
      0.2361818679438,
      0.23620897605131094,
      0.2362262856581597,
      0.23633584331706523,
      0.23644200514575803,
      0.23651232379870696,
      0.23660488983545666,
      0.2367113379647711,
      0.23702204038150793,
      0.23722028539971352,
      0.23765579349810326,
      0.2379105523003353,
      0.23810735299135072,
      0.23833318102224138,
      0.23836128330937395,
      0.23873421934554606,
      0.23873980515224233,
      0.23883892119676073,
      0.23885863572681268,
      0.23896168771401888,
      0.23904350347033293,
      0.2391109739921868,
      0.23927032116468167,
      0.2393521142178219,
      0.2394030978397034,
      0.23941544728629593,
      0.23955376434572473,
      0.23974976481339938,
      0.2403295303125749,
      0.24053929423214332,
      0.24060708986243595,
      0.2406885920624277,
      0.24093306598974978,
      0.2409874393389967,
      0.24109983933810025,
      0.2411191659967728,
      0.24127438932772596,
      0.24138722974652824,
      0.24142902933559038,
      0.24183776737155988,
      0.2420143111616736,
      0.24202370534462853,
      0.242143026140706,
      0.2423220621888972,
      0.24237167094198045,
      0.24275129401769546,
      0.24297693455263739,
      0.24343103603967176,
      0.24360203485152396,
      0.243655584934224,
      0.24381427196394972,
      0.24382886273201348,
      0.2438834425706684,
      0.2438864798420384,
      0.24405479827554924,
      0.24414737866479877,
      0.24431130373392013,
      0.24447278097976105,
      0.24451454147791588,
      0.24459291264938973,
      0.24467009766453673,
      0.24511705767312628,
      0.2451655302849277,
      0.24517444516940975,
      0.24568110032084375,
      0.24576691830908945,
      0.24593234508425663,
      0.24612383571245894,
      0.24617785241443077,
      0.24667768816980112,
      0.2466852639183127,
      0.24672960953250295,
      0.2467655062480339,
      0.24726512343398083,
      0.2476081447775269,
      0.2477949318541885,
      0.24808665346842504,
      0.24825105764987324,
      0.24836059689204898,
      0.24845246957681016,
      0.24967628452600765,
      0.2499863853172056,
      0.2500346657635248,
      0.2501347596924651,
