{
  "task": "classification",
  "format": "onnx",
  "preset_name": "default",
  "best_iteration": 99,
  "params": {
    "tree_method": "hist",
    "device": "cpu",
    "learning_rate": 0.3,
    "max_depth": 6,
    "min_child_weight": 1,
    "subsample": 1.0,
    "colsample_bytree": 1.0,
    "reg_alpha": 0.0,
    "reg_lambda": 1.0,
    "max_bin": 256,
    "n_estimators": 2000,
    "early_stopping_rounds": 50,
    "nthread": 64,
    "objective": "binary:logistic",
    "scale_pos_weight": 9.0,
    "eval_metric": "auc"
  },
  "profile": {
    "n_samples": 590,
    "n_features": 1792,
    "n_p_ratio": 0.32924107142857145,
    "sparsity": 0.4551566283292978,
    "is_sparse_counts": false,
    "binary_feature_fraction": 0.0005580357142857143,
    "feature_signal_strength": 0.09232210814287982,
    "feature_signal_p90": 0.20288054086807472,
    "task": "classification",
    "imbalance_ratio": 9.0,
    "y_skewness": 0.0,
    "y_all_positive": false
  },
  "portfolio_scores": {
    "flaml": NaN,
    "autogluon": NaN,
    "heuristic": 0.9969924812030074,
    "default": 0.9924812030075186
  },
  "decision_cutoff_raw": 0.010098668746650219,
  "decision_cutoff_raw_source": "oof_balanced_accuracy",
  "decision_cutoff_proba": 0.023947486614501235,
  "decision_cutoff_rank": 0.8353140916808149,
  "decision_cutoff_logit": -3.7076530143409974,
  "calibrator": {
    "method": "platt",
    "coef": 5.246166633156635,
    "intercept": -3.7606323133589754
  },
  "ranker": {
    "knots": [
      0.00018076712149195373,
      0.0001872565335361287,
      0.0002148944913642481,
      0.00022404779156204313,
      0.00022433143749367446,
      0.00023326858354266733,
      0.0002333791635464877,
      0.0002495994558557868,
      0.00024978132569231093,
      0.0002718255273066461,
      0.00027413194766268134,
      0.0002754705201368779,
      0.0002758442424237728,
      0.0002766230027191341,
      0.0002766678517218679,
      0.00027693278389051557,
      0.00027703316300176084,
      0.00027885285089723766,
      0.0002852001634892076,
      0.00029138452373445034,
      0.0002920731785707176,
      0.00029548854217864573,
      0.0002963524020742625,
      0.00029716864810325205,
      0.0002975176030304283,
      0.00029776222072541714,
      0.00029821397038176656,
      0.00029912800528109074,
      0.0003049640217795968,
      0.00030919702840037644,
      0.0003135100123472512,
      0.0003153665456920862,
      0.0003215848992113024,
      0.00032192107755690813,
      0.0003240315418224782,
      0.00032451938022859395,
      0.00032455899054184556,
      0.00032543830457143486,
      0.00032589348847977817,
      0.00032676084083504975,
      0.00032703010947443545,
      0.00033294945023953915,
      0.00033346249256283045,
      0.00033540240838192403,
      0.0003362444113008678,
      0.00033657538006082177,
      0.0003366400778759271,
      0.00033668981632217765,
      0.00033690655254758894,
      0.00034067363594658673,
      0.00034442738979123533,
      0.0003448028874117881,
      0.0003465562767814845,
      0.00034790055360645056,
      0.00034832069650292397,
      0.0003483577456790954,
      0.0003487026260700077,
      0.0003507781948428601,
      0.0003591218846850097,
      0.000361011567292735,
      0.00036160953459329903,
      0.00036270570126362145,
      0.0003660651855170727,
      0.0003665762778837234,
      0.00036983969039283693,
      0.00037033786065876484,
      0.00037106426316313446,
      0.00037323959986679256,
      0.0003769653267227113,
      0.00037806405453011394,
      0.00037900914321653545,
      0.0003796926757786423,
      0.000382532540243119,
      0.0003829105116892606,
      0.0003883429162669927,
      0.00038925991975702345,
      0.0003911784733645618,
      0.00039451976772397757,
      0.0003979764587711543,
      0.0003982787602581084,
      0.00040014181286096573,
      0.0004011954297311604,
      0.0004013167053926736,
      0.00040212299791164696,
      0.0004058058257214725,
      0.0004067064437549561,
      0.00040723057463765144,
      0.0004111911985091865,
      0.00041302916361019015,
      0.00041326842620037496,
      0.0004146808059886098,
      0.00041604050784371793,
      0.0004251990176271647,
      0.0004285249160602689,
      0.00042864319402724504,
      0.0004290477081667632,
      0.000435526977526024,
      0.0004361578612588346,
      0.0004363830666989088,
      0.000439048046246171,
      0.00043914347770623863,
      0.00043992887367494404,
      0.00044180068653076887,
      0.00044601934496313334,
      0.000446999998530373,
      0.00044758478179574013,
      0.0004476396134123206,
      0.00044908036943525076,
      0.00044958022772334516,
      0.0004526712582446635,
      0.0004541312518995255,
      0.00045670929830521345,
      0.0004628346941899508,
      0.0004663212748710066,
      0.00046978407772257924,
      0.0004704540770035237,
      0.0004714257374871522,
      0.0004771872190758586,
      0.0004782184259966016,
      0.00047843586071394384,
      0.00047853621072135866,
      0.0004802242328878492,
      0.0004842705384362489,
      0.0004897807957604527,
      0.000490834005177021,
      0.0004919398343190551,
      0.0004931511357426643,
      0.000495232583489269,
      0.0004980381345376372,
      0.0004991642781533301,
      0.0005002598045393825,
      0.0005026017897762358,
      0.0005046557052992284,
      0.0005077008972875774,
      0.0005086418241262436,
      0.000511468737386167,
      0.0005126330652274191,
      0.0005129422061145306,
      0.0005132236401550472,
      0.0005136734107509255,
      0.0005151751101948321,
      0.0005177701823413372,
      0.0005189094808883965,
      0.000521005189511925,
      0.0005219324957579374,
      0.0005225611967034638,
      0.0005228929803706706,
      0.0005231467657722533,
      0.0005245733191259205,
      0.0005283824284560978,
      0.0005370295839384198,
      0.0005398365901783109,
      0.0005410193116404116,
      0.0005443296977318823,
      0.0005499226972460747,
      0.0005528542096726596,
      0.0005555413663387299,
      0.0005557066178880632,
      0.000557800056412816,
      0.0005579404532909393,
      0.0005632293177768588,
      0.0005632599350064993,
      0.0005664363270625472,
      0.0005664493073709309,
      0.0005667198565788567,
      0.0005710048717446625,
      0.0005712329293601215,
      0.0005719283944927156,
      0.0005728931864723563,
      0.0005741373170167208,
      0.0005757095059379935,
      0.000585659930948168,
      0.0005874237394891679,
      0.0005880286917090416,
      0.0005883821868337691,
      0.0005911148036830127,
      0.0005984061281196773,
      0.000600661791395396,
      0.0006024560425430536,
      0.0006051879609003663,
      0.00061282969545573,
      0.0006140542682260275,
      0.0006177998147904873,
      0.000619168858975172,
      0.0006200229981914163,
      0.0006225122488103807,
      0.0006229897844605148,
      0.0006253175088204443,
      0.0006265201373025775,
      0.000629208458121866,
      0.0006294168997555971,
      0.0006312813493423164,
      0.0006318869418464601,
      0.000632076698821038,
      0.0006335877696983516,
      0.0006347990711219609,
      0.000638449564576149,
      0.0006385375163517892,
      0.0006392304203473032,
      0.0006424567545764148,
      0.0006461130687966943,
      0.000647654349450022,
      0.0006483729230239987,
      0.0006492111133411527,
      0.0006502002943307161,
      0.0006525067728944123,
      0.0006589491968043149,
      0.0006612019496969879,
      0.0006624309462495148,
      0.0006636302568949759,
      0.0006653487216681242,
      0.0006713338079862297,
      0.0006722909747622907,
      0.0006725899875164032,
      0.0006729855667799711,
      0.0006744498386979103,
      0.0006791910855099559,
      0.0006823919829912484,
      0.0006830856436863542,
      0.0006851938087493181,
      0.0006858092965558171,
      0.0006859154673293233,
      0.0006883098394609988,
