{
  "task": "classification",
  "format": "onnx",
  "preset_name": "default",
  "best_iteration": 99,
  "params": {
    "tree_method": "hist",
    "device": "cpu",
    "learning_rate": 0.3,
    "max_depth": 6,
    "min_child_weight": 1,
    "subsample": 1.0,
    "colsample_bytree": 1.0,
    "reg_alpha": 0.0,
    "reg_lambda": 1.0,
    "max_bin": 256,
    "n_estimators": 2000,
    "early_stopping_rounds": 50,
    "nthread": 16,
    "objective": "binary:logistic",
    "scale_pos_weight": 9.0,
    "eval_metric": "auc"
  },
  "profile": {
    "n_samples": 590,
    "n_features": 1784,
    "n_p_ratio": 0.3307174887892377,
    "sparsity": 0.44812932279395,
    "is_sparse_counts": false,
    "binary_feature_fraction": 0.0005605381165919282,
    "feature_signal_strength": 0.09936691766929562,
    "feature_signal_p90": 0.2162312211635782,
    "task": "classification",
    "imbalance_ratio": 9.0,
    "y_skewness": 0.0,
    "y_all_positive": false
  },
  "portfolio_scores": {
    "flaml": NaN,
    "autogluon": NaN,
    "heuristic": 0.9971595655806182,
    "default": 0.9903091060985797
  },
  "decision_cutoff_raw": 0.009000357240438461,
  "decision_cutoff_raw_source": "oof_balanced_accuracy",
  "decision_cutoff_proba": 0.02521310152349534,
  "decision_cutoff_rank": 0.8166383701188454,
  "decision_cutoff_logit": -3.6548551203024626,
  "calibrator": {
    "method": "platt",
    "coef": 5.162318551447574,
    "intercept": -3.7013178314544337
  },
  "ranker": {
    "knots": [
      0.00019568180141504854,
      0.00020458998915273696,
      0.0002172569220419973,
      0.00021731824381276965,
      0.0002189425431424752,
      0.00021956469572614878,
      0.00022774410899728537,
      0.00022774410899728537,
      0.00023521026014350355,
      0.00024078701972030103,
      0.0002431897446513176,
      0.00024422138812951744,
      0.0002473755448590964,
      0.00025266807642765343,
      0.00026311862166039646,
      0.0002631913812365383,
      0.0002645703498274088,
      0.0002660782774910331,
      0.00026770198019221425,
      0.0002717840834520757,
      0.00027343034162186086,
      0.0002782242663670331,
      0.00027858259272761643,
      0.0002799943904392421,
      0.0002815792104229331,
      0.0002866225258912891,
      0.0002873062330763787,
      0.0002906373410951346,
      0.00029204809106886387,
      0.000297368475003168,
      0.000297368475003168,
      0.000297821854474023,
      0.00030236426391638815,
      0.0003062892355956137,
      0.00031125108944252133,
      0.0003156306338496506,
      0.00031996407778933644,
      0.0003213140007574111,
      0.00032178484252654016,
      0.00032178484252654016,
      0.0003231908194720745,
      0.00032513687619939446,
      0.0003289917658548802,
      0.00032924464903771877,
      0.00033022669958882034,
      0.0003313449560664594,
      0.0003323054115753621,
      0.0003326366131659597,
      0.00033757174969650805,
      0.00033879029797390103,
      0.0003401469439268112,
      0.00034079450415447354,
      0.00034148170379921794,
      0.0003430220822338015,
      0.00034741932176984847,
      0.0003485108900349587,
      0.0003495657001622021,
      0.0003519240708556026,
      0.00035509656299836934,
      0.00035601173294708133,
      0.00035711529199033976,
      0.0003583826473914087,
      0.00035861897049471736,
      0.0003606232057791203,
      0.0003606462269090116,
      0.0003615629975683987,
      0.00036165022174827754,
      0.00036587362410500646,
      0.0003757977392524481,
      0.00037932328996248543,
      0.0003793670330196619,
      0.00038060572114773095,
      0.0003806362219620496,
      0.000382197555154562,
      0.0003827776527032256,
      0.000383317208616063,
      0.0003834953822661191,
      0.00038381703780032694,
      0.0003866520128212869,
      0.0003874561807606369,
      0.0003890083753503859,
      0.00038911725278012455,
      0.00039213805575855076,
      0.0003931372193619609,
      0.00039407756412401795,
      0.00039631876279599965,
      0.00039731647120788693,
      0.00039784066029824317,
      0.00040046294452622533,
      0.000401007680920884,
      0.00040313435602001846,
      0.00040533707942813635,
      0.00040747952880337834,
      0.0004093920288141817,
      0.0004112429160159081,
      0.0004168782033957541,
      0.00042028704774565995,
      0.00042067220783792436,
      0.0004206850426271558,
      0.0004229237383697182,
      0.00042350651347078383,
      0.00042436973308213055,
      0.00042584032053127885,
      0.0004263813898433,
      0.0004270806675776839,
      0.0004275596875231713,
      0.000429302774136886,
      0.00043235401972196996,
      0.00043305233702994883,
      0.00043491809628903866,
      0.00043627386912703514,
      0.0004369389789644629,
      0.00043931539403274655,
      0.00044511700980365276,
      0.0004463160003069788,
      0.0004465985985007137,
      0.00044803941273130476,
      0.0004490260034799576,
      0.000454440014436841,
      0.0004546454001683742,
      0.0004581480170600116,
      0.00045890678302384913,
      0.0004598625237122178,
      0.00046445318730548024,
      0.00046900470624677837,
      0.00046917505096644163,
      0.00047118269139900804,
      0.0004757255082949996,
      0.00047592914779670537,
      0.00047633989015594125,
      0.0004774451954290271,
      0.00048455779324285686,
      0.0004866068484261632,
      0.00048675158177502453,
      0.0004893533186987042,
      0.0004901357460767031,
      0.000498351058922708,
      0.0005011384491808712,
      0.0005018578958697617,
      0.0005028210580348969,
      0.0005045198486186564,
      0.0005049692117609084,
      0.0005064256838522851,
      0.0005066098528914154,
      0.0005067083984613419,
      0.0005069523467682302,
      0.0005083447322249413,
      0.0005106194294057786,
      0.0005108275217935443,
      0.0005116518004797399,
      0.0005193979595787823,
      0.0005202533793635666,
      0.0005230278475210071,
      0.0005245325737632811,
      0.0005267573869787157,
      0.0005277371383272111,
      0.000528530275914818,
      0.0005297200405038893,
      0.0005334594170562923,
      0.0005349449347704649,
      0.0005450147436931729,
      0.0005506436573341489,
      0.0005507892929017544,
      0.0005527797038666904,
      0.0005563722806982696,
      0.0005577354459092021,
      0.0005662039620801806,
      0.0005680309841409326,
      0.0005755920428782701,
      0.000575733371078968,
      0.000575853802729398,
      0.0005764581728726625,
      0.0005770524148829281,
      0.0005774826859124005,
      0.0005780294886790216,
      0.000578909763135016,
      0.0005822440143674612,
      0.000585582631174475,
      0.0005887207225896418,
      0.0005981491995044053,
      0.000599374994635582,
      0.0006056466954760253,
      0.000605669803917408,
      0.0006081034662202001,
      0.0006096865981817245,
      0.0006101821782067418,
      0.0006149230757728219,
      0.0006160235498100519,
      0.0006174548179842532,
      0.0006174771697260439,
      0.0006209198036231101,
      0.0006221054354682565,
      0.0006241739611141384,
      0.0006249638390727341,
      0.0006250746664591134,
      0.0006266356795094907,
      0.0006269529112614691,
      0.0006307726143859327,
      0.0006376784294843674,
      0.0006392076029442251,
      0.0006589856348000467,
      0.0006609241245314479,
      0.0006609429838135839,
      0.0006636033649556339,
      0.0006657603662461042,
      0.0006685137050226331,
      0.000668676511850208,
      0.0006751141045242548,
      0.000681891746353358,
      0.0006820854032412171,
      0.0006855801912024617,
      0.0006879553548060358,
      0.0006970761460252106,
      0.0007040113559924066,
      0.0007066584075801075,
      0.0007098415517248213,
      0.0007122979732230306,
      0.0007230223855003715,
      0.0007234896766021848,
      0.0007236693636514246,
      0.000723702774848789,
      0.000723755219951272,
      0.000727313628885895,
