{
  "n_components": 45,
  "n_features_in": 2048,
  "n_cal_knots": 200,
  "cal_min": 1.8057055473327637,
  "cal_max": 50.22140884399414,
  "scaler": "standard"
}