{
  "mode": "slow",
  "descriptor_types": [
    "chemeleon",
    "morgan",
    "clamp"
  ],
  "n_compounds": 2971,
  "n_actives": 743,
  "ratio_actives": 0.25008414675193535,
  "population_prior": 0.25008414675193535,
  "portfolio": [
    "lr",
    "xgb",
    "rf",
    "svc"
  ],
  "num_batches": {
    "chemeleon": 1,
    "morgan": 1,
    "clamp": 1
  },
  "decision_cutoff_raw": 0.19458001411078832,
  "decision_cutoff_proba": 0.2657976126709863,
  "decision_cutoff_rank": 0.6274971941638608,
  "oof_aucs": {
    "chemeleon": 0.9119465701423941,
    "morgan": 0.9121900152470334,
    "clamp": 0.8962706384665012
  },
  "proxy_aucs": {
    "chemeleon": 0.7938732780638441,
    "morgan": 0.7971489134978531,
    "clamp": 0.7872573704062573
  },
  "train_aucs": {
    "chemeleon": 1.0,
    "morgan": 0.9998106202473838,
    "clamp": 0.9991588156123823
  },
  "quality_aucs": {
    "chemeleon": 0.8238931402847882,
    "morgan": 0.824569410246683,
    "clamp": 0.7933824613206202
  },
  "active_descriptors": {
    "chemeleon": true,
    "morgan": true,
    "clamp": true
  },
  "ad_hard_cutoffs": {
    "chemeleon": 0.05000000074505806,
    "morgan": 0.05000000074505806,
    "clamp": 0.05250000208616257
  },
  "rank_error_curves": {
    "chemeleon": [
      [
        0.0254173023869459,
        0.09871147749076684,
        0.1346227334897684,
        0.16220785969913945,
        0.185017256850392,
        0.2108221981951121,
        0.2376190259397278,
        0.2646382214506636,
        0.30046466407458333,
        0.33779909054119506,
        0.3795301798108592,
        0.4263071902766211,
        0.4867611940867042,
        0.5572924133357844,
        0.6454848216043104,
        0.8704358347005686,
        0.8958439525241689,
        0.9212417401832702,
        0.9534180726253048,
        0.9980003668395786
      ],
      [
        0.021818511234815798,
        0.025182555108606654,
        0.027650023338966826,
        0.030250904965110688,
        0.03299292011462381,
        0.03684751177776567,
        0.04368406308406302,
        0.05186538501843229,
        0.06030713088568755,
        0.07562607257274542,
        0.09517408582782946,
        0.11729879004532254,
        0.14714040518661198,
        0.18586949728639565,
        0.29098730391099165,
        0.31030525004048687,
        0.2631023301684566,
        0.2160369115033305,
        0.15634774941870325,
        0.11015434047100259
      ]
    ],
    "morgan": [
      [
        0.01972569361777808,
        0.08803954211019104,
        0.13067139795618282,
        0.16860248742456102,
        0.20360165806046263,
        0.23680174246034832,
        0.27485013551323656,
        0.31136980666676933,
        0.3466471362634965,
        0.390625014390321,
        0.4364914418776127,
        0.48081248846853425,
        0.5406620656255523,
        0.6209748868074252,
        0.705753841641029,
        0.8454181684431891,
        0.8804123128504375,
        0.9139761317609165,
        0.949932283731141,
        0.998769024422737
      ],
      [
        0.016469218526592375,
        0.02176192368395499,
        0.027471655309771602,
        0.03153568335151662,
        0.03814652220170464,
        0.0444421382747655,
        0.05367328182808027,
        0.060904342734070895,
        0.06986069196073978,
        0.08489519002767057,
        0.10409892978951132,
        0.1255752504553613,
        0.15853003854588815,
        0.22292770721159513,
        0.36461134903929465,
        0.39214950498009776,
        0.3072779004641898,
        0.2384753149701801,
        0.1580661772370512,
        0.07935053079903762
      ]
    ],
    "clamp": [
      [
        0.04741122894002601,
        0.14709475905849562,
        0.1889950498736857,
        0.2188474609769561,
        0.24853335590003786,
        0.27249400748929287,
        0.2949939598401011,
        0.31850118089253465,
        0.35105170494047644,
        0.38468254510465355,
        0.42707627819254085,
        0.4778733558917842,
        0.5392669074237827,
        0.6294170806959865,
        0.757701896354758,
        0.8363732076863319,
        0.8984735622661556,
        0.9376536466279236,
        0.9657774231956886,
        0.9987266475068781
      ],
      [
        0.03843771487214015,
        0.04312385230606101,
        0.046746100679795656,
        0.05179798185927563,
        0.057379190248578335,
        0.06551019925633779,
        0.07298842564844948,
        0.08312504105822324,
        0.09518736073771944,
        0.10754035611737382,
        0.1221870903205566,
        0.15475598375150382,
        0.1963662945359595,
        0.2665680344001878,
        0.4311895797300577,
        0.41315524460876746,
        0.33794773102251613,
        0.2971890863650875,
        0.24474675588814412,
        0.20374787102839229
      ]
    ]
  },
  "decision_cutoff_logit": -1.016049558098729,
  "decision_cutoff_lift": 1.0628327150006733
}