{
  "mode": "slow",
  "descriptor_types": [
    "chemeleon",
    "morgan",
    "clamp"
  ],
  "n_compounds": 2971,
  "n_actives": 743,
  "ratio_actives": 0.25008414675193535,
  "population_prior": 0.25008414675193535,
  "portfolio": [
    "lr",
    "xgb",
    "rf",
    "svc"
  ],
  "num_batches": {
    "chemeleon": 1,
    "morgan": 1,
    "clamp": 1
  },
  "decision_cutoff_raw": 0.20041959441760707,
  "decision_cutoff_proba": 0.28415531641961167,
  "decision_cutoff_rank": 0.6405443322109989,
  "oof_aucs": {
    "chemeleon": 0.906321357203438,
    "morgan": 0.9066520921781027,
    "clamp": 0.8929161703125037
  },
  "proxy_aucs": {
    "chemeleon": 0.7986733147920386,
    "morgan": 0.8021945096181959,
    "clamp": 0.7917342231866057
  },
  "train_aucs": {
    "chemeleon": 0.9999969795892725,
    "morgan": 0.9999773469195437,
    "clamp": 0.9996420813287874
  },
  "quality_aucs": {
    "chemeleon": 0.8126457348176035,
    "morgan": 0.8133268374366618,
    "clamp": 0.78619025929622
  },
  "active_descriptors": {
    "chemeleon": true,
    "morgan": true,
    "clamp": true
  },
  "ad_hard_cutoffs": {
    "chemeleon": 0.054999999701976776,
    "morgan": 0.05000000074505806,
    "clamp": 0.05000000074505806
  },
  "rank_error_curves": {
    "chemeleon": [
      [
        0.018311999499312802,
        0.10153639315434743,
        0.14600394300631286,
        0.17627482521896387,
        0.20645907027135896,
        0.23339688346205223,
        0.267281200049274,
        0.2946446774455934,
        0.33167001164433924,
        0.37104559931688996,
        0.4208603957931697,
        0.47849786917076537,
        0.5540762277798236,
        0.6261774211413826,
        0.7136893066453023,
        0.8935315428770051,
        0.915973907612454,
        0.9408476790895417,
        0.966068282946615,
        0.9987039551459949
      ],
      [
        0.0247832532429066,
        0.028844646077682817,
        0.03190157147883879,
        0.03547121927999266,
        0.04103240362709488,
        0.04950567481220182,
        0.05876201577555529,
        0.06983852082055166,
        0.08509141310700016,
        0.10301384526145703,
        0.12417880324438191,
        0.1528509642506622,
        0.191743069227377,
        0.24902803467417495,
        0.3560293473261297,
        0.27649444624718417,
        0.22632763113015192,
        0.17635059659557425,
        0.12786368085989797,
        0.09400974669476327
      ]
    ],
    "morgan": [
      [
        0.016859038830945403,
        0.10376667165362216,
        0.15696973253995491,
        0.19500829913781823,
        0.22946619042227767,
        0.26220485293416496,
        0.29400819172380116,
        0.3276687109783132,
        0.36711411893964063,
        0.40813882586870276,
        0.4478945058227338,
        0.491557256052548,
        0.5479474790229721,
        0.6142135469040455,
        0.6884293375718067,
        0.845700705658168,
        0.8752432662759614,
        0.9080257057518657,
        0.9469004579103636,
        0.9981500721161578
      ],
      [
        0.021161629877677102,
        0.02703087397003352,
        0.03371093518026083,
        0.04068736958489121,
        0.047601299032652755,
        0.05473321334163052,
        0.061742752435545396,
        0.0697432964025625,
        0.08264925543408008,
        0.09642513510315742,
        0.11295843078143965,
        0.1348230274332789,
        0.1679385504464928,
        0.2237162958579299,
        0.3485096961506642,
        0.37855514933606504,
        0.30365407527507937,
        0.23132231799124583,
        0.1589801726790803,
        0.09243504816897435
      ]
    ],
    "clamp": [
      [
        0.028976734469909986,
        0.1490039441436482,
        0.18706770949166074,
        0.2183068195570107,
        0.24700626491475064,
        0.27100478495091684,
        0.29411655212280563,
        0.3202947930344699,
        0.34732723741171156,
        0.3815670205054484,
        0.42248000424324633,
        0.47177188238596046,
        0.5284689992340591,
        0.6175381163138938,
        0.7338696289141311,
        0.8398936651691724,
        0.870331503670045,
        0.903268822944636,
        0.9459993091104633,
        0.9989012582839722
      ],
      [
        0.030898526511908997,
        0.03750513776611498,
        0.043539914270125595,
        0.05206302714215823,
        0.05927218671360923,
        0.07188446927248478,
        0.08186584036047978,
        0.09441487120071433,
        0.10137691302658007,
        0.11767051568125834,
        0.13329234587872235,
        0.16959122894859838,
        0.20196451424641462,
        0.267976795600309,
        0.4030770329949175,
        0.41916063971845147,
        0.36258204080848966,
        0.30141611513968314,
        0.2499138750856245,
        0.18969812640971853
      ]
    ]
  },
  "decision_cutoff_logit": -0.92394224358235,
  "decision_cutoff_lift": 1.1362388224531175
}