{
  "mode": "slow",
  "descriptor_types": [
    "chemeleon",
    "morgan"
  ],
  "n_compounds": 1140,
  "n_actives": 114,
  "ratio_actives": 0.1,
  "population_prior": 0.1,
  "portfolio": [
    "lr",
    "xgb",
    "rf",
    "svc"
  ],
  "num_batches": {
    "chemeleon": 1,
    "morgan": 1
  },
  "decision_cutoff_raw": 0.30408611946953173,
  "decision_cutoff_proba": 0.11239862790024667,
  "decision_cutoff_rank": 0.8811457418788411,
  "oof_aucs": {
    "chemeleon": 0.9988201497896789,
    "morgan": 0.997913888033925
  },
  "proxy_aucs": {
    "chemeleon": 0.9990082418521938,
    "morgan": 0.9992732806675558
  },
  "train_aucs": {
    "chemeleon": 1.0,
    "morgan": 1.0
  },
  "quality_aucs": {
    "chemeleon": 0.9976402995793578,
    "morgan": 0.99582777606785
  },
  "active_descriptors": {
    "chemeleon": true,
    "morgan": true
  },
  "ad_hard_cutoffs": {
    "chemeleon": 0.05000000074505806,
    "morgan": 0.05000000074505806
  },
  "rank_error_curves": {
    "chemeleon": [
      [
        0.24279261410809125,
        0.3226289894395649,
        0.34003252356874164,
        0.3572615622490542,
        0.3720859151086993,
        0.38411954773457413,
        0.38948700588233276,
        0.39361871491495654,
        0.39780546259845023,
        0.4026704414640666,
        0.4149184171715175,
        0.4377796621565851,
        0.4664853894515921,
        0.5045054667696963,
        0.5402861776676828,
        0.5774251855247092,
        0.621519416028782,
        0.7255556944463862,
        0.9353567896696132,
        0.9595848968410621
      ],
      [
        0.009215015099056116,
        0.009202214070486835,
        0.009478148494309807,
        0.009786277943194411,
        0.010073849631629703,
        0.010283547053890028,
        0.010309312256342015,
        0.010338790997702641,
        0.010325212588971393,
        0.010305669901690124,
        0.010176005330984146,
        0.01021282254918722,
        0.01016569405227598,
        0.0102153079437795,
        0.010287786411977239,
        0.010407270012501997,
        0.01043036526849122,
        0.13336049728411384,
        0.197624428802973,
        0.18145263115084528
      ]
    ],
    "morgan": [
      [
        0.1679514890171695,
        0.2217897562756626,
        0.25343532318272877,
        0.2726539101916086,
        0.2992450288581776,
        0.32192032612321964,
        0.3449778011328902,
        0.3643614565772974,
        0.3862439109821445,
        0.40653321882430093,
        0.4338502909450905,
        0.4564637226798438,
        0.4902967005186948,
        0.5198404622144255,
        0.5628910044274034,
        0.6108487329359926,
        0.6808232633113898,
        0.8732828362342702,
        0.9590443041403633,
        0.9948733468191248
      ],
      [
        0.010213786121065884,
        0.010858091229461008,
        0.01096793489592223,
        0.011463090938832868,
        0.011724432378667996,
        0.011950718770053619,
        0.012343887513363632,
        0.012337503391577421,
        0.012823330913413271,
        0.012690914591773609,
        0.012772596985685334,
        0.01300651415562331,
        0.012698966855502805,
        0.013139084139444425,
        0.01333767966842598,
        0.013774968370989614,
        0.014104432238930301,
        0.10307116855011525,
        0.11790639310589726,
        0.1059994504134354
      ]
    ]
  },
  "decision_cutoff_logit": -2.0664710068190524,
  "decision_cutoff_lift": 1.1239862790024666
}