{
  "mode": "slow",
  "descriptor_types": [
    "chemeleon",
    "morgan"
  ],
  "n_compounds": 1140,
  "n_actives": 114,
  "ratio_actives": 0.1,
  "population_prior": 0.1,
  "portfolio": [
    "lr",
    "xgb",
    "rf",
    "svc"
  ],
  "num_batches": {
    "chemeleon": 1,
    "morgan": 1
  },
  "decision_cutoff_raw": 0.2462373813428898,
  "decision_cutoff_proba": 0.06895630395270629,
  "decision_cutoff_rank": 0.8835601404741,
  "oof_aucs": {
    "chemeleon": 0.9969477788037344,
    "morgan": 0.9977001470537943
  },
  "proxy_aucs": {
    "chemeleon": 0.9981490031120687,
    "morgan": 0.9980635067200164
  },
  "train_aucs": {
    "chemeleon": 0.9999615266235764,
    "morgan": 0.9999615266235765
  },
  "quality_aucs": {
    "chemeleon": 0.9939340309838924,
    "morgan": 0.995438767484012
  },
  "active_descriptors": {
    "chemeleon": true,
    "morgan": true
  },
  "ad_hard_cutoffs": {
    "chemeleon": 0.05000000074505806,
    "morgan": 0.05000000074505806
  },
  "rank_error_curves": {
    "chemeleon": [
      [
        0.21051115986740307,
        0.30368175249404955,
        0.3240776701809266,
        0.3358929847877812,
        0.3485856104670754,
        0.35879473202863754,
        0.3662465310071657,
        0.3765607730223113,
        0.38535645809671226,
        0.3963958500894037,
        0.4064866216639434,
        0.42035131697207867,
        0.43710512530552026,
        0.45698697755677586,
        0.4862139973829223,
        0.5264743273771568,
        0.5885295760887242,
        0.7148240933177374,
        0.9463507137973929,
        0.9663639017498028
      ],
      [
        0.00937863680992741,
        0.009468862037418889,
        0.009774276931979629,
        0.00995199062174994,
        0.009932026760917305,
        0.010085930770406999,
        0.010064265743912127,
        0.010166510745727208,
        0.01007275633576686,
        0.010140283471680138,
        0.010156061815090607,
        0.010186656520491742,
        0.010206896188048393,
        0.010176065003963177,
        0.010210248854567576,
        0.010186184699847266,
        0.010327819117933118,
        0.13689174989727118,
        0.1803329702630917,
        0.16887249625249998
      ]
    ],
    "morgan": [
      [
        0.18186274479782885,
        0.29447571009058826,
        0.32860604377151253,
        0.3575203388305464,
        0.38198080829063585,
        0.4022143734445207,
        0.42582638091269687,
        0.44491743530889716,
        0.46288401163263526,
        0.4853954791246737,
        0.5041570039861765,
        0.5242072574895373,
        0.5474193392514793,
        0.5713352341779099,
        0.603812437342568,
        0.6485126892012489,
        0.7075898376173235,
        0.8742080395520977,
        0.9651807241203262,
        0.9997515225763648
      ],
      [
        0.01050580892633285,
        0.010965822835735089,
        0.011180640628872916,
        0.01141150740554533,
        0.011733155648312944,
        0.011914832492201223,
        0.012379828745615017,
        0.012317592899503847,
        0.012743837509718848,
        0.012726758385282512,
        0.013240953096170916,
        0.012953913192524178,
        0.013900650752206659,
        0.016657769278675065,
        0.013412694197154467,
        0.014630669858561304,
        0.014795907665945216,
        0.12038974952889851,
        0.12269517261832029,
        0.11222991906985758
      ]
    ]
  },
  "decision_cutoff_logit": -2.602833182759978,
  "decision_cutoff_lift": 0.6895630395270628
}