{
  "n_components": 27,
  "n_features_in": 768,
  "n_cal_knots": 200,
  "cal_min": 2.7795639038085938,
  "cal_max": 9.30005931854248,
  "scaler": "standard"
}