{
  "n_components": 27,
  "n_features_in": 768,
  "n_cal_knots": 200,
  "cal_min": 3.3441414833068848,
  "cal_max": 10.508410453796387,
  "scaler": "standard"
}