{
  "n_components": 45,
  "n_features_in": 2048,
  "n_cal_knots": 200,
  "cal_min": 2.617999792098999,
  "cal_max": 23.59755516052246,
  "scaler": "standard"
}