{
  "n_components": 45,
  "n_features_in": 2048,
  "n_cal_knots": 200,
  "cal_min": 2.464279890060425,
  "cal_max": 23.936336517333984,
  "scaler": "standard"
}