{
    "portfolio": [
        "lr",
        "xgb",
        "rf",
        "svc"
    ],
    "max_batch_size": 100000,
    "max_imbalance_ratio": 100,
    "num_batches": 1,
    "population_prior": 0.1,
    "batch_priors": [
        0.1
    ],
    "decision_cutoff_raw": 0.630408640103127,
    "decision_cutoff_proba": 0.28165057863748855,
    "decision_cutoff_rank": 0.9267050487156776,
    "decision_cutoff_logit": -0.9362888901528097,
    "decision_cutoff_lift": 2.8165057863748855
}