{
    "portfolio": [
        "lr",
        "xgb",
        "rf",
        "svc"
    ],
    "max_batch_size": 100000,
    "max_imbalance_ratio": 100,
    "num_batches": 1,
    "population_prior": 0.1,
    "batch_priors": [
        0.1
    ],
    "decision_cutoff_raw": 0.6171631124603574,
    "decision_cutoff_proba": 0.29103674323933015,
    "decision_cutoff_rank": 0.9260407440212577,
    "decision_cutoff_logit": -0.8903541765283743,
    "decision_cutoff_lift": 2.9103674323933015
}