{
  "n_components": 27,
  "n_features_in": 768,
  "n_cal_knots": 200,
  "cal_min": 3.1935133934020996,
  "cal_max": 9.299084663391113,
  "scaler": "standard"
}