{
    "portfolio": [
        "lr",
        "xgb",
        "rf",
        "svc"
    ],
    "max_batch_size": 100000,
    "max_imbalance_ratio": 100,
    "num_batches": 1,
    "population_prior": 0.5,
    "batch_priors": [
        0.5
    ],
    "decision_cutoff_raw": 0.5677528490028181,
    "decision_cutoff_proba": 0.5154431839111511,
    "decision_cutoff_rank": 0.4397083722243065,
    "decision_cutoff_logit": 0.061792389960785066,
    "decision_cutoff_lift": 1.0308863678223021
}