{
    "portfolio": [
        "lr",
        "xgb",
        "rf",
        "svc"
    ],
    "max_batch_size": 100000,
    "max_imbalance_ratio": 100,
    "num_batches": 1,
    "population_prior": 0.1,
    "batch_priors": [
        0.1
    ],
    "decision_cutoff_raw": 0.2796504143964588,
    "decision_cutoff_proba": 0.10231631303314159,
    "decision_cutoff_rank": 0.8646010186757216,
    "decision_cutoff_logit": -2.171748641631199,
    "decision_cutoff_lift": 1.023163130331416
}