{
    "portfolio": [
        "lr",
        "xgb",
        "rf",
        "svc"
    ],
    "max_batch_size": 100000,
    "max_imbalance_ratio": 100,
    "num_batches": 1,
    "population_prior": 0.1,
    "batch_priors": [
        0.1
    ],
    "decision_cutoff_raw": 0.2921585455237839,
    "decision_cutoff_proba": 0.11337027795356645,
    "decision_cutoff_rank": 0.8701188455008488,
    "decision_cutoff_logit": -2.0567681876098614,
    "decision_cutoff_lift": 1.1337027795356645
}