{
    "portfolio": [
        "lr",
        "xgb",
        "rf",
        "svc"
    ],
    "max_batch_size": 100000,
    "max_imbalance_ratio": 100,
    "num_batches": 1,
    "population_prior": 0.27522935779816515,
    "batch_priors": [
        0.27522935779816515
    ],
    "decision_cutoff_raw": 0.20731129701948947,
    "decision_cutoff_proba": 0.14479434211808898,
    "decision_cutoff_rank": 0.5557471264367815,
    "decision_cutoff_logit": -1.776027570129013,
    "decision_cutoff_lift": 0.5260861096957232
}