{
    "portfolio": [
        "lr",
        "xgb",
        "rf",
        "svc"
    ],
    "max_batch_size": 100000,
    "max_imbalance_ratio": 100,
    "num_batches": 1,
    "population_prior": 0.27522935779816515,
    "batch_priors": [
        0.27522935779816515
    ],
    "decision_cutoff_raw": 0.20876136654265354,
    "decision_cutoff_proba": 0.16159849264483922,
    "decision_cutoff_rank": 0.553448275862069,
    "decision_cutoff_logit": -1.6463822931094876,
    "decision_cutoff_lift": 0.5871411899429158
}