{
    "portfolio": [
        "lr",
        "xgb",
        "rf",
        "svc"
    ],
    "max_batch_size": 100000,
    "max_imbalance_ratio": 100,
    "num_batches": 1,
    "population_prior": 0.4153846153846154,
    "batch_priors": [
        0.4153846153846154
    ],
    "decision_cutoff_raw": 0.46278989740221116,
    "decision_cutoff_proba": 0.41955649562799746,
    "decision_cutoff_rank": 0.5290697674418604,
    "decision_cutoff_logit": -0.32459428347980673,
    "decision_cutoff_lift": 1.0100434154007345
}