{
    "portfolio": [
        "lr",
        "xgb",
        "rf",
        "svc"
    ],
    "max_batch_size": 100000,
    "max_imbalance_ratio": 100,
    "num_batches": 1,
    "population_prior": 0.1,
    "batch_priors": [
        0.1
    ],
    "decision_cutoff_raw": 0.2466442324189667,
    "decision_cutoff_proba": 0.07679603388948215,
    "decision_cutoff_rank": 0.8679966044142614,
    "decision_cutoff_logit": -2.4866971950354335,
    "decision_cutoff_lift": 0.7679603388948215
}