{
    "portfolio": [
        "lr",
        "xgb",
        "rf",
        "svc"
    ],
    "max_batch_size": 100000,
    "max_imbalance_ratio": 100,
    "num_batches": 1,
    "population_prior": 0.1,
    "batch_priors": [
        0.1
    ],
    "decision_cutoff_raw": 0.3347916909648229,
    "decision_cutoff_proba": 0.14935167705097901,
    "decision_cutoff_rank": 0.8824278438030561,
    "decision_cutoff_logit": -1.739695018034735,
    "decision_cutoff_lift": 1.49351677050979
}