{
  "n_components": 14,
  "n_features_in": 217,
  "n_cal_knots": 200,
  "cal_min": 1.4780418872833252,
  "cal_max": 11.561190605163574,
  "scaler": "standard"
}