{
  "n_components": 45,
  "n_features_in": 2048,
  "n_cal_knots": 200,
  "cal_min": 2.785041093826294,
  "cal_max": 11.302413940429688,
  "scaler": "standard"
}