{
    "portfolio": [
        "xgb",
        "rf"
    ],
    "max_batch_size": 100000,
    "max_imbalance_ratio": 100,
    "num_batches": 1,
    "population_prior": 0.01943145016192875,
    "batch_priors": [
        0.01943145016192875
    ],
    "decision_cutoff_raw": 0.043683811808347246,
    "decision_cutoff_proba": 0.008873704614963644,
    "decision_cutoff_rank": 0.9317977325895267,
    "decision_cutoff_logit": -4.715749602745123,
    "decision_cutoff_lift": 0.45666713194414754
}