{
  "n_components": 45,
  "n_features_in": 2048,
  "n_cal_knots": 200,
  "cal_min": 3.086606979370117,
  "cal_max": 20.666217803955078,
  "scaler": "standard"
}