{
  "task": "classification",
  "format": "onnx",
  "preset_name": "default",
  "use_linear": false,
  "n_features_in": 870,
  "classes": [
    0,
    1
  ],
  "params": {
    "C": 1.0,
    "kernel": "rbf",
    "gamma": "scale",
    "class_weight": "balanced",
    "max_iter": 1330,
    "tol": 0.001,
    "random_state": 42,
    "use_linear": false
  },
  "profile": {
    "n_samples": 266,
    "n_features": 870,
    "n_p_ratio": 0.3057471264367816,
    "sparsity": 0.948163512228848,
    "is_sparse_counts": false,
    "binary_feature_fraction": 0.8149425287356322,
    "feature_signal_strength": 0.11675474174804068,
    "feature_signal_p90": 0.24812990133505838,
    "task": "classification",
    "imbalance_ratio": 1.0,
    "y_skewness": 0.0,
    "y_all_positive": false
  },
  "portfolio_scores": {
    "heuristic": 0.9466666666666668,
    "default": 0.9644444444444444,
    "linear": 0.9733333333333334,
    "balanced_rbf": 0.9288888888888889
  },
  "decision_cutoff_raw": 0.37546997447149494,
  "decision_cutoff_raw_source": "oof_balanced_accuracy",
  "decision_cutoff_proba": 0.30502946344621484,
  "decision_cutoff_rank": 0.44150943396226416,
  "decision_cutoff_logit": -0.8234610778135831,
  "calibrator": {
    "method": "platt",
    "coef": 6.413112138731324,
    "intercept": -3.231392128825868
  },
  "ranker": {
    "knots": [
      0.22529439816510935,
      0.23458493286434415,
      0.23798040131519946,
      0.23952177959380253,
      0.24131623369401523,
      0.24217182002008097,
      0.24483048892946677,
      0.24485352697635,
      0.24626625683192152,
      0.24853601168872574,
      0.25058436698058756,
      0.25119849896729424,
      0.25187965259232387,
      0.25697799325962906,
      0.25894759265428074,
      0.2594849578010986,
      0.2619613231937252,
      0.26256532852178904,
      0.2632752952099792,
      0.26381522432813787,
      0.26525415864011254,
      0.2654109379115768,
      0.26638699583744657,
      0.26661686111865174,
      0.26717680183414244,
      0.2676787024660382,
      0.2679591033609553,
      0.26803940953212085,
      0.2684417405980055,
      0.2691210670399343,
      0.2696079922447,
      0.2697650035709848,
      0.2698671162917895,
      0.27019530335984315,
      0.2703844818782816,
      0.2704639297314306,
      0.27056839951368117,
      0.2710372185200369,
      0.2710679238773637,
      0.27115143620154925,
      0.2713896063826759,
      0.2715162484834543,
      0.27181661192449735,
      0.2721237381770656,
      0.2723281968677036,
      0.2727782742702474,
      0.272846958543956,
      0.273010097319057,
      0.2732519242815829,
      0.27394608403075676,
      0.2765282308071778,
      0.2770463785160574,
      0.2776992823229275,
      0.2779988349340882,
      0.27869583025662253,
      0.2787101132859527,
      0.2787794488084357,
      0.2803635512132397,
      0.28185332207664804,
      0.28258512876479686,
      0.28300420599277754,
      0.2835730092604972,
      0.2840060696472462,
      0.28430912587425333,
      0.2847149120182636,
      0.28488390800266333,
      0.28514531420523315,
      0.28568839933677465,
      0.2860508242418501,
      0.28666692762555107,
      0.28679880828772314,
      0.2871733885450276,
      0.2872454779159272,
      0.2875426865628306,
      0.2884702395255709,
      0.2887061260731363,
      0.28907962124881076,
      0.29024447425464456,
      0.290817126889476,
      0.2910852174009631,
      0.29204905974729284,
      0.29231788866484254,
      0.2927459487388807,
      0.2928239005702138,
      0.2930441087060978,
      0.29338861698620505,
      0.29710339563075466,
      0.2972485431468325,
      0.29979853954016566,
      0.3010314706072574,
      0.3019016820810987,
      0.3022669329490494,
      0.30286172105136294,
      0.3031547431372104,
      0.3034905148576337,
      0.30581541363200815,
      0.30652258503431545,
      0.3077824730339887,
      0.3080322727790094,
      0.3083439014202904,
      0.3105321589401326,
      0.3110598678094264,
      0.31263744980756925,
      0.3155028078583474,
      0.3215318952395882,
      0.3218934643188601,
      0.3243931555241749,
      0.32505345306980843,
      0.3287193857096483,
      0.3320681905647093,
      0.3339956072858946,
      0.34617676124277785,
      0.34678159652943524,
      0.35952586569480605,
      0.3604425942829279,
      0.3680758902662419,
      0.37139986203775266,
      0.37546997447149494,
      0.4018362153289579,
      0.42912459595430646,
      0.4346515049509167,
      0.4403770633017782,
      0.4497799529449287,
      0.45432285843604603,
      0.4565614051805953,
      0.48146604708617274,
      0.4821747482030184,
      0.5396648307382574,
      0.5422434011140382,
      0.5556956731849226,
      0.5643059656298265,
      0.5773748538499365,
      0.5814002100603378,
      0.5883316392313952,
      0.5885092934566853,
      0.58895910871503,
      0.597286525927329,
      0.6047413847740051,
      0.6077986907743521,
      0.6103360333225195,
      0.6128405182974977,
      0.6164707133543474,
      0.6189379227992003,
      0.6209899941644387,
      0.6226743574375244,
      0.6234479289821326,
      0.6240865061428211,
      0.6242789291291705,
      0.6248953672506965,
      0.626548500379594,
      0.6272678457833026,
      0.6345879633878874,
      0.6357140543057123,
      0.6360349832704563,
      0.636350551780133,
      0.6429818612658473,
      0.6441857884533594,
      0.6482198133419648,
      0.6506484018395988,
      0.652610825587533,
      0.6534199671121644,
      0.653850087587794,
      0.6545836286933563,
      0.6571277278006675,
      0.6602033636772819,
      0.6611875772097594,
      0.6621812897792849,
      0.6628748231768226,
      0.6634942323467798,
      0.6659625131297275,
      0.6703035640363233,
      0.6709260896546939,
      0.6711183319881363,
      0.6728701396611939,
      0.6738657564530863,
      0.676636198018591,
      0.6767859641157496,
      0.6798038667915152,
      0.6818735436144268,
      0.6830187117386437,
      0.6849649921867239,
      0.6857510282393378,
      0.6861066245178382,
      0.6881461968255376,
      0.6885165956282817,
      0.6887779129619582,
      0.6890130604327838,
      0.6899018627109149,
      0.6910090900436177,
      0.6918042562839428,
      0.6940908108561481,
      0.6962124790768327,
      0.6964545349126714,
      0.7025421970934651,
      0.7028258849444915,
      0.7033777591426144,
      0.7037520282492967,
      0.7042502940023426,
      0.7046686228087617,
      0.7053645629451967,
      0.7060661003418757,
      0.7067938204114687,
      0.7068614824523806,
      0.7072265867657764,
      0.7101177601587471,
      0.7117502689081114,
      0.7119520914671347,
      0.712247108962609,
      0.7133288926980571,
      0.7137927065985108,
      0.7138931920689503,
      0.7139919661314268,
      0.7140880972575585,
      0.7140972233025681,
      0.7160930799235022,
      0.7161690064592922,
      0.7162908881959807,
      0.7164356039998012,
      0.716857048432933,
      0.7174142268477519,
      0.7182573625184867,
      0.7187811902208344,
      0.7189251357905977,
      0.7196446359102955,
      0.7207121128272435,
      0.7218662619930493,
      0.723121067221025,
      0.7250899536114357,
      0.7251513616441987,
      0.7270428264561839,
      0.7270939990626053,
      0.728044744167666,
      0.7281951243524232,
      0.7287099716322627,
      0.7307748848357354,
      0.731055134945844,
      0.7310897016025194,
      0.7322832597396262,
      0.7325045332611407,
      0.7328180819943381,
      0.7331609509589891,
      0.7352762009966317,
      0.7353286594322423,
      0.736076023409986,
      0.7363723417719535,
      0.7366594229037783,
      0.7371807572404775,
      0.73781384999807,
      0.7408935662990446,
      0.7435791891627144,
      0.7458344392692752,
      0.7468006451402417,
      0.7468964602322568,
      0.7471805893375713,
