{
  "task": "classification",
  "format": "onnx",
  "preset_name": "default",
  "best_iteration": 99,
  "params": {
    "tree_method": "hist",
    "device": "cpu",
    "learning_rate": 0.3,
    "max_depth": 6,
    "min_child_weight": 1,
    "subsample": 1.0,
    "colsample_bytree": 1.0,
    "reg_alpha": 0.0,
    "reg_lambda": 1.0,
    "max_bin": 256,
    "n_estimators": 2000,
    "early_stopping_rounds": 50,
    "nthread": 56,
    "objective": "binary:logistic",
    "scale_pos_weight": 1.0,
    "eval_metric": "auc"
  },
  "profile": {
    "n_samples": 266,
    "n_features": 870,
    "n_p_ratio": 0.3057471264367816,
    "sparsity": 0.948163512228848,
    "is_sparse_counts": false,
    "binary_feature_fraction": 0.8149425287356322,
    "feature_signal_strength": 0.11675474174804068,
    "feature_signal_p90": 0.24812990133505838,
    "task": "classification",
    "imbalance_ratio": 1.0,
    "y_skewness": 0.0,
    "y_all_positive": false
  },
  "portfolio_scores": {
    "flaml": NaN,
    "autogluon": NaN,
    "heuristic": 0.9785185185185186,
    "default": 0.9814814814814815
  },
  "decision_cutoff_raw": 0.348644882440567,
  "decision_cutoff_raw_source": "oof_balanced_accuracy",
  "decision_cutoff_proba": 0.3138196395581545,
  "decision_cutoff_rank": 0.45660377358490567,
  "decision_cutoff_logit": -0.7823220846976054,
  "calibrator": {
    "method": "platt",
    "coef": 4.406695555544946,
    "intercept": -2.3186939386119425
  },
  "ranker": {
    "knots": [
      0.00016209356545004994,
      0.00020525352738332003,
      0.00020699384913314134,
      0.00025603987160138786,
      0.00025807161000557244,
      0.0002753103617578745,
      0.0003149741096422076,
      0.0003169997362419963,
      0.0003717864165082574,
      0.0003766319714486599,
      0.00041737561696209013,
      0.0004250755882821977,
      0.0004413191636558622,
      0.0004516695917118341,
      0.00045471606426872313,
      0.00045471606426872313,
      0.00046378574916161597,
      0.0004997765063308179,
      0.0005131304496899247,
      0.0005347700789570808,
      0.0005690559628419578,
      0.0005919867544434965,
      0.0005919867544434965,
      0.0005940095288679004,
      0.0006016816478222609,
      0.0006104096537455916,
      0.0006175707676447928,
      0.0006175707676447928,
      0.0006215744069777429,
      0.0006275228806771338,
      0.000647807726636529,
      0.0007030203705653548,
      0.0007120726513676345,
      0.0007226245943456888,
      0.0007351281819865108,
      0.0007602064870297909,
      0.0007774686091579497,
      0.0007811078103259206,
      0.0007863561622798443,
      0.0007916220347397029,
      0.00081386708188802,
      0.0008252366678789258,
      0.000843905087094754,
      0.0008451870526187122,
      0.0008540753042325377,
      0.0008577184053137898,
      0.0008777622133493423,
      0.0008880600216798484,
      0.000906775239855051,
      0.00092409981880337,
      0.0009614611626602709,
      0.0009708382422104478,
      0.0009828765178099275,
      0.0009920302545651793,
      0.0010889677796512842,
      0.0011781741632148623,
      0.0013604143168777227,
      0.0013627827866002917,
      0.0013794380938634276,
      0.0014858567155897617,
      0.0015664800303056836,
      0.0015949642984196544,
      0.0016486579552292824,
      0.0016870966646820307,
      0.001718889456242323,
      0.0017193779349327087,
      0.0017385083483532071,
      0.0017622781451791525,
      0.0019672922790050507,
      0.0020591767970472574,
      0.002181698800995946,
      0.0021918348502367735,
      0.002666259417310357,
      0.003192987060174346,
      0.003435954451560974,
      0.0037529401015490294,
      0.003995554056018591,
      0.004078426398336887,
      0.004129630047827959,
      0.004521236289292574,
      0.005281063262373209,
      0.005459898617118597,
      0.005686823278665543,
      0.007428667973726988,
      0.007494663819670677,
      0.0076410602778196335,
      0.007882865145802498,
      0.008032663725316525,
      0.010034561157226562,
      0.010430739261209965,
      0.010991280898451805,
      0.013284803368151188,
      0.014451892115175724,
      0.01491331122815609,
      0.017031174153089523,
      0.017103537917137146,
      0.017917528748512268,
      0.019430330023169518,
      0.02375243604183197,
      0.02402341552078724,
      0.0243669543415308,
      0.029158638790249825,
      0.03422625735402107,
      0.04490393400192261,
      0.04659120738506317,
      0.0522366426885128,
      0.06961531937122345,
      0.07340995967388153,
      0.08719408512115479,
      0.13312724232673645,
      0.14808610081672668,
      0.15815314650535583,
      0.17639057338237762,
      0.17639057338237762,
      0.18751932680606842,
      0.23725591599941254,
      0.26971176266670227,
      0.2745676338672638,
      0.2838236093521118,
      0.3425225615501404,
      0.34551119804382324,
      0.348644882440567,
      0.3625924587249756,
      0.3783544898033142,
      0.4167267084121704,
      0.4434235095977783,
      0.45103704929351807,
      0.4600326120853424,
      0.47272610664367676,
      0.5261681079864502,
      0.5604662895202637,
      0.5762256979942322,
      0.5792099833488464,
      0.6057515144348145,
      0.6554887294769287,
      0.6616489887237549,
      0.6633527874946594,
      0.6966753602027893,
      0.7185609340667725,
      0.7441535592079163,
      0.7595502138137817,
      0.7623515129089355,
      0.7760557532310486,
      0.8172763586044312,
      0.8328425288200378,
      0.8729153275489807,
      0.8907365798950195,
      0.9076908826828003,
      0.907880425453186,
      0.9148476719856262,
      0.919087290763855,
      0.9195829033851624,
      0.9208479523658752,
      0.9237034320831299,
      0.9251380562782288,
      0.9330504536628723,
      0.938100278377533,
      0.9501821398735046,
      0.9508794546127319,
      0.9539944529533386,
      0.9607180953025818,
      0.9641428589820862,
      0.9664502143859863,
      0.9671205282211304,
      0.9685949683189392,
      0.9708709120750427,
      0.9742573499679565,
      0.9748358726501465,
      0.974999725818634,
      0.9750882387161255,
      0.9761530160903931,
      0.978249728679657,
      0.978574275970459,
      0.9801042079925537,
      0.9813361763954163,
      0.9819115400314331,
      0.9831892251968384,
      0.9833609461784363,
      0.9861913919448853,
      0.9867414832115173,
      0.9875747561454773,
      0.9883302450180054,
      0.9893222451210022,
      0.9893736243247986,
      0.9894625544548035,
      0.9896893501281738,
      0.9897414445877075,
      0.9899683594703674,
      0.990617573261261,
      0.9910017848014832,
      0.9911718964576721,
      0.9911755323410034,
      0.9911870360374451,
      0.9918414354324341,
      0.9921849370002747,
      0.9925286769866943,
      0.9925398230552673,
      0.9926784038543701,
      0.9926895499229431,
      0.9932825565338135,
      0.9933390021324158,
      0.9934895038604736,
      0.9935470223426819,
      0.9935882091522217,
      0.9937094449996948,
      0.9937263131141663,
      0.9940345883369446,
      0.9941304326057434,
      0.9943525791168213,
      0.994817316532135,
      0.9948185086250305,
      0.9949278831481934,
      0.9953108429908752,
      0.9958178400993347,
      0.9962255954742432,
      0.9962671399116516,
      0.9963802695274353,
      0.9968519806861877,
      0.9972363710403442,
      0.9973740577697754,
      0.9974144697189331,
      0.997418999671936,
      0.9976859092712402,
      0.997687578201294,
      0.9977153539657593,
      0.99776291847229,
      0.9977747797966003,
      0.9977846741676331,
      0.9978862404823303,
      0.9979683756828308,
      0.9980260729789734,
      0.9980788230895996,
      0.9981132745742798,
      0.9982091188430786,
      0.9982543587684631,
      0.9982548356056213,
      0.9982548356056213,
      0.9982851147651672,
      0.9982851147651672,
      0.9982858300209045,
