{
  "mode": "slow",
  "descriptor_types": [
    "chemeleon",
    "clamp",
    "morgan"
  ],
  "n_compounds": 5558,
  "n_actives": 108,
  "ratio_actives": 0.01943145016192875,
  "population_prior": 0.01943145016192875,
  "portfolio": [
    "xgb",
    "rf"
  ],
  "num_batches": {
    "chemeleon": 1,
    "clamp": 1,
    "morgan": 1
  },
  "decision_cutoff_raw": 0.0517455362938376,
  "decision_cutoff_proba": 0.010727227124296274,
  "decision_cutoff_rank": 0.9432547537640213,
  "oof_aucs": {
    "chemeleon": 0.9781209650016989,
    "clamp": 0.9741556235134218,
    "morgan": 0.9719045191980972
  },
  "proxy_aucs": {
    "chemeleon": 0.9648165137614678,
    "clamp": 0.9631498470948012,
    "morgan": 0.9518425076452599
  },
  "train_aucs": {
    "chemeleon": 1.0,
    "clamp": 1.0,
    "morgan": 0.9999388379204893
  },
  "quality_aucs": {
    "chemeleon": 0.9562419300033977,
    "clamp": 0.9483112470268436,
    "morgan": 0.943870200475705
  },
  "active_descriptors": {
    "chemeleon": true,
    "clamp": true,
    "morgan": true
  },
  "ad_hard_cutoffs": {
    "chemeleon": 0.05425003170967102,
    "clamp": 0.05000000074505806,
    "morgan": 0.05000000074505806
  },
  "rank_error_curves": {
    "chemeleon": [
      [
        0.1586998640215375,
        0.21329923425056624,
        0.25165089607741103,
        0.2786969957558659,
        0.3069488281621249,
        0.33635368563817464,
        0.3666111518365315,
        0.3971102161014803,
        0.4301419905477378,
        0.46121502578619555,
        0.49373029560705184,
        0.5276331673798678,
        0.5610072371834718,
        0.6055497868349105,
        0.6579110629039985,
        0.7100180759263071,
        0.7708193332684066,
        0.8367659410690028,
        0.9126341217419855,
        0.9997281995104743
      ],
      [
        0.007341448804334587,
        0.007348529248648495,
        0.007360378140846666,
        0.007366640088223576,
        0.0073725718769677324,
        0.007390793702875311,
        0.007398671859030963,
        0.007422504293828975,
        0.00743545298168802,
        0.007457238208554754,
        0.007486235982609807,
        0.007508872549230174,
        0.007573259045757478,
        0.007667623421294512,
        0.007790880076185833,
        0.007904364672042951,
        0.008169940181524081,
        0.008589327753366141,
        0.010550075336973639,
        0.10611836652392756
      ]
    ],
    "clamp": [
      [
        0.16544766223059418,
        0.208300969211547,
        0.2430564516833234,
        0.27711333319457676,
        0.3036535913090972,
        0.3304625923974118,
        0.3594656636747716,
        0.3907441980400463,
        0.4195343629058048,
        0.4500206870874661,
        0.48362854669401967,
        0.5200574084073295,
        0.5533018958349056,
        0.5905510883255514,
        0.6268392278126518,
        0.6737873798366076,
        0.7228636973350029,
        0.7843907635234089,
        0.8787536059385279,
        1.0
      ],
      [
        0.00705558717723158,
        0.007061093504451449,
        0.007069057403267396,
        0.0070814901661855586,
        0.007088437662066272,
        0.007102899513007383,
        0.007110182843213784,
        0.007138049449151658,
        0.007156968399579269,
        0.0071780971290191726,
        0.007210544113349047,
        0.007255417198866662,
        0.007301787161234343,
        0.0073727424739969336,
        0.007474362334844489,
        0.007586430715551224,
        0.007783534303505117,
        0.00811408686372754,
        0.009639950673491375,
        0.11145140138247608
      ]
    ],
    "morgan": [
      [
        0.03127893880351164,
        0.15400481833694815,
        0.21995250448595194,
        0.2744785725498117,
        0.32102352219932684,
        0.3628039658600771,
        0.4025861862994098,
        0.44045726386446693,
        0.47855482507505964,
        0.5185852369400887,
        0.5588913486504872,
        0.5984222076627247,
        0.6383943691822971,
        0.6803300832683254,
        0.7208045840664603,
        0.766549180237371,
        0.8101816270335624,
        0.8689833441764794,
        0.9328216129246552,
        0.9999308504253304
      ],
      [
        0.006182316392851659,
        0.006260536576789184,
        0.006348272818965782,
        0.006406309465180996,
        0.006487026216437838,
        0.006529292370997357,
        0.006613302416322295,
        0.006623273852127935,
        0.006733357102614826,
        0.0068473724792171235,
        0.006895171413219353,
        0.006992929643968087,
        0.0070845713473881786,
        0.007231859638337727,
        0.0074130639239578175,
        0.007595921942373675,
        0.00786160613278361,
        0.00836247726751699,
        0.01049111702209677,
        0.19918546372459311
      ]
    ]
  },
  "decision_cutoff_logit": -4.5241849998116415,
  "decision_cutoff_lift": 0.5520548921929508
}