{
  "n_components": 45,
  "n_features_in": 2048,
  "n_cal_knots": 200,
  "cal_min": 2.584230899810791,
  "cal_max": 24.895092010498047,
  "scaler": "standard"
}