{
  "n_components": 45,
  "n_features_in": 2048,
  "n_cal_knots": 200,
  "cal_min": 2.7570853233337402,
  "cal_max": 23.975910186767578,
  "scaler": "standard"
}