{
  "task": "classification",
  "format": "onnx",
  "preset_name": "heuristic",
  "use_linear": false,
  "n_features_in": 1711,
  "classes": [
    0,
    1
  ],
  "params": {
    "C": 0.360555,
    "class_weight": "balanced",
    "max_iter": 5000,
    "tol": 0.001,
    "random_state": 42,
    "use_linear": false,
    "kernel": "rbf",
    "gamma": "scale"
  },
  "profile": {
    "n_samples": 130,
    "n_features": 1711,
    "n_p_ratio": 0.07597895967270601,
    "sparsity": 0.0,
    "is_sparse_counts": false,
    "binary_feature_fraction": 0.0,
    "feature_signal_strength": 0.14893038445725476,
    "feature_signal_p90": 0.29512519717727026,
    "task": "classification",
    "imbalance_ratio": 1.4074074074074074,
    "y_skewness": 0.0,
    "y_all_positive": false
  },
  "portfolio_scores": {},
  "decision_cutoff_raw": 0.4646867957913245,
  "decision_cutoff_raw_source": "oof_balanced_accuracy",
  "decision_cutoff_proba": 0.38166459866775954,
  "decision_cutoff_rank": 0.43410852713178294,
  "decision_cutoff_logit": -0.48248882187265585,
  "calibrator": {
    "method": "platt",
    "coef": 4.344507579891143,
    "intercept": -2.501324128463393
  },
  "ranker": {
    "knots": [
      0.266740447844537,
      0.26888630982488765,
      0.2723770982094717,
      0.27300611438259953,
      0.27768844201524195,
      0.2777410522568766,
      0.28048500566029133,
      0.2806543927863801,
      0.2836893013683733,
      0.2845549011828395,
      0.2873262898415309,
      0.28749014799486183,
      0.2880742945675997,
      0.28894121666113326,
      0.29134801641918456,
      0.2952006602949331,
      0.30165646024585807,
      0.3034578623557324,
      0.305211809103214,
      0.306450482070905,
      0.3069365329659452,
      0.3134700941962824,
      0.3167202683446458,
      0.3170961537387977,
      0.31758348245686624,
      0.319955616804539,
      0.3230363686198218,
      0.3240485009328893,
      0.3274058937853275,
      0.3310870171667083,
      0.331477403580625,
      0.3322440479083191,
      0.33706161513868366,
      0.33930711921443824,
      0.3407462833781723,
      0.3445256410295431,
      0.34585826036465345,
      0.34602064859209863,
      0.3488800408412976,
      0.3531745483016973,
      0.3577438136931639,
      0.3584036771689685,
      0.3693664490472021,
      0.3742402489686665,
      0.3813976467167676,
      0.3832436772693011,
      0.3832765050541522,
      0.38784715723352603,
      0.38834100436111013,
      0.3998705497386902,
      0.4150917169872572,
      0.4176298200673464,
      0.42143825506767385,
      0.42401454307009195,
      0.4273195466765939,
      0.45356872615559796,
      0.4646867957913245,
      0.4667079434855823,
      0.4803006820342734,
      0.4870913820946563,
      0.49681818021173163,
      0.49726134740525196,
      0.5171948585512357,
      0.5201529823623331,
      0.5219296978861788,
      0.5249817710269591,
      0.5297507767536693,
      0.5303241303189844,
      0.5343544059565384,
      0.5390619351283558,
      0.5396700483619858,
      0.5432371796213249,
      0.5516404930102013,
      0.5516823353962498,
      0.5527255161994152,
      0.5530579346912805,
      0.553184855439514,
      0.5584531997166204,
      0.5604694210788689,
      0.5635056627321269,
      0.5636163071262944,
      0.5636495870559995,
      0.5664674928865835,
      0.5671991354732476,
      0.5688632053860564,
      0.5704452213616558,
      0.5724013428459813,
      0.5725097689881119,
      0.5767512085923185,
      0.5849980765307444,
      0.5852762380362445,
      0.586996768802542,
      0.5903352587419571,
      0.6057473419725415,
      0.6272810282557617,
      0.6320908800771275,
      0.6326984079847189,
      0.6331122818303202,
      0.6339147344235743,
      0.6349962342262035,
      0.6404425834568578,
      0.6419509766094158,
      0.6422019962677151,
      0.6456545750108668,
      0.6476068437979964,
      0.6519732778791058,
      0.6521704744998458,
      0.6592965729073605,
      0.660531162412872,
      0.6660386349343868,
      0.6687258428809837,
      0.6705619413481007,
      0.6711036638586318,
      0.6737825906186367,
      0.6740594265564857,
      0.6750608160566667,
      0.6848493338893645,
      0.687435904127798,
      0.6898956986252793,
      0.690957510434326,
      0.6940402848342103,
      0.6985328044414445,
      0.6986840234091002,
      0.7030799105971831,
      0.7044052672587535,
      0.7106610687496832,
      0.7116354826965967,
      0.7122469650828144,
      0.7134715951861754,
      0.7157605072897486
    ]
  }
}