{
  "task": "classification",
  "format": "onnx",
  "preset_name": "heuristic",
  "best_iteration": 7,
  "params": {
    "tree_method": "hist",
    "device": "cpu",
    "learning_rate": 0.1,
    "n_estimators": 2000,
    "early_stopping_rounds": 50,
    "max_depth": 3,
    "min_child_weight": 1,
    "subsample": 1.0,
    "colsample_bytree": 0.5,
    "colsample_bynode": 0.05,
    "reg_alpha": 0.3,
    "reg_lambda": 2.125,
    "gamma": 0.05,
    "max_bin": 128,
    "nthread": 16,
    "objective": "binary:logistic",
    "scale_pos_weight": 1.4074,
    "eval_metric": "auc"
  },
  "profile": {
    "n_samples": 130,
    "n_features": 1711,
    "n_p_ratio": 0.07597895967270601,
    "sparsity": 0.0,
    "is_sparse_counts": false,
    "binary_feature_fraction": 0.0,
    "feature_signal_strength": 0.14893038445725476,
    "feature_signal_p90": 0.29512519717727026,
    "task": "classification",
    "imbalance_ratio": 1.4074074074074074,
    "y_skewness": 0.0,
    "y_all_positive": false
  },
  "portfolio_scores": {},
  "decision_cutoff_raw": 0.39607974886894226,
  "decision_cutoff_raw_source": "oof_balanced_accuracy",
  "decision_cutoff_proba": 0.3525093644108169,
  "decision_cutoff_rank": 0.5348837209302325,
  "decision_cutoff_logit": -0.6080271434546766,
  "calibrator": {
    "method": "platt",
    "coef": 4.1952427729311506,
    "intercept": -2.269677847401492
  },
  "ranker": {
    "knots": [
      0.013073466718196869,
      0.013748669065535069,
      0.014174245297908783,
      0.014296703040599823,
      0.01565156690776348,
      0.01625322923064232,
      0.018060168251395226,
      0.02007821947336197,
      0.02034834399819374,
      0.022468116134405136,
      0.02254895120859146,
      0.022660432383418083,
      0.02273910865187645,
      0.02315681427717209,
      0.023507077246904373,
      0.02654729038476944,
      0.027934672310948372,
      0.029184747487306595,
      0.029726050794124603,
      0.03129245340824127,
      0.03129599615931511,
      0.03151595965027809,
      0.031834617257118225,
      0.034593772143125534,
      0.03612884134054184,
      0.03618202358484268,
      0.036231353878974915,
      0.039139728993177414,
      0.04214765131473541,
      0.04220132529735565,
      0.04250709339976311,
      0.04289042949676514,
      0.04607882723212242,
      0.046431560069322586,
      0.05392416939139366,
      0.05734605714678764,
      0.05739586800336838,
      0.05868840590119362,
      0.05961260944604874,
      0.05996473506093025,
      0.0663851872086525,
      0.06899359822273254,
      0.0695963129401207,
      0.06982844322919846,
      0.07006530463695526,
      0.07382206618785858,
      0.07931836694478989,
      0.08057844638824463,
      0.08272570371627808,
      0.0873573049902916,
      0.08914516866207123,
      0.09054703265428543,
      0.09198346734046936,
      0.11996838450431824,
      0.13783586025238037,
      0.14310544729232788,
      0.1683899462223053,
      0.18001800775527954,
      0.19208891689777374,
      0.2159898728132248,
      0.2225043922662735,
      0.24348337948322296,
      0.2576279044151306,
      0.26949256658554077,
      0.29210931062698364,
      0.35443922877311707,
      0.3606409430503845,
      0.3699740469455719,
      0.3726978898048401,
      0.39607974886894226,
      0.4492143988609314,
      0.5170107483863831,
      0.5369585156440735,
      0.5509428977966309,
      0.5515961647033691,
      0.5522659420967102,
      0.5587483048439026,
      0.5686830282211304,
      0.5821232795715332,
      0.5840614438056946,
      0.6195517778396606,
      0.6526049971580505,
      0.6526896953582764,
      0.659467339515686,
      0.6850083470344543,
      0.7090584635734558,
      0.7151685357093811,
      0.7377132177352905,
      0.751297652721405,
      0.7688258290290833,
      0.7771292924880981,
      0.7934523820877075,
      0.8104755282402039,
      0.8139342069625854,
      0.8198162913322449,
      0.8275577425956726,
      0.8289511203765869,
      0.8348937034606934,
      0.8390326499938965,
      0.8558010458946228,
      0.8630436062812805,
      0.8664432168006897,
      0.8694038391113281,
      0.8699620366096497,
      0.8714163303375244,
      0.8728192448616028,
      0.8779528141021729,
      0.8917950987815857,
      0.893290102481842,
      0.8968808054924011,
      0.8983178734779358,
      0.9159988164901733,
      0.9170512557029724,
      0.9297599792480469,
      0.9305675625801086,
      0.9319233298301697,
      0.9330753684043884,
      0.9387948513031006,
      0.9388312101364136,
      0.939888596534729,
      0.9422498345375061,
      0.9441392421722412,
      0.9460806846618652,
      0.9522007703781128,
      0.9538187384605408,
      0.9568871855735779,
      0.958349883556366,
      0.9622229933738708,
      0.9627323746681213,
      0.9635838270187378
    ]
  }
}