{
    "portfolio": [
        "xgb",
        "rf"
    ],
    "max_batch_size": 100000,
    "max_imbalance_ratio": 100,
    "num_batches": 1,
    "population_prior": 0.2790357498098414,
    "batch_priors": [
        0.2790357498098414
    ],
    "decision_cutoff_raw": 0.2484419685602188,
    "decision_cutoff_proba": 0.3140350877192982,
    "decision_cutoff_rank": 0.6774180497665949,
    "decision_cutoff_logit": -0.7813217541446109,
    "decision_cutoff_lift": 1.1254295836046395
}