{
    "portfolio": [
        "lr",
        "xgb",
        "rf",
        "svc"
    ],
    "max_batch_size": 100000,
    "max_imbalance_ratio": 100,
    "num_batches": 1,
    "population_prior": 0.36363636363636365,
    "batch_priors": [
        0.36363636363636365
    ],
    "decision_cutoff_raw": 0.4376179046812507,
    "decision_cutoff_proba": 0.3891300709135022,
    "decision_cutoff_rank": 0.620967741935484,
    "decision_cutoff_logit": -0.4509703942334828,
    "decision_cutoff_lift": 1.070107695012131
}