{
    "portfolio": [
        "lr",
        "xgb",
        "rf",
        "svc"
    ],
    "max_batch_size": 100000,
    "max_imbalance_ratio": 100,
    "num_batches": 1,
    "population_prior": 0.36363636363636365,
    "batch_priors": [
        0.36363636363636365
    ],
    "decision_cutoff_raw": 0.4474350571742847,
    "decision_cutoff_proba": 0.372236993574904,
    "decision_cutoff_rank": 0.6102150537634409,
    "decision_cutoff_logit": -0.5226319860125199,
    "decision_cutoff_lift": 1.023651732330986
}