{
  "n_components": 45,
  "n_features_in": 2048,
  "n_cal_knots": 200,
  "cal_min": 2.9906749725341797,
  "cal_max": 107.87151336669922,
  "scaler": "standard"
}