{
  "n_components": 14,
  "n_features_in": 217,
  "n_cal_knots": 200,
  "cal_min": 1.782355785369873,
  "cal_max": 12.542881965637207,
  "scaler": "standard"
}