{
    "portfolio": [
        "xgb",
        "rf"
    ],
    "max_batch_size": 100000,
    "max_imbalance_ratio": 100,
    "num_batches": 1,
    "population_prior": 0.01943145016192875,
    "batch_priors": [
        0.01943145016192875
    ],
    "decision_cutoff_raw": 0.06904943163863365,
    "decision_cutoff_proba": 0.012109397959886928,
    "decision_cutoff_rank": 0.9540219542918841,
    "decision_cutoff_logit": -4.401590122903016,
    "decision_cutoff_lift": 0.6231854987134402
}