{
  "mode": "slow",
  "descriptor_types": [
    "chemeleon",
    "clamp"
  ],
  "n_compounds": 17091,
  "n_actives": 4769,
  "ratio_actives": 0.2790357498098414,
  "population_prior": 0.2790357498098414,
  "portfolio": [
    "xgb",
    "rf"
  ],
  "num_batches": {
    "chemeleon": 1,
    "clamp": 1
  },
  "decision_cutoff_raw": 0.2092078974022546,
  "decision_cutoff_proba": 0.3063110681531734,
  "decision_cutoff_rank": 0.6694515884199042,
  "oof_aucs": {
    "chemeleon": 0.9463526394851997,
    "clamp": 0.940109142020493
  },
  "proxy_aucs": {
    "chemeleon": 0.8381919319535431,
    "clamp": 0.8343687926090596
  },
  "train_aucs": {
    "chemeleon": 1.0,
    "clamp": 0.999987228492296
  },
  "quality_aucs": {
    "chemeleon": 0.8927052789703993,
    "clamp": 0.88023105554869
  },
  "active_descriptors": {
    "chemeleon": true,
    "clamp": true
  },
  "ad_hard_cutoffs": {
    "chemeleon": 0.05000000074505806,
    "clamp": 0.05000000074505806
  },
  "rank_error_curves": {
    "chemeleon": [
      [
        0.015494578209306314,
        0.06522767234262739,
        0.10182850477500133,
        0.1334348655854336,
        0.16556382011117632,
        0.1960625715935024,
        0.22335614163924905,
        0.2524646160372551,
        0.28519770375990483,
        0.32601097570109205,
        0.37233479219488574,
        0.43327518301681023,
        0.5116454551648922,
        0.5931408560797855,
        0.8400368523219002,
        0.8772116587122343,
        0.9074967495789474,
        0.9341628812372484,
        0.9659974396528339,
        1.0
      ],
      [
        0.008947181662510429,
        0.009973185566676923,
        0.011273087279804084,
        0.012739647887886637,
        0.014242785722962292,
        0.016632184264266377,
        0.01959501567567963,
        0.022674566559091853,
        0.026857808905272278,
        0.031322291813245716,
        0.038304507644731776,
        0.050349686639776924,
        0.07669029401600186,
        0.15259711673015286,
        0.20728146404805767,
        0.11656442089215399,
        0.06040950530386888,
        0.031949285228619916,
        0.01645335764169787,
        0.007296515200891073
      ]
    ],
    "clamp": [
      [
        0.011530481665999216,
        0.06083881210567543,
        0.09356182629007394,
        0.12016393510188511,
        0.14827387651138083,
        0.17391813045901378,
        0.20089502620145305,
        0.22810877191344786,
        0.2611943674797748,
        0.2988080250443687,
        0.34389979448443375,
        0.4065390450102831,
        0.49047146209936876,
        0.5827276300264959,
        0.8483984931164416,
        0.8826060572952035,
        0.9107693364416218,
        0.9377354569875672,
        0.9668782092825629,
        0.9998001410638462
      ],
      [
        0.010554500902305869,
        0.010616869018641987,
        0.011100900350175847,
        0.013180199989477843,
        0.015742283244800263,
        0.01754308871966148,
        0.019199294245156887,
        0.021823384928583246,
        0.02672771898452158,
        0.03203082181846476,
        0.04003292956445955,
        0.05180275118174101,
        0.07415930435674112,
        0.1471991180860291,
        0.22754450688334715,
        0.1166966237324082,
        0.0786250727503692,
        0.052030339835125096,
        0.024059866584440058,
        0.01054750395891054
      ]
    ]
  },
  "decision_cutoff_logit": -0.8174224868247737,
  "decision_cutoff_lift": 1.0977484725950695
}