{
  "n_components": 45,
  "n_features_in": 2048,
  "n_cal_knots": 200,
  "cal_min": 0.9446121454238892,
  "cal_max": 11.295238494873047,
  "scaler": "standard"
}