{
  "n_components": 45,
  "n_features_in": 2048,
  "n_cal_knots": 200,
  "cal_min": 0.9002029299736023,
  "cal_max": 11.294503211975098,
  "scaler": "standard"
}