{
    "portfolio": [
        "lr",
        "xgb",
        "rf",
        "svc"
    ],
    "max_batch_size": 100000,
    "max_imbalance_ratio": 100,
    "num_batches": 1,
    "population_prior": 0.1,
    "batch_priors": [
        0.1
    ],
    "decision_cutoff_raw": 0.1759592573529109,
    "decision_cutoff_proba": 0.0967787407683491,
    "decision_cutoff_rank": 0.8697564276048715,
    "decision_cutoff_logit": -2.233540200236612,
    "decision_cutoff_lift": 0.9677874076834909
}