{
    "portfolio": [
        "lr",
        "xgb",
        "rf",
        "svc"
    ],
    "max_batch_size": 100000,
    "max_imbalance_ratio": 100,
    "num_batches": 1,
    "population_prior": 0.1,
    "batch_priors": [
        0.1
    ],
    "decision_cutoff_raw": 0.1669930173015599,
    "decision_cutoff_proba": 0.08936032197242466,
    "decision_cutoff_rank": 0.8640054127198917,
    "decision_cutoff_logit": -2.3214705376018734,
    "decision_cutoff_lift": 0.8936032197242466
}