{
  "n_components": 27,
  "n_features_in": 768,
  "n_cal_knots": 200,
  "cal_min": 2.891298294067383,
  "cal_max": 14.052230834960938,
  "scaler": "standard"
}