{
  "n_components": 27,
  "n_features_in": 768,
  "n_cal_knots": 200,
  "cal_min": 2.9249930381774902,
  "cal_max": 14.077601432800293,
  "scaler": "standard"
}