{
  "n_components": 27,
  "n_features_in": 768,
  "n_cal_knots": 200,
  "cal_min": 2.6004269123077393,
  "cal_max": 12.189566612243652,
  "scaler": "standard"
}