{
    "portfolio": [
        "xgb",
        "rf",
        "svc"
    ],
    "max_batch_size": 100000,
    "max_imbalance_ratio": 100,
    "num_batches": 1,
    "population_prior": 0.1,
    "batch_priors": [
        0.1
    ],
    "decision_cutoff_raw": 0.3577381034999075,
    "decision_cutoff_proba": 0.07841141771593611,
    "decision_cutoff_rank": 0.7649239896180942,
    "decision_cutoff_logit": -2.464129349965615,
    "decision_cutoff_lift": 0.784114177159361
}