{
  "mode": "slow",
  "descriptor_types": [
    "chemeleon",
    "morgan",
    "clamp"
  ],
  "n_compounds": 436,
  "n_actives": 120,
  "ratio_actives": 0.27522935779816515,
  "population_prior": 0.27522935779816515,
  "portfolio": [
    "lr",
    "xgb",
    "rf",
    "svc"
  ],
  "num_batches": {
    "chemeleon": 1,
    "morgan": 1,
    "clamp": 1
  },
  "decision_cutoff_raw": 0.24679273942272054,
  "decision_cutoff_proba": 0.18375567218031033,
  "decision_cutoff_rank": 0.5865900383141763,
  "oof_aucs": {
    "chemeleon": 0.8993143459915611,
    "morgan": 0.9232331223628693,
    "clamp": 0.9026898734177216
  },
  "proxy_aucs": {
    "chemeleon": 0.8869198312236286,
    "morgan": 0.8914161392405063,
    "clamp": 0.8807225738396625
  },
  "train_aucs": {
    "chemeleon": 1.0,
    "morgan": 1.0,
    "clamp": 0.9999736286919831
  },
  "quality_aucs": {
    "chemeleon": 0.7986286919831223,
    "morgan": 0.8464662447257385,
    "clamp": 0.80540611814346
  },
  "active_descriptors": {
    "chemeleon": true,
    "morgan": true,
    "clamp": true
  },
  "ad_hard_cutoffs": {
    "chemeleon": 0.05375000089406967,
    "morgan": 0.05375000089406967,
    "clamp": 0.05375000089406967
  },
  "rank_error_curves": {
    "chemeleon": [
      [
        0.04774975948842897,
        0.13571498337223967,
        0.17829961003488415,
        0.20678022027771398,
        0.23798168882964513,
        0.25512454914634153,
        0.27421630254044344,
        0.29573107048481917,
        0.3178676724296412,
        0.36229554847867507,
        0.41086027822469584,
        0.4735985584573962,
        0.5355244861179765,
        0.6059575858194343,
        0.677525136286093,
        0.8299978914662374,
        0.8534660653473113,
        0.8832063350513497,
        0.9080042324742854,
        0.9930936290441403
      ],
      [
        0.0925855516823689,
        0.10145767508709219,
        0.1080367170115258,
        0.12234781046836772,
        0.13444190153049815,
        0.133316185842757,
        0.14229449851301013,
        0.15342033211164702,
        0.14827206302116822,
        0.15680238653117246,
        0.161828231414336,
        0.18389332314028517,
        0.215400831782084,
        0.27354109397317417,
        0.39704227774417233,
        0.38906032470811025,
        0.37265026972128007,
        0.3542082881788896,
        0.32489842259638635,
        0.26713626950782365
      ]
    ],
    "morgan": [
      [
        0.02473004806710321,
        0.07228509991875724,
        0.10179972598283613,
        0.12555929996845808,
        0.15238834118483122,
        0.18512718678924744,
        0.22366202736490168,
        0.24813360621852754,
        0.2823322983273517,
        0.3482235199043928,
        0.39340563117362976,
        0.4601480872872527,
        0.5436617301991429,
        0.6212974774534918,
        0.8191889746329488,
        0.8891743004816575,
        0.9099171914933005,
        0.936220254249099,
        0.9650031033717659,
        0.997711446060331
      ],
      [
        0.0811420704068879,
        0.08176236760555286,
        0.08269393703074705,
        0.08468245823635114,
        0.08512272195055223,
        0.08550153723985436,
        0.0869473832089718,
        0.08766231721415396,
        0.08986878907202675,
        0.09422735325456873,
        0.09976326772751642,
        0.10825946642424664,
        0.1328304391810192,
        0.20479436207291032,
        0.36243933253506416,
        0.2550979100042007,
        0.2286325606913751,
        0.2069658046272145,
        0.19826491035485178,
        0.18838577414575922
      ]
    ],
    "clamp": [
      [
        0.02098379478908802,
        0.07643359635828034,
        0.11864921581549381,
        0.14714408586015137,
        0.17618436849502433,
        0.20839208646140098,
        0.23585640837103677,
        0.27064485149891204,
        0.3166251358083388,
        0.35467548069978644,
        0.42463119095941537,
        0.5021214371789667,
        0.5539309246255889,
        0.6086398112838131,
        0.7865018967830248,
        0.8692164717516344,
        0.9080532398318094,
        0.9328569100492009,
        0.9582833399729693,
        0.9945865376114925
      ],
      [
        0.08027671780868255,
        0.08314314853674132,
        0.0846793601467138,
        0.08592208783674893,
        0.08699733333507384,
        0.08853458274784545,
        0.0905561071343299,
        0.09118691535402756,
        0.09540346901183766,
        0.09872233897858886,
        0.11498873895955229,
        0.14353277264109274,
        0.19636784110685881,
        0.2773282925034144,
        0.41812764548961373,
        0.3199321927138326,
        0.27387499264933163,
        0.25482045246138124,
        0.24076926019511496,
        0.2310784092111304
      ]
    ]
  },
  "decision_cutoff_logit": -1.4911067248691405,
  "decision_cutoff_lift": 0.6676456089217941
}