{
  "mode": "slow",
  "descriptor_types": [
    "chemeleon",
    "clamp",
    "morgan"
  ],
  "n_compounds": 436,
  "n_actives": 120,
  "ratio_actives": 0.27522935779816515,
  "population_prior": 0.27522935779816515,
  "portfolio": [
    "lr",
    "xgb",
    "rf",
    "svc"
  ],
  "num_batches": {
    "chemeleon": 1,
    "clamp": 1,
    "morgan": 1
  },
  "decision_cutoff_raw": 0.2745997456819657,
  "decision_cutoff_proba": 0.19183044519310588,
  "decision_cutoff_rank": 0.578927203065134,
  "oof_aucs": {
    "chemeleon": 0.8835970464135022,
    "clamp": 0.9074630801687763,
    "morgan": 0.9228111814345992
  },
  "proxy_aucs": {
    "chemeleon": 0.8806170886075949,
    "clamp": 0.8908755274261604,
    "morgan": 0.8902821729957806
  },
  "train_aucs": {
    "chemeleon": 1.0,
    "clamp": 0.9999736286919831,
    "morgan": 1.0
  },
  "quality_aucs": {
    "chemeleon": 0.7671940928270045,
    "clamp": 0.8149525316455695,
    "morgan": 0.8456223628691983
  },
  "active_descriptors": {
    "chemeleon": true,
    "clamp": true,
    "morgan": true
  },
  "ad_hard_cutoffs": {
    "chemeleon": 0.05375000089406967,
    "clamp": 0.05375000089406967,
    "morgan": 0.05375000089406967
  },
  "rank_error_curves": {
    "chemeleon": [
      [
        0.047663229320510814,
        0.11376881337835422,
        0.13598104063924712,
        0.1700249642723614,
        0.2140260345393129,
        0.26078796121459824,
        0.3115993571806954,
        0.3393974604847822,
        0.3612266959117306,
        0.40265101096598377,
        0.4387200332518699,
        0.5196731090419568,
        0.5767798048898266,
        0.6297609925468103,
        0.7060982161457184,
        0.7520951223421356,
        0.8359114103235907,
        0.8699487669107515,
        0.921732184807295,
        0.9848934203473441
      ],
      [
        0.09793106245895258,
        0.10473648903553233,
        0.10777131003180586,
        0.10847745850727275,
        0.12103526236340667,
        0.1304234302430151,
        0.1574973443320213,
        0.18720551364900853,
        0.1941114106966039,
        0.19346471474789653,
        0.2188352202439589,
        0.25009334765916413,
        0.26376701931793456,
        0.2980894980052764,
        0.3632161514254202,
        0.412170264814813,
        0.4144024589786759,
        0.41108695638657006,
        0.3749767977574094,
        0.3236059735538052
      ]
    ],
    "clamp": [
      [
        0.011019324404368322,
        0.05997210451796636,
        0.1121174723165978,
        0.13669754612423513,
        0.16987099149923884,
        0.19577974166104134,
        0.2271320933332758,
        0.26591734814621715,
        0.3050136590590431,
        0.3590615349256505,
        0.4268765849514345,
        0.5112232911600655,
        0.5657198103234679,
        0.6185862227347521,
        0.7800039802397722,
        0.8688374013909741,
        0.906410751335035,
        0.9318522098412196,
        0.9616681401536843,
        0.9931564129101411
      ],
      [
        0.07641437601747104,
        0.07907717180055422,
        0.08128666695476194,
        0.08312532212081246,
        0.08400343707843641,
        0.08516833878048462,
        0.0881267178141978,
        0.0907109138743847,
        0.09249574632528502,
        0.09901394918044588,
        0.11546758315032928,
        0.15468108531194474,
        0.2074827970174906,
        0.2870838135462869,
        0.43466885467139554,
        0.340482513078737,
        0.2890634113381577,
        0.26318695645157075,
        0.24258968253492524,
        0.2311064434258918
      ]
    ],
    "morgan": [
      [
        0.03182356154721745,
        0.0684600384272088,
        0.09925302135591982,
        0.12993114642219866,
        0.1518546629155231,
        0.1933245534407238,
        0.22419054778220882,
        0.26273589403142583,
        0.29453307161792336,
        0.34801724365523923,
        0.4046472939752243,
        0.47336910518410513,
        0.5443678130994661,
        0.6342423620418296,
        0.8031763037815535,
        0.8811329495991282,
        0.9141515306127284,
        0.9408501260797275,
        0.9682625316543567,
        0.9950203854819765
      ],
      [
        0.08260782492591012,
        0.083693232279076,
        0.08554417710641109,
        0.08656794101303181,
        0.08702116541527244,
        0.08816267894397381,
        0.0889392982695407,
        0.09025733455156715,
        0.09239072223604752,
        0.0956223923818962,
        0.10034751090540488,
        0.11046660314716725,
        0.13539125555858417,
        0.20728960379134204,
        0.36581062812228166,
        0.2675537759846969,
        0.23389664411198854,
        0.21731977497519092,
        0.20606033149090786,
        0.19743138867007926
      ]
    ]
  },
  "decision_cutoff_logit": -1.4381599976502442,
  "decision_cutoff_lift": 0.6969839508682847
}