{
  "n_components": 27,
  "n_features_in": 768,
  "n_cal_knots": 200,
  "cal_min": 2.7279810905456543,
  "cal_max": 15.691795349121094,
  "scaler": "standard"
}