{
    "portfolio": [
        "lr",
        "xgb",
        "rf",
        "svc"
    ],
    "max_batch_size": 100000,
    "max_imbalance_ratio": 100,
    "num_batches": 1,
    "population_prior": 0.1,
    "batch_priors": [
        0.1
    ],
    "decision_cutoff_raw": 0.3948015417244588,
    "decision_cutoff_proba": 0.14229095511636777,
    "decision_cutoff_rank": 0.8680860403863038,
    "decision_cutoff_logit": -1.7963909924523043,
    "decision_cutoff_lift": 1.4229095511636776
}