{
    "portfolio": [
        "lr",
        "xgb",
        "rf",
        "svc"
    ],
    "max_batch_size": 100000,
    "max_imbalance_ratio": 100,
    "num_batches": 1,
    "population_prior": 0.1,
    "batch_priors": [
        0.1
    ],
    "decision_cutoff_raw": 0.3369802079966619,
    "decision_cutoff_proba": 0.10316426939634799,
    "decision_cutoff_rank": 0.8753292361720807,
    "decision_cutoff_logit": -2.162550146979057,
    "decision_cutoff_lift": 1.0316426939634797
}