{
  "task": "classification",
  "format": "onnx",
  "preset_name": "default",
  "use_linear": false,
  "n_features_in": 1779,
  "classes": [
    0,
    1
  ],
  "params": {
    "C": 1.0,
    "kernel": "rbf",
    "gamma": "scale",
    "class_weight": "balanced",
    "max_iter": 2650,
    "tol": 0.001,
    "random_state": 42,
    "use_linear": false
  },
  "profile": {
    "n_samples": 530,
    "n_features": 1779,
    "n_p_ratio": 0.297920179876335,
    "sparsity": 0.4811681355860299,
    "is_sparse_counts": false,
    "binary_feature_fraction": 0.0005621135469364812,
    "feature_signal_strength": 0.09217267191451033,
    "feature_signal_p90": 0.19000835981817807,
    "task": "classification",
    "imbalance_ratio": 9.0,
    "y_skewness": 0.0,
    "y_all_positive": false
  },
  "portfolio_scores": {
    "heuristic": 0.9955555555555555,
    "default": 0.9955555555555555,
    "linear": 0.9925925925925927,
    "balanced_rbf": 0.9990123456790123
  },
  "decision_cutoff_raw": 0.6392893189338937,
  "decision_cutoff_raw_source": "oof_balanced_accuracy",
  "decision_cutoff_proba": 0.3977970907786534,
  "decision_cutoff_rank": 0.8979206049149339,
  "decision_cutoff_logit": -0.41465239390784064,
  "calibrator": {
    "method": "platt",
    "coef": 7.299598256543006,
    "intercept": -5.081207591824257
  },
  "ranker": {
    "knots": [
      0.16737259278517308,
      0.18040359171022974,
      0.18421822287532547,
      0.184396560014634,
      0.18515414274730463,
      0.18535016816511307,
      0.18570543063309916,
      0.18765100556953768,
      0.18818487623712718,
      0.18978115053617314,
      0.1898282191416783,
      0.1906295772198274,
      0.19088921031047743,
      0.19169921362609785,
      0.19179211665041818,
      0.19286655939386704,
      0.19321395287058632,
      0.19345706626375306,
      0.19511569795108732,
      0.19523640391591188,
      0.19524011198333785,
      0.19676347922609766,
      0.19679104172268952,
      0.19696180219668682,
      0.19709236220429396,
      0.19711611368513482,
      0.1974187697908476,
      0.1989499306999294,
      0.20004596187739446,
      0.200124367669412,
      0.2006677650756038,
      0.2016581830984156,
      0.20178872571349032,
      0.20212881551543654,
      0.20221372231820192,
      0.202753352272497,
      0.2032830953906983,
      0.20379535089439416,
      0.20393521084243793,
      0.20411830002917414,
      0.20472219585665655,
      0.2057871274603313,
      0.20596016954821933,
      0.20604269407231926,
      0.20609036487728802,
      0.20617152548985068,
      0.2074406801314322,
      0.20767570207332678,
      0.20769244966525022,
      0.20855567047648918,
      0.2087255625666771,
      0.2087980387617562,
      0.2088770666826951,
      0.2095911976754766,
      0.2112860281571534,
      0.2112876944823435,
      0.21134122846074274,
      0.2121957842893142,
      0.21249077743725125,
      0.21318203156683788,
      0.21322570117373094,
      0.2134765446818724,
      0.21380820543379217,
      0.2139666249878657,
      0.21401955642491674,
      0.21453281039960578,
      0.21454391860650962,
      0.21476715437628668,
      0.21485908952641855,
      0.21499050561714783,
      0.21522687263108417,
      0.21610532859621143,
      0.2162326472737457,
      0.21640186169779124,
      0.21692219547850303,
      0.21778411760337654,
      0.21805594452951596,
      0.2194488048241857,
      0.21959302228598016,
      0.21980323247986247,
      0.219836509512247,
      0.22000087097737964,
      0.2200517700231905,
      0.22011767100081903,
      0.22041405491966942,
      0.22062932948219396,
      0.22118671200309545,
      0.2218137465465707,
      0.22209891402517357,
      0.22233018205511187,
      0.22251867672826828,
      0.22254717231524107,
      0.222622389226941,
      0.2229312625975331,
      0.2230122403366073,
      0.22311194181396052,
      0.22328663711563254,
      0.22335224657293998,
      0.2236778523271741,
      0.22380419491327666,
      0.22501312174250993,
      0.2254913929424123,
      0.22550678355412684,
      0.22578758517842537,
      0.2258095799249577,
      0.22625430190506707,
      0.22666011415801832,
      0.22673947824877078,
      0.22764348871520515,
      0.22767296286489985,
      0.22768911729760177,
      0.22773696780595076,
      0.22815233601388646,
      0.22822208987381876,
      0.2282365580219763,
      0.22847404651950337,
      0.22861804140226957,
      0.22887201062389928,
      0.22919142262162834,
      0.2294336798578174,
      0.22957671700043833,
      0.22965998071924246,
      0.22969621516881294,
      0.22980414408860209,
      0.22992632221953352,
      0.23002690065151643,
      0.23057114412050986,
      0.23090207154485196,
      0.23095554203970653,
      0.23103543397730733,
      0.23152762794468534,
      0.23192306162739393,
      0.23194701867822728,
      0.23205415296167536,
      0.2321941496114851,
      0.23254266542457372,
      0.23263117270046813,
      0.23282003651247096,
      0.233417887485072,
      0.2337928429239307,
      0.2339015254752286,
      0.23409076639612617,
      0.2342631732329439,
      0.23454467710081506,
      0.23478138995396447,
      0.23490258504493278,
      0.23504112584218945,
      0.23515289031179937,
      0.23544893417220183,
      0.23578925519740485,
      0.23591848114753494,
      0.235946049564217,
      0.23631228011113475,
      0.2365392147023596,
      0.2370385694860664,
      0.23703936377805804,
      0.23728829360192968,
      0.23730636324361645,
      0.23743472889210832,
      0.23759777218196926,
      0.2379010158336163,
      0.23794547495323734,
      0.23811410857062795,
      0.23829659406557038,
      0.23831720121501643,
      0.2384018077224712,
      0.23849180988125976,
      0.23877061373515227,
      0.23888596791128042,
      0.2389878716175482,
      0.24029488740241683,
      0.24037406437319794,
      0.24077722118010694,
      0.24095323368204477,
      0.24096392791706356,
      0.24103317659486662,
      0.24107790410822033,
      0.24179427256576294,
      0.24248751456308357,
      0.24267145210888158,
      0.24285486335914463,
      0.2433054245361177,
      0.24348966589778573,
      0.24372778158069305,
      0.24403193455533193,
      0.24429837042947447,
      0.24459606721761618,
      0.2446515245051334,
      0.24473501954014432,
      0.24518526421595027,
      0.24531279908617626,
      0.24543269975297036,
      0.24554172196502563,
      0.24585930702087735,
      0.24633378125673017,
      0.24731018742348032,
      0.24779539672359907,
      0.2484320516210585,
      0.24906854997761899,
      0.24911193542074914,
      0.24929126188103048,
      0.24943042989528166,
      0.24946727482398823,
      0.24948967551667645,
      0.24970293000654245,
      0.24970538002375578,
      0.2498739766827004,
      0.2501088617558005,
      0.25056694913362004,
      0.2511870436725306,
      0.25120418330249056,
      0.2521840772047831,
      0.25252965523311366,
      0.2525998495995641,
      0.2528075095235745,
      0.25295357994905243,
      0.25311529335132177,
      0.2532137904735134,
      0.2534530778533693,
      0.2535724362562179,
      0.2536233890223052,
      0.254319345371064,
      0.2549056607628562,
      0.2553294967653866,
      0.25552926962672695,
      0.2555822431073505,
      0.2556268342577643,
      0.2567393330020941,
      0.2567721479044887,
      0.2568167408134968,
      0.25706681787263747,
      0.2578087871796486,
      0.2578701367864569,
      0.25858172186327794,
      0.25869264586334567,
      0.2591120080363714,
      0.2594254920502625,
      0.2594558982513279,
      0.2596966972690729,
      0.25969923292285546,
      0.25986349960774985,
      0.26000611358320525,
      0.26011982824409113,
      0.26014097370843187,
      0.2602346873772632,
      0.2602908182774045,
      0.260294839750701,
      0.26060377347073393,
      0.2606842726669315,
