{
  "task": "classification",
  "format": "onnx",
  "preset_name": "default",
  "use_linear": false,
  "n_features_in": 1791,
  "classes": [
    0,
    1
  ],
  "params": {
    "C": 1.0,
    "kernel": "rbf",
    "gamma": "scale",
    "class_weight": "balanced",
    "max_iter": 2650,
    "tol": 0.001,
    "random_state": 42,
    "use_linear": false
  },
  "profile": {
    "n_samples": 530,
    "n_features": 1791,
    "n_p_ratio": 0.29592406476828587,
    "sparsity": 0.48752041128072227,
    "is_sparse_counts": false,
    "binary_feature_fraction": 0.002233389168062535,
    "feature_signal_strength": 0.0897422666016495,
    "feature_signal_p90": 0.18432019284223752,
    "task": "classification",
    "imbalance_ratio": 9.0,
    "y_skewness": 0.0,
    "y_all_positive": false
  },
  "portfolio_scores": {
    "heuristic": 0.997037037037037,
    "default": 0.9975308641975309,
    "linear": 0.9955555555555555,
    "balanced_rbf": 0.9990123456790123
  },
  "decision_cutoff_raw": 0.43255813760402917,
  "decision_cutoff_raw_source": "oof_balanced_accuracy",
  "decision_cutoff_proba": 0.12873261654190543,
  "decision_cutoff_rank": 0.8601134215500945,
  "decision_cutoff_logit": -1.9122114009169187,
  "calibrator": {
    "method": "platt",
    "coef": 7.323418157662656,
    "intercept": -5.080015520091007
  },
  "ranker": {
    "knots": [
      0.17218326755417895,
      0.17381396711918884,
      0.17431488943904208,
      0.17463273506186602,
      0.17694737931507876,
      0.18218020774109428,
      0.182679002944174,
      0.18282398666058783,
      0.18443167567525456,
      0.1862396032405423,
      0.18633498844788046,
      0.18652231093043473,
      0.18669264341681965,
      0.1884153014024652,
      0.18949135378936333,
      0.18973546106417213,
      0.18995799264732696,
      0.19005605005302706,
      0.19023947147928102,
      0.1907884736579109,
      0.19091078911700296,
      0.19129732315368228,
      0.1946806652279434,
      0.19541182144445263,
      0.195992692177609,
      0.19610935831599033,
      0.19704891874437266,
      0.19716862407774238,
      0.19717039882897813,
      0.19810057243159035,
      0.19877322597853297,
      0.1990530510045533,
      0.19916190092890637,
      0.20002388202338817,
      0.20016089358619013,
      0.2002163345510141,
      0.20031283289561963,
      0.20080179581084767,
      0.2017211661701063,
      0.20294526623002662,
      0.20352354222608646,
      0.20353322541491303,
      0.20367032130032775,
      0.20370998239118124,
      0.2046006066978058,
      0.20541922062340223,
      0.20582826689434766,
      0.20649058640195228,
      0.20666034817678783,
      0.2073105110389016,
      0.20783371097159567,
      0.20801288318554742,
      0.20825400780131298,
      0.20986157911087502,
      0.21004664851997662,
      0.21124074120912542,
      0.21175404385108385,
      0.21185128922899077,
      0.2124418769020932,
      0.21277254212228106,
      0.21281872364202875,
      0.21383086642938914,
      0.21390982925250723,
      0.21429373950246947,
      0.21440674150692823,
      0.21469479378175269,
      0.21492878785286937,
      0.21553259916607362,
      0.21559814111820408,
      0.21573231524269418,
      0.21589224242210778,
      0.2166120279880849,
      0.21664031858596627,
      0.2167446784207695,
      0.21682152924584017,
      0.216886577556908,
      0.2173081712496357,
      0.21756834785130663,
      0.21765444320072755,
      0.2176790708144101,
      0.21768206366334844,
      0.21784987496996894,
      0.21798018590652507,
      0.2192634823748721,
      0.21948608148808946,
      0.21949130911022752,
      0.21977276686956176,
      0.2201097756320881,
      0.22084469926414463,
      0.22095028382037177,
      0.22140456151077417,
      0.22177233777132635,
      0.22181882924952,
      0.22189775060940464,
      0.22190487719206084,
      0.222100661968797,
      0.22244146920756144,
      0.2225319942077764,
      0.22305671491150628,
      0.2231537544946918,
      0.2233503219110089,
      0.22400966578844497,
      0.22434060926737984,
      0.22437528845445828,
      0.22462341307117525,
      0.22469850598451682,
      0.2248994531101034,
      0.22521588987437746,
      0.22606838516263172,
      0.2263646474511517,
      0.2265281620031822,
      0.22653663116159958,
      0.22737456396460848,
      0.22764083738176516,
      0.2280130354129572,
      0.2286563244733168,
      0.2290980535774806,
      0.22911775428936984,
      0.22954143761329757,
      0.22986256056294205,
      0.23001841819806304,
      0.2301490402713494,
      0.23026462716626322,
      0.23035551316220135,
      0.23081799162669103,
      0.2309620188839841,
      0.2309723489530175,
      0.23214875441078348,
      0.23271895947314725,
      0.23296463058237787,
      0.23310703462183827,
      0.23325667246870638,
      0.23363823224840877,
      0.2343625160860717,
      0.23442003011226528,
      0.234476887508338,
      0.23461777439775014,
      0.2346277701423849,
      0.23467457428121855,
      0.2348846281545824,
      0.23502330045992767,
      0.23531960859706483,
      0.23539683200159917,
      0.23573756459994824,
      0.23645609484241162,
      0.23693298553452247,
      0.23733908247057167,
      0.237530931151181,
      0.2376510182030714,
      0.23798482786260625,
      0.23808756518374036,
      0.23834407542520483,
      0.23852509310112605,
      0.2392275324571419,
      0.23958078746833503,
      0.23967571805248233,
      0.2398008562792135,
      0.24005377939311182,
      0.2402962111899601,
      0.24036080578729768,
      0.24038637875129065,
      0.2408475314455292,
      0.24095507792088183,
      0.2411310738938344,
      0.2412381854476818,
      0.24148490736287082,
      0.24177011438366566,
      0.2417821494887097,
      0.24267025606826959,
      0.24287949430398942,
      0.24305242662831994,
      0.2435804779480928,
      0.24385034470137398,
      0.2439897995224891,
      0.24406714587691467,
      0.2441984846763552,
      0.2442456813382202,
      0.24443835539935618,
      0.24447117849932676,
      0.24466701295802182,
      0.24522256507466872,
      0.2453395593420627,
      0.24588035283773058,
      0.24590182647020853,
      0.24616194502031913,
      0.2461982519440224,
      0.24642431759384228,
      0.2464642105539851,
      0.24650615736941822,
      0.24655943991649923,
      0.24658108720298388,
      0.24673319601854307,
      0.24682654464322912,
      0.2481136182569208,
      0.2481288826213414,
      0.24823452684682448,
      0.2484349416097646,
      0.24928776693439372,
      0.2493004865355739,
      0.2495106965569625,
      0.25005956254274647,
      0.2500825731049549,
      0.25012636994991555,
      0.2502740726785192,
      0.25038576536406876,
      0.2505450102000976,
      0.25056697158539143,
      0.25081942580941796,
      0.2510211490019377,
      0.25107211450841604,
      0.25152911292526026,
      0.25163142660359356,
      0.25194347315959487,
      0.252226465211353,
      0.25223260081705123,
      0.25227682771035465,
      0.2522990719396639,
      0.25240959806648455,
      0.25244095709351344,
      0.25272660384243817,
      0.25291031672275965,
      0.25310806602202374,
      0.2532314626400439,
      0.2535232140100497,
      0.2535328436901092,
      0.25373578189159307,
      0.25392096801988073,
      0.2544350546379548,
      0.254455559772528,
      0.2545556749563267,
      0.2550675798761182,
      0.2554865048759358,
      0.2555617228783906,
      0.2555914841882398,
      0.2559110079098854,
      0.25613922356297636,
      0.2563034480464752,
      0.25648057548393455,
      0.25682277031975037,
      0.2572090694456752,
      0.25730653709472134,
      0.25760990754701496,
      0.2576585864247909,
      0.2577883530461654,
      0.25797675086837246,
      0.2579946513595076,
      0.2582778915064535,
      0.2585010831398885,
      0.258563817281033,
