{
  "task": "classification",
  "format": "onnx",
  "preset_name": "default",
  "best_iteration": 99,
  "params": {
    "tree_method": "hist",
    "device": "cpu",
    "learning_rate": 0.3,
    "max_depth": 6,
    "min_child_weight": 1,
    "subsample": 1.0,
    "colsample_bytree": 1.0,
    "reg_alpha": 0.0,
    "reg_lambda": 1.0,
    "max_bin": 256,
    "n_estimators": 2000,
    "early_stopping_rounds": 50,
    "nthread": 64,
    "objective": "binary:logistic",
    "scale_pos_weight": 9.0,
    "eval_metric": "auc"
  },
  "profile": {
    "n_samples": 530,
    "n_features": 1779,
    "n_p_ratio": 0.297920179876335,
    "sparsity": 0.4811681355860299,
    "is_sparse_counts": false,
    "binary_feature_fraction": 0.0005621135469364812,
    "feature_signal_strength": 0.09217267191451033,
    "feature_signal_p90": 0.19000835981817807,
    "task": "classification",
    "imbalance_ratio": 9.0,
    "y_skewness": 0.0,
    "y_all_positive": false
  },
  "portfolio_scores": {
    "flaml": NaN,
    "autogluon": NaN,
    "heuristic": 0.9664529914529915,
    "default": 0.9668803418803419
  },
  "decision_cutoff_raw": 0.10414989292621613,
  "decision_cutoff_raw_source": "oof_balanced_accuracy",
  "decision_cutoff_proba": 0.03966024747216415,
  "decision_cutoff_rank": 0.8733459357277883,
  "decision_cutoff_logit": -3.186937767819118,
  "calibrator": {
    "method": "platt",
    "coef": 5.229722819039191,
    "intercept": -3.7316128394558388
  },
  "ranker": {
    "knots": [
      0.00011828904825961217,
      0.00014418986393138766,
      0.00014677866420242935,
      0.00018175294098909944,
      0.00018472202646080405,
      0.00019370827067177743,
      0.00019399920711293817,
      0.0002008807787206024,
      0.00020589095947798342,
      0.00021546507196035236,
      0.00021812076738569885,
      0.00022387311037164181,
      0.0002295640588272363,
      0.00023795860761310905,
      0.00023999488621484488,
      0.00024188066890928894,
      0.00024475660757161677,
      0.00024935114197432995,
      0.000253260659519583,
      0.0002540156419854611,
      0.00025505360099487007,
      0.0002596793929114938,
      0.0002604068140499294,
      0.0002614247496239841,
      0.0002652345865499228,
      0.0002656334254425019,
      0.00026752642588689923,
      0.0002701114281080663,
      0.00027410764596424997,
      0.00027680714265443385,
      0.00028013726114295423,
      0.00028033016133122146,
      0.0002810840669553727,
      0.00028515231679193676,
      0.00028548770933412015,
      0.00028760716668330133,
      0.0002890398900490254,
      0.000292282085865736,
      0.0002986193576361984,
      0.0003020119038410485,
      0.00030461561982519925,
      0.00030666994280181825,
      0.00030717000481672585,
      0.0003120217879768461,
      0.00031317543471232057,
      0.0003147610113956034,
      0.00032019600621424615,
      0.0003234259784221649,
      0.0003304572310298681,
      0.0003370300692040473,
      0.0003373126091901213,
      0.00034100282937288284,
      0.0003420450375415385,
      0.00034237667568959296,
      0.0003438684798311442,
      0.00034387814230285585,
      0.0003451962547842413,
      0.0003465534537099302,
      0.0003547201049514115,
      0.00035825709346681833,
      0.0003590885316953063,
      0.00035937002394348383,
      0.0003657426859717816,
      0.0003676939813885838,
      0.00037053279811516404,
      0.0003737649822141975,
      0.0003787325113080442,
      0.00038011965807527304,
      0.0003839652636088431,
      0.00038503389805555344,
      0.00038568509626202285,
      0.0003903004981111735,
      0.00039047954487614334,
      0.0003926426579710096,
      0.00039292030851356685,
      0.0003930369857698679,
      0.00039602137985639274,
      0.0003973278508055955,
      0.0003976994485128671,
      0.00039951730286702514,
      0.00039959594141691923,
      0.00040309116593562067,
      0.00040321392589248717,
      0.0004119238583371043,
      0.0004129291628487408,
      0.0004134244518354535,
      0.0004143866244703531,
      0.00041612322092987597,
      0.0004191873304080218,
      0.000419378571677953,
      0.00042096988181583583,
      0.0004214193904772401,
      0.0004221040871925652,
      0.0004244307929184288,
      0.0004271797661203891,
      0.00042977937846444547,
      0.00043062461190856993,
      0.00043125191587023437,
      0.0004467184189707041,
      0.0004486768739297986,
      0.00045000019599683583,
      0.00045453643542714417,
      0.00045628915540874004,
      0.00045638071605935693,
      0.000457549438579008,
      0.0004578471998684108,
      0.0004584905400406569,
      0.0004645155859179795,
      0.0004654599470086396,
      0.00046775408554822206,
      0.000480528746265918,
      0.00048097275430336595,
      0.0004817752924282104,
      0.000481863011373207,
      0.0004822140617761761,
      0.00048227820661850274,
      0.00048257436719723046,
      0.000493889965582639,
      0.0004967636778019369,
      0.0005028622690588236,
      0.0005066253361292183,
      0.0005079223774373531,
      0.0005087756435386837,
      0.0005110406200401485,
      0.0005166917107999325,
      0.0005225833156146109,
      0.0005260233883745968,
      0.0005264238570816815,
      0.0005278096068650484,
      0.0005342168151400983,
      0.0005345912068150938,
      0.0005360336508601904,
      0.0005397532950155437,
      0.0005415256600826979,
      0.0005430486635304987,
      0.0005450672470033169,
      0.0005470872856676579,
      0.0005502081476151943,
      0.0005506234592758119,
      0.0005517363897524774,
      0.0005524549633264542,
      0.0005578322452493012,
      0.0005600607255473733,
      0.0005626219208352268,
      0.0005649054073728621,
      0.0005657656583935022,
      0.0005669351085089147,
      0.0005791091825813055,
      0.0005830125301145017,
      0.0005832770839333534,
      0.0005910319741815329,
      0.0005917949019931257,
      0.0005963998846709728,
      0.0005968556506559253,
      0.0006036231061443686,
      0.00060730503173545,
      0.0006108731613494456,
      0.0006171036511659622,
      0.0006202124641276896,
      0.0006250243168324232,
      0.0006281404057517648,
      0.000639161269646138,
      0.0006477398565039039,
      0.000649803492706269,
      0.0006526793586090207,
      0.0006854136590845883,
      0.0006906816852279007,
      0.0006924908375367522,
      0.0006926588248461485,
      0.0006956758443266153,
      0.0006962332990951836,
      0.0006971266702748835,
      0.0007026728126220405,
      0.000703155470546335,
      0.0007042975630611181,
      0.0007044378435239196,
      0.0007088282145559788,
      0.0007123593823052943,
      0.0007195353391580284,
      0.0007217088714241982,
      0.0007230268674902618,
      0.0007364889024756849,
      0.0007447322714142501,
      0.0007475169841200113,
      0.0007480005151592195,
      0.0007583444239571691,
      0.0007591448375023901,
      0.0007627764134667814,
      0.0007633381756022573,
      0.0007636233349330723,
      0.0007637532544322312,
      0.0007671272032894194,
      0.0007687433972023427,
      0.0007777138380333781,
      0.000777929206378758,
      0.0007887851679697633,
      0.0008040280663408339,
      0.000810423691291362,
      0.0008115902310237288,
      0.0008151938673108816,
      0.000819217530079186,
      0.00082058907719329,
      0.0008220838499255478,
      0.000825333409011364,
      0.0008394687320105731,
      0.0008422320825047791,
      0.0008495285292156041,
      0.0008510711486451328,
      0.0008554260712116957,
      0.0008567345794290304,
      0.0008716658339835703,
      0.000876733276527375,
      0.0008851425955072045,
      0.0008903463021852076,
      0.0008922754204832017,
      0.0008926559239625931,
      0.0008983796578831971,
      0.0008990621427074075,
      0.0009035441325977445,
      0.0009114957647398114,
      0.0009164887596853077,
      0.0009176019812002778,
      0.0009185952367261052,
