{
  "task": "classification",
  "format": "onnx",
  "preset_name": "default",
  "best_iteration": 99,
  "params": {
    "tree_method": "hist",
    "device": "cpu",
    "learning_rate": 0.3,
    "max_depth": 6,
    "min_child_weight": 1,
    "subsample": 1.0,
    "colsample_bytree": 1.0,
    "reg_alpha": 0.0,
    "reg_lambda": 1.0,
    "max_bin": 256,
    "n_estimators": 2000,
    "early_stopping_rounds": 50,
    "nthread": 16,
    "objective": "binary:logistic",
    "scale_pos_weight": 9.0,
    "eval_metric": "auc"
  },
  "profile": {
    "n_samples": 530,
    "n_features": 1791,
    "n_p_ratio": 0.29592406476828587,
    "sparsity": 0.48752041128072227,
    "is_sparse_counts": false,
    "binary_feature_fraction": 0.002233389168062535,
    "feature_signal_strength": 0.0897422666016495,
    "feature_signal_p90": 0.18432019284223752,
    "task": "classification",
    "imbalance_ratio": 9.0,
    "y_skewness": 0.0,
    "y_all_positive": false
  },
  "portfolio_scores": {
    "flaml": NaN,
    "autogluon": NaN,
    "heuristic": 0.9715811965811967,
    "default": 0.9641025641025641
  },
  "decision_cutoff_raw": 0.05638512596487999,
  "decision_cutoff_raw_source": "oof_balanced_accuracy",
  "decision_cutoff_proba": 0.029427760030767348,
  "decision_cutoff_rank": 0.8582230623818525,
  "decision_cutoff_logit": -3.495947388080841,
  "calibrator": {
    "method": "platt",
    "coef": 5.392965973282583,
    "intercept": -3.800030453808691
  },
  "ranker": {
    "knots": [
      0.00012610558769665658,
      0.00013813852274324745,
      0.00014076734078116715,
      0.000151250627823174,
      0.00015602371422573924,
      0.00017130999185610563,
      0.00018367543816566467,
      0.00018800454563461244,
      0.00019471101404633373,
      0.00021326419664546847,
      0.00021748551807831973,
      0.00022021587938070297,
      0.0002210668462794274,
      0.00022147868003230542,
      0.00023007678100839257,
      0.00023065887216944247,
      0.00024199231120292097,
      0.00024219704209826887,
      0.00024378474336117506,
      0.00024678398040123284,
      0.00024828879395499825,
      0.0002487543970346451,
      0.0002494662185199559,
      0.00025412635295651853,
      0.0002546606701798737,
      0.00025821413146331906,
      0.0002591498487163335,
      0.000261547917034477,
      0.00026303710183128715,
      0.00026337741292081773,
      0.0002704616344999522,
      0.0002722558274399489,
      0.0002736773167271167,
      0.00027375639183446765,
      0.0002740020863711834,
      0.0002741492062341422,
      0.00027586345095187426,
      0.000281269836705178,
      0.000281484448350966,
      0.0002826408017426729,
      0.00028905970975756645,
      0.0002904451102949679,
      0.0002958795230370015,
      0.000298839237075299,
      0.00030438308021984994,
      0.00030713400337845087,
      0.0003080633468925953,
      0.0003110188408754766,
      0.00031168048735708,
      0.00031186238629743457,
      0.00031638683867640793,
      0.0003164007212035358,
      0.0003167073300573975,
      0.0003287409490440041,
      0.00032920227386057377,
      0.0003339756513014436,
      0.0003470270603429526,
      0.0003523534396663308,
      0.0003544383798725903,
      0.00035535424831323326,
      0.00035554877831600606,
      0.0003556253795977682,
      0.0003565800143405795,
      0.0003607803664635867,
      0.0003646157856564969,
      0.00036893345532007515,
      0.0003706951392814517,
      0.000371598987840116,
      0.0003723211120814085,
      0.00037265350692905486,
      0.00037545792292803526,
      0.0003803501895163208,
      0.0003809967020060867,
      0.00038373013376258314,
      0.0003859160642605275,
      0.0003904301847796887,
      0.0003960306057706475,
      0.0004019754414912313,
      0.00040772370994091034,
      0.00041460490319877863,
      0.00041631466592662036,
      0.0004186593578197062,
      0.00042509526247158647,
      0.00043265827116556466,
      0.000433932727901265,
      0.0004344084591139108,
      0.0004371926770545542,
      0.0004376870347186923,
      0.000442162825493142,
      0.00044360224273987114,
      0.0004473922017496079,
      0.0004494090680964291,
      0.0004533427709247917,
      0.0004571269964799285,
      0.00045763011439703405,
      0.00046653265599161386,
      0.00046767809544689953,
      0.000468730489956215,
      0.00047056438052095473,
      0.00047157786320894957,
      0.0004736885894089937,
      0.00047407549573108554,
      0.00047633584472350776,
      0.00048093587975017726,
      0.00048261365736834705,
      0.00048572869854979217,
      0.0004865356895606965,
      0.00048693999997340143,
      0.0004942342056892812,
      0.0004983945400454104,
      0.0005022517289035022,
      0.0005034646601416171,
      0.0005048263119533658,
      0.0005060599069111049,
      0.0005122661823406816,
      0.0005173865938559175,
      0.0005181222222745419,
      0.000519829336553812,
      0.0005222922773100436,
      0.0005223164334893227,
      0.0005254796124063432,
      0.0005260832840576768,
      0.000526578223798424,
      0.000527678057551384,
      0.0005356608307920396,
      0.0005398693028837442,
      0.0005408849683590233,
      0.0005426445859484375,
      0.0005441762041300535,
      0.0005466551519930363,
      0.0005533226649276912,
      0.0005540200509130955,
      0.000554945960175246,
      0.0005583564634434879,
      0.0005612722015939653,
      0.0005625774501822889,
      0.0005763496737927198,
      0.0005766741232946515,
      0.0005769789568148553,
      0.0005789099959656596,
      0.0005827397690154612,
      0.0005974136292934418,
      0.0006004588212817907,
      0.000615788740105927,
      0.0006191458087414503,
      0.0006219444912858307,
      0.0006225947290658951,
      0.0006266708951443434,
      0.0006281814421527088,
      0.0006349917966872454,
      0.0006399244302883744,
      0.0006408010958693922,
      0.00064262212254107,
      0.0006437178235501051,
      0.0006453213281929493,
      0.0006482045282609761,
      0.0006522969342768192,
      0.0006585106602869928,
      0.0006649892311543226,
      0.0006651512230746448,
      0.0006667235866189003,
      0.0006674963515251875,
      0.0006675460026599467,
      0.0006684340769425035,
      0.000672756286803633,
      0.0006790703628212214,
      0.0006800048868171871,
      0.0006808576290495694,
      0.0006818153779022396,
      0.0006895589758642018,
      0.000694632122758776,
      0.000694715534336865,
      0.0006963862106204033,
      0.0006979742320254445,
      0.0007044936064630747,
      0.0007083123200573027,
      0.0007157960208132863,
      0.0007197071681730449,
      0.0007221117266453803,
      0.0007244787411764264,
      0.0007246852037496865,
      0.0007291155052371323,
      0.0007309340289793909,
      0.0007321331067942083,
      0.0007341029122471809,
      0.0007373308762907982,
      0.0007380145834758878,
      0.0007473638979718089,
      0.0007476769969798625,
      0.0007531647570431232,
      0.000755630957428366,
      0.000761458941269666,
      0.0007632020860910416,
      0.0007657037349417806,
      0.000766197161283344,
      0.0007787625072523952,
      0.0007866949308663607,
      0.0007952250889502466,
      0.000795249710790813,
      0.0007974044419825077,
      0.0008056996739469469,
      0.0008107793400995433,
      0.0008164641913026571,
      0.0008266359800472856,
      0.0008488266030326486,
      0.0008522580028511584,
      0.0008522888529114425,
      0.0008561971480958164,
      0.0008680016617290676,
      0.0008693906129337847,
      0.0008957837708294392,
      0.0009067640057764947,
      0.0009092422551475465,
      0.0009101176401600242,
      0.000910494476556778,
      0.0009131752303801477,
      0.0009200895437970757,
      0.0009249252616427839,
      0.000927584245800972,
      0.0009314389317296445,
      0.0009413711377419531,
      0.0009516770369373262,
      0.0009690130827948451,
