{
  "task": "classification",
  "format": "onnx",
  "preset_name": "linear",
  "use_linear": true,
  "n_features_in": 1710,
  "classes": [
    0,
    1
  ],
  "params": {
    "C": 0.1,
    "class_weight": "balanced",
    "max_iter": 2180,
    "tol": 0.001,
    "random_state": 42,
    "use_linear": true
  },
  "profile": {
    "n_samples": 436,
    "n_features": 1710,
    "n_p_ratio": 0.2549707602339181,
    "sparsity": 0.2813616610333172,
    "is_sparse_counts": false,
    "binary_feature_fraction": 0.0,
    "feature_signal_strength": 0.10689549419492829,
    "feature_signal_p90": 0.22385023578834487,
    "task": "classification",
    "imbalance_ratio": 2.6333333333333333,
    "y_skewness": 0.0,
    "y_all_positive": false
  },
  "portfolio_scores": {
    "heuristic": 0.625,
    "default": 0.625,
    "linear": 0.7266666666666667,
    "balanced_rbf": 0.6616666666666666
  },
  "decision_cutoff_raw": 0.3782966490041683,
  "decision_cutoff_raw_source": "oof_balanced_accuracy",
  "decision_cutoff_proba": 0.2665569487212233,
  "decision_cutoff_rank": 0.6344827586206896,
  "decision_cutoff_logit": -1.012162042828383,
  "calibrator": {
    "method": "platt",
    "coef": 3.0439691761517187,
    "intercept": -2.1636853818385573
  },
  "ranker": {
    "knots": [
      2.0356255717055982e-10,
      2.123331627275042e-10,
      4.0941006136486615e-10,
      5.802765919392219e-10,
      7.590635386421448e-09,
      1.849908377990512e-08,
      2.6147488194714636e-08,
      4.562977707479784e-08,
      2.3053871847167832e-07,
      2.634032255761451e-07,
      4.0810192521763104e-07,
      7.711180641124245e-07,
      2.6162308022729976e-06,
      3.0054018238238454e-06,
      6.687011270719009e-06,
      1.553489875557815e-05,
      1.9108198164045077e-05,
      3.125854113510131e-05,
      8.483839175792753e-05,
      8.533129996119907e-05,
      0.0002154821576784868,
      0.0003168311390495536,
      0.00033569327197108316,
      0.00039859245587542196,
      0.0004215060909488496,
      0.0005982673011229007,
      0.0007137786597456084,
      0.000847545596706238,
      0.0008632539619977012,
      0.001055013664123757,
      0.0010633780878380125,
      0.001258709578332606,
      0.00135232600570958,
      0.0024742497757862113,
      0.0025048876557583278,
      0.0025192203896756476,
      0.002561509554346698,
      0.0027922096698300668,
      0.00293906213085365,
      0.003577726395997813,
      0.0037303896529512345,
      0.003955954661595135,
      0.004011103031836414,
      0.004086901357150156,
      0.0041597317914606425,
      0.004253192613091105,
      0.004371063282829897,
      0.004427154973857234,
      0.004589901933085979,
      0.0049176906623998665,
      0.0051123925764467015,
      0.005118829640337659,
      0.006418296729958632,
      0.006465306488144909,
      0.007315683560513247,
      0.0074440792118844554,
      0.008096464191638543,
      0.008866536879446189,
      0.008963852047948547,
      0.008992116520732493,
      0.009558760071928685,
      0.009784555828070526,
      0.010018550036054633,
      0.010109291481850226,
      0.010440521987153758,
      0.011052364828376456,
      0.011866929693769573,
      0.012197645372057146,
      0.012405244884110812,
      0.013075734877770213,
      0.013811925017844916,
      0.014140700089149355,
      0.01422995679203323,
      0.014376893129412878,
      0.014767562574165383,
      0.01571713523889624,
      0.015740068218576157,
      0.01669981488068421,
      0.01806980891800285,
      0.018272737785164965,
      0.0185093589997623,
      0.018930917027756008,
      0.0197559327730766,
      0.020509963082391117,
      0.021610141893988792,
      0.023482665940516654,
      0.023524715224303404,
      0.023526607701149605,
      0.024054289180445547,
      0.024326255845620613,
      0.02439935826468875,
      0.02645048612352504,
      0.027901596521623894,
      0.028095862396103614,
      0.02933635175181357,
      0.029605479453307017,
      0.03062606194855978,
      0.03064674592761193,
      0.03242837278180697,
      0.03316104504431612,
      0.03469659582365816,
      0.03544818132748539,
      0.03591190827910657,
      0.03712698578043889,
      0.03714142612246232,
      0.037590549350705924,
      0.03801769246146444,
      0.039354840591865434,
      0.03942229587428141,
      0.03952998323683451,
      0.041745587937060256,
      0.04256444464720984,
      0.042737225703784666,
      0.04307711900389472,
      0.04481398328528912,
      0.045128974343726085,
      0.04559784531334908,
      0.045662859565986806,
      0.04672586486148329,
      0.04680278392190988,
      0.047229204449102544,
      0.048551580308924314,
      0.04897829291997691,
      0.050004256164559086,
      0.05097933533352503,
      0.05162930594376564,
      0.05167733918970284,
      0.053274197477165795,
      0.053403670139894846,
      0.05432591197256051,
      0.054346776676748615,
      0.0553923728461549,
      0.05723736632140953,
      0.057483435854146434,
      0.05805930443568268,
      0.058191924279874255,
      0.06013171292620954,
      0.06014175558764466,
      0.06163623599874306,
      0.06227389568700073,
      0.06336549269470944,
      0.06374888378620516,
      0.06481200065863461,
      0.06761815933629166,
      0.06797193775724185,
      0.06852784232031739,
      0.0687615745613353,
      0.07054386616130848,
      0.07325318936249428,
      0.0737696295797275,
      0.07393589240039108,
      0.07576783658950577,
      0.07950257335552909,
      0.07981626948847277,
      0.08202787319901467,
      0.08355193505148502,
      0.08415435136395757,
      0.08449488062441146,
      0.08459368367484786,
      0.0872321077691288,
      0.08885830419806012,
      0.09047731199163152,
      0.09065284745061886,
      0.09711777892551562,
      0.09858442956481939,
      0.099131801080347,
      0.1003096233430861,
      0.10097034782458723,
      0.10207030697380005,
      0.1032503583630023,
      0.10372897146204131,
      0.1055053024424416,
      0.10739689745725613,
      0.10747317872936582,
      0.10763436941655659,
      0.11014819220617786,
      0.11015800614205301,
      0.11099367127923308,
      0.11230262850312106,
      0.11388671615852926,
      0.11389071350925481,
      0.1162124996162244,
      0.11700934310361871,
      0.11764764654383121,
      0.11978676599607406,
      0.12062757971846874,
      0.12161698865952886,
      0.12452114516193491,
      0.13024131870420877,
      0.13264915543060382,
      0.1333845515910572,
      0.13860151399017398,
      0.14057259740309958,
      0.15026209635176488,
      0.15066713613957944,
      0.15443259919577798,
      0.1575918855665126,
      0.16023280881909613,
      0.16181828957804897,
      0.16194414531057474,
      0.1654236185739411,
      0.16711323357297395,
      0.16731875902457352,
      0.17563083576762886,
      0.17669861152632182,
      0.17675310379684805,
      0.18006353725004282,
      0.1835743833135501,
      0.1842767685740695,
      0.18906636600790744,
      0.1893156663172323,
      0.20141787235221723,
      0.2099660693871369,
      0.21187872735088348,
      0.21200443019496962,
      0.21310650851391694,
      0.21426855133426362,
      0.2160631841432723,
      0.21617326662164588,
      0.22654089686013418,
      0.22855107059109267,
      0.2287194382702739,
      0.23490823771211577,
      0.23527835866303945,
      0.23562193117512142,
      0.2406526413802497,
      0.24182315165315796,
      0.2453758802371026,
      0.24597842933379188,
      0.248913825944284,
      0.2489777300367254,
      0.25127004482611726,
      0.2545419723335265,
      0.2575727636920116,
      0.2589143555122246,
      0.2612194839902706,
      0.2625896485770544,
      0.2629203939300262,
      0.2640784296827795,
      0.2659590354691327,
      0.2661725574688828,
      0.27092564153771775,
      0.27113070755027296,
      0.27200822290876203,
      0.2731639101878673,
