{
  "task": "classification",
  "format": "onnx",
  "preset_name": "balanced_rbf",
  "use_linear": false,
  "n_features_in": 1710,
  "classes": [
    0,
    1
  ],
  "params": {
    "C": 10.9545,
    "kernel": "rbf",
    "gamma": "scale",
    "class_weight": "balanced",
    "max_iter": 2180,
    "tol": 0.001,
    "random_state": 42,
    "use_linear": false
  },
  "profile": {
    "n_samples": 436,
    "n_features": 1710,
    "n_p_ratio": 0.2549707602339181,
    "sparsity": 0.2813764150437255,
    "is_sparse_counts": false,
    "binary_feature_fraction": 0.0,
    "feature_signal_strength": 0.10689549441884981,
    "feature_signal_p90": 0.22385020719786025,
    "task": "classification",
    "imbalance_ratio": 2.6333333333333333,
    "y_skewness": 0.0,
    "y_all_positive": false
  },
  "portfolio_scores": {
    "heuristic": 0.73,
    "default": 0.74,
    "linear": 0.7816666666666667,
    "balanced_rbf": 0.8250000000000001
  },
  "decision_cutoff_raw": 0.5159778134288295,
  "decision_cutoff_raw_source": "oof_balanced_accuracy",
  "decision_cutoff_proba": 0.2383375423525274,
  "decision_cutoff_rank": 0.3586206896551724,
  "decision_cutoff_logit": -1.1618155744899865,
  "calibrator": {
    "method": "platt",
    "coef": 3.3158950263709612,
    "intercept": -2.872743839756406
  },
  "ranker": {
    "knots": [
      0.025326874771636896,
      0.051352734783197344,
      0.09785606993639985,
      0.09849019219890738,
      0.10661284974205429,
      0.11682906828627113,
      0.14786251577547135,
      0.16527649071403525,
      0.16605495142861157,
      0.1667907800131297,
      0.1717845206428481,
      0.17331312205375463,
      0.17852654460613007,
      0.18441130239814602,
      0.18979236508736924,
      0.19456736313286144,
      0.19595445589349406,
      0.1963631154890288,
      0.19842255233809977,
      0.19882116298551625,
      0.1992405504577507,
      0.19928495371526542,
      0.2003199689662864,
      0.20441800099703109,
      0.20666220060177004,
      0.20755775417632855,
      0.210640055938006,
      0.2190174715900443,
      0.22286448651740934,
      0.22287265939444167,
      0.22300444507167907,
      0.22831712046346112,
      0.22935363100364065,
      0.23113510042182,
      0.23296348704202577,
      0.23339490664229828,
      0.23389393181471554,
      0.23443602424075247,
      0.23476693838058688,
      0.24023815314594213,
      0.24190148428908723,
      0.24539398962674938,
      0.24703676786189863,
      0.2471284826191817,
      0.24829244733863248,
      0.2483246027726822,
      0.25243268703514854,
      0.2534333312578494,
      0.25368748566268173,
      0.25523615982796555,
      0.2569288821818091,
      0.2577751206900217,
      0.25799861623108367,
      0.25851370296749693,
      0.25931291363141445,
      0.26036283046742553,
      0.2629075411927152,
      0.26291404485997344,
      0.26304088906054496,
      0.2647870326462059,
      0.2655152539215861,
      0.2655299273012015,
      0.26611361148383283,
      0.2677338866621734,
      0.26787204050763314,
      0.26827521720803243,
      0.2691323059250491,
      0.2693767269451847,
      0.2696031064179606,
      0.27002017966583286,
      0.2703643488602316,
      0.270443674684038,
      0.27116055519235677,
      0.2721557914399704,
      0.2767332522876859,
      0.27735500149027953,
      0.27910501847213476,
      0.2795821108465788,
      0.2806600775307194,
      0.2821546893452317,
      0.28315344677641857,
      0.2833941920212935,
      0.2846908130569521,
      0.28634606846463273,
      0.2863813207950986,
      0.28862736600656574,
      0.28969204718971386,
      0.29146414909318796,
      0.2915010667520944,
      0.2916166493297986,
      0.2935285467971604,
      0.2974132513240181,
      0.29769854633715337,
      0.2984054895042197,
      0.3107465324883214,
      0.3110324527385623,
      0.3111159498108721,
      0.31138025282973286,
      0.3133157540719859,
      0.31745553194459536,
      0.32136866888326293,
      0.32225047538677976,
      0.3319976497540612,
      0.33358146099538377,
      0.3357443891536042,
      0.3371585743598725,
      0.3371749324438876,
      0.3422401686030225,
      0.35167658374872457,
      0.35474565260031815,
      0.3549114120049745,
      0.3595855008666321,
      0.3620484481939407,
      0.3627396991822534,
      0.36347466185334126,
      0.36518908141092954,
      0.36566418009081936,
      0.3671647404808823,
      0.36901412945790846,
      0.3691111423283861,
      0.3776870693777937,
      0.3810975666224853,
      0.3841040508920928,
      0.38684882963964506,
      0.3907353236978683,
      0.3935324876219843,
      0.3948274204773295,
      0.40411217088151996,
      0.4052872992684208,
      0.40583959735622344,
      0.40658605647440466,
      0.40841759542355843,
      0.40966756943550287,
      0.41462772185977587,
      0.4201955924698711,
      0.4210853024096032,
      0.4218611613442484,
      0.4254547427841091,
      0.425927377201677,
      0.4300051851131985,
      0.4431766004120069,
      0.4468928021158437,
      0.4564681724811528,
      0.4581361422378586,
      0.4658264658724029,
      0.46898126649092403,
      0.47901232210363437,
      0.47912538689121026,
      0.49244824647798446,
      0.49814063750705306,
      0.5016140519660683,
      0.5027144613050312,
      0.5033346085672106,
      0.5036466644540732,
      0.5044668265085687,
      0.5125547487635844,
      0.5159778134288295,
      0.5209279134109243,
      0.5212522420362146,
      0.5397217392503472,
      0.5458256832814852,
      0.5505891442680412,
      0.5548704243627508,
      0.5601574738755575,
      0.5619723313564813,
      0.5671791882811648,
      0.5675822981240516,
      0.5748897733726,
      0.5754033944366901,
      0.5785481179687905,
      0.5810714377397265,
      0.5847488937664989,
      0.5849068381574992,
      0.5850784044802457,
      0.5873885411288383,
      0.5883806214463375,
      0.5894195851422962,
      0.5914880883482564,
      0.5979277449744193,
      0.5980052344449405,
      0.5994186243357361,
      0.5996651014108078,
      0.6044586239918689,
      0.6089652729579965,
      0.6150946364122409,
      0.618653861177786,
      0.6199585128451129,
      0.6204387587857404,
      0.6211975005081046,
      0.6214060687535863,
      0.623430663521176,
      0.6235491456770434,
      0.6253898480892243,
      0.6267395685383166,
      0.6291064109737554,
      0.6332001847532313,
      0.6345836061701263,
      0.6373260441027063,
      0.6377083453308297,
      0.638243209085861,
      0.6383207475685299,
      0.6386661879934679,
      0.6387948750983241,
      0.6397388872280729,
      0.639783842657872,
      0.6401053931467138,
      0.6402198268489537,
      0.640562206078144,
      0.6409120158072986,
      0.6413158937406895,
      0.6414383559026356,
      0.6423485005318949,
      0.6429584833379307,
      0.6440058606167014,
      0.6444819355150436,
      0.6453512360397715,
      0.6459702211668499,
      0.6462167102691644,
      0.6471958532241426,
      0.64728906399748,
      0.6476996865192494,
      0.6484458616002685,
      0.6494620678979336,
      0.6495250614770754,
      0.6497327452363552,
      0.6498384610072004,
      0.6522302435657218,
      0.6527221329767319,
      0.6529934075463255,
      0.6530089403602798,
      0.6530752721426244,
      0.6531743265149627,
      0.6533799112417145,
      0.65339831775377,
      0.6535154541507583,
      0.6535956375060828,
      0.6536873275193814,
      0.6539226648172475,
      0.6540001268515985,
      0.6541312336323412,
      0.6551739275600139,
      0.6555311264856952,
      0.6562061552063421,
      0.6564401210358416,
      0.6564993169663479,
      0.6566521583606134,
      0.6568820910712186,
      0.6573923824408786,
      0.6575858472672607,
      0.6578076020400832,
      0.6582012620932299,
      0.6584066677070718,
      0.6587376029569293,
      0.6587415166877394,
