{
  "task": "classification",
  "format": "onnx",
  "preset_name": "default",
  "best_iteration": 99,
  "params": {
    "tree_method": "hist",
    "device": "cpu",
    "learning_rate": 0.3,
    "max_depth": 6,
    "min_child_weight": 1,
    "subsample": 1.0,
    "colsample_bytree": 1.0,
    "reg_alpha": 0.0,
    "reg_lambda": 1.0,
    "max_bin": 256,
    "n_estimators": 2000,
    "early_stopping_rounds": 50,
    "nthread": 16,
    "objective": "binary:logistic",
    "scale_pos_weight": 2.6333,
    "eval_metric": "auc"
  },
  "profile": {
    "n_samples": 436,
    "n_features": 1710,
    "n_p_ratio": 0.2549707602339181,
    "sparsity": 0.2813764150437255,
    "is_sparse_counts": false,
    "binary_feature_fraction": 0.0,
    "feature_signal_strength": 0.10689549441884981,
    "feature_signal_p90": 0.22385020719786025,
    "task": "classification",
    "imbalance_ratio": 2.6333333333333333,
    "y_skewness": 0.0,
    "y_all_positive": false
  },
  "portfolio_scores": {
    "flaml": NaN,
    "autogluon": NaN,
    "heuristic": 0.9177777777777778,
    "default": 0.9202777777777778
  },
  "decision_cutoff_raw": 0.05921465903520584,
  "decision_cutoff_raw_source": "oof_balanced_accuracy",
  "decision_cutoff_proba": 0.1262203988516815,
  "decision_cutoff_rank": 0.5954022988505747,
  "decision_cutoff_logit": -1.9347985951322766,
  "calibrator": {
    "method": "platt",
    "coef": 3.3218559224792283,
    "intercept": -2.1315011609459633
  },
  "ranker": {
    "knots": [
      0.00012620002962648869,
      0.00015170387632679194,
      0.00016837702423799783,
      0.0001947217679116875,
      0.00021176357404328883,
      0.00023309495009016246,
      0.0002356580807827413,
      0.0002546065370552242,
      0.0002584961475804448,
      0.00027946659247390926,
      0.0002833568723872304,
      0.00028895941795781255,
      0.0002985370811074972,
      0.00031138406484387815,
      0.0003229573485441506,
      0.00033842629636637866,
      0.00033983562025241554,
      0.00034209201112389565,
      0.00036102309240959585,
      0.0003627912956289947,
      0.0003695617779158056,
      0.00037213944597169757,
      0.00037278514355421066,
      0.0003813733346760273,
      0.00038400114863179624,
      0.00040747172897681594,
      0.0004192987980786711,
      0.00043040464515797794,
      0.0004306613700464368,
      0.0004345567722339183,
      0.00043854652903974056,
      0.00043906731298193336,
      0.00044045757385902107,
      0.00046712052426300943,
      0.00047509244177490473,
      0.00048262104974128306,
      0.00048621578025631607,
      0.0005310880951583385,
      0.0005361248622648418,
      0.0005380053771659732,
      0.0005442490801215172,
      0.0005568598280660808,
      0.0005733799189329147,
      0.0006102612824179232,
      0.0006219020579010248,
      0.0006306887371465564,
      0.0006683067185804248,
      0.0006769319297745824,
      0.0006780140101909637,
      0.0006820838316343725,
      0.0007030743290670216,
      0.0007338966242969036,
      0.0007343086181208491,
      0.0007580359233543277,
      0.0007665867451578379,
      0.000777856563217938,
      0.000781042268499732,
      0.0008154840907081962,
      0.0008193568792194128,
      0.0008261505863629282,
      0.0008288408862426877,
      0.0008379406062886119,
      0.0008477600058540702,
      0.0008500017574988306,
      0.000856424740049988,
      0.0008594220853410661,
      0.0008882936090230942,
      0.000890713301487267,
      0.0009198884363286197,
      0.0009407367906533182,
      0.0009452236699871719,
      0.0009531970135867596,
      0.0009712156606838107,
      0.0009873867966234684,
      0.0010287062032148242,
      0.001039577997289598,
      0.0010455342708155513,
      0.0010465168161317706,
      0.0010477009927853942,
      0.0010684446897357702,
      0.0010748289059847593,
      0.0010831253603100777,
      0.0010937763145193458,
      0.0011174785904586315,
      0.0011188159696757793,
      0.0011300671612843871,
      0.001133609446696937,
      0.0011363973608240485,
      0.0011934629874303937,
      0.0012162738712504506,
      0.0012215548194944859,
      0.0012237010523676872,
      0.0012721905950456858,
      0.001287231920287013,
      0.0012916112318634987,
      0.0013871757546439767,
      0.0013951342552900314,
      0.0014099482214078307,
      0.001481488230638206,
      0.001512936083599925,
      0.0015218919143080711,
      0.0015238530468195677,
      0.001564016449265182,
      0.0016057365573942661,
      0.0016069341218098998,
      0.001670307363383472,
      0.0016857633600011468,
      0.0016875031869858503,
      0.0017086407169699669,
      0.001731489202938974,
      0.0017450341256335378,
      0.0017629307694733143,
      0.0017806183313950896,
      0.0017891693860292435,
      0.0018233774462714791,
      0.0018679224886000156,
      0.0018901592120528221,
      0.0019941763021051884,
      0.002034116070717573,
      0.002076889853924513,
      0.002082126447930932,
      0.0021478913258761168,
      0.002150509040802717,
      0.0021678560879081488,
      0.002218798501417041,
      0.002234523883089423,
      0.002266942523419857,
      0.0022708899341523647,
      0.002316031837835908,
      0.0023427277337759733,
      0.0024138258304446936,
      0.002428949112072587,
      0.0024550415109843016,
      0.0025143607053905725,
      0.002538492204621434,
      0.0025438149459660053,
      0.002627951791509986,
      0.002628498012199998,
      0.002727165585383773,
      0.002737727016210556,
      0.002770509570837021,
      0.0028136575128883123,
      0.0028652793262153864,
      0.0030949132051318884,
      0.003100368892773986,
      0.0031023237388581038,
      0.003188937436789274,
      0.0032147096935659647,
      0.003223974956199527,
      0.003225822001695633,
      0.0033006099984049797,
      0.0033487200271338224,
      0.003471947507932782,
      0.003500564955174923,
      0.0035207089968025684,
      0.0036508836783468723,
      0.0036652213893830776,
      0.0036904748994857073,
      0.0038056219927966595,
      0.003922473173588514,
      0.004075361881405115,
      0.004123559221625328,
      0.004133302718400955,
      0.00426605436950922,
      0.004330050200223923,
      0.00440889922901988,
      0.004416966810822487,
      0.004429099150002003,
      0.004530306439846754,
      0.004533795639872551,
      0.004589101765304804,
      0.004668130539357662,
      0.0047707692719995975,
      0.004782231990247965,
      0.004797664005309343,
      0.005155818536877632,
      0.00518231512978673,
      0.0052437917329370975,
      0.005256621632725,
      0.005282759200781584,
      0.0052858623676002026,
      0.005301920231431723,
      0.005440717097371817,
      0.005490076262503862,
      0.005621123593300581,
      0.0056318617425858974,
      0.006040329113602638,
      0.00639948109164834,
      0.006910624913871288,
      0.0069161937572062016,
      0.006923963315784931,
      0.007006186991930008,
      0.007033192086964846,
      0.007154515478760004,
      0.007331022061407566,
      0.00756473746150732,
      0.007698575034737587,
      0.0077017126604914665,
      0.007707932032644749,
      0.007858624681830406,
      0.008097359910607338,
      0.008380718529224396,
      0.008460302837193012,
      0.008997461758553982,
      0.010111799463629723,
      0.010490145534276962,
      0.01066175103187561,
      0.010789787396788597,
      0.010798366740345955,
      0.010965471155941486,
      0.011511518619954586,
      0.011552299372851849,
      0.011626476421952248,
      0.011850099079310894,
      0.011926693841814995,
      0.01238822378218174,
      0.012808860279619694,
      0.013858889229595661,
      0.014010724611580372,
      0.014658226631581783,
      0.015231210738420486,
      0.015427217818796635,
      0.015960484743118286,
      0.017807241529226303,
      0.019336091354489326,
      0.019833428785204887,
      0.019936300814151764,
