{
  "task": "classification",
  "format": "onnx",
  "preset_name": "default",
  "best_iteration": 99,
  "params": {
    "tree_method": "hist",
    "device": "cpu",
    "learning_rate": 0.3,
    "max_depth": 6,
    "min_child_weight": 1,
    "subsample": 1.0,
    "colsample_bytree": 1.0,
    "reg_alpha": 0.0,
    "reg_lambda": 1.0,
    "max_bin": 256,
    "n_estimators": 2000,
    "early_stopping_rounds": 50,
    "nthread": 56,
    "objective": "binary:logistic",
    "scale_pos_weight": 2.6333,
    "eval_metric": "auc"
  },
  "profile": {
    "n_samples": 436,
    "n_features": 1710,
    "n_p_ratio": 0.2549707602339181,
    "sparsity": 0.2813616610333172,
    "is_sparse_counts": false,
    "binary_feature_fraction": 0.0,
    "feature_signal_strength": 0.10689549419492829,
    "feature_signal_p90": 0.22385023578834487,
    "task": "classification",
    "imbalance_ratio": 2.6333333333333333,
    "y_skewness": 0.0,
    "y_all_positive": false
  },
  "portfolio_scores": {
    "flaml": NaN,
    "autogluon": NaN,
    "heuristic": 0.9280555555555555,
    "default": 0.9083333333333333
  },
  "decision_cutoff_raw": 0.038152165710926056,
  "decision_cutoff_raw_source": "oof_balanced_accuracy",
  "decision_cutoff_proba": 0.1179143141301248,
  "decision_cutoff_rank": 0.5632183908045977,
  "decision_cutoff_logit": -2.0123309915500274,
  "calibrator": {
    "method": "platt",
    "coef": 3.374242978702341,
    "intercept": -2.1410656688224075
  },
  "ranker": {
    "knots": [
      0.00015340287063736469,
      0.00017629591457080096,
      0.00018190137052442878,
      0.00018783233826979995,
      0.00025237989029847085,
      0.0002608769864309579,
      0.00027608551317825913,
      0.00028789439238607883,
      0.00029121371335349977,
      0.00029925093986094,
      0.00029934110352769494,
      0.0003037589485757053,
      0.0003139024192932993,
      0.00031580161885358393,
      0.00032815849408507347,
      0.0003284564591012895,
      0.0003382414870429784,
      0.00037753587821498513,
      0.0003855617542285472,
      0.0003922238538507372,
      0.0004019570769742131,
      0.00041717037674970925,
      0.0004375643911771476,
      0.00043877901043742895,
      0.0004523454117588699,
      0.00047967841965146363,
      0.0004798835434485227,
      0.000491744838654995,
      0.0004957889323122799,
      0.0005068830214440823,
      0.0005270057590678334,
      0.0005317197064869106,
      0.0005454097408801317,
      0.000566114904358983,
      0.0006111183320172131,
      0.0006174692534841597,
      0.0006398597033694386,
      0.0006491451640613377,
      0.0006680398946627975,
      0.0006712036556564271,
      0.000672193942591548,
      0.0006908685900270939,
      0.0006924106855876744,
      0.000704814912751317,
      0.0007211839547380805,
      0.0007219025283120573,
      0.0007861534832045436,
      0.0007894769660197198,
      0.0007998304790817201,
      0.0008044522837735713,
      0.0008552565705031157,
      0.0008571958751417696,
      0.0008617579005658627,
      0.0008697667508386075,
      0.0009072129032574594,
      0.0009187361574731767,
      0.0009303648257628083,
      0.0009842198342084885,
      0.001026865909807384,
      0.0010676373494789004,
      0.0010726817417889833,
      0.0010790614178404212,
      0.0010813453700393438,
      0.0010961100924760103,
      0.0010974648175761104,
      0.0011112064821645617,
      0.0011245721252635121,
      0.0011411503655835986,
      0.0011495858198031783,
      0.001170047908090055,
      0.00120493583381176,
      0.0012057923013344407,
      0.0012067115167155862,
      0.0012121108593419194,
      0.0012444633757695556,
      0.0012670917203649879,
      0.0013055879389867187,
      0.0013133928878232837,
      0.0013240138068795204,
      0.0013545757392421365,
      0.0013964095851406455,
      0.0014882739633321762,
      0.0014939806424081326,
      0.0015023662708699703,
      0.0015439116396009922,
      0.0015469688223674893,
      0.0015708012506365776,
      0.0015940130688250065,
      0.0015968767693266273,
      0.001602247473783791,
      0.0016048966208472848,
      0.0016637167427688837,
      0.0016865909565240145,
      0.001733685377985239,
      0.0017354153096675873,
      0.0017358374316245317,
      0.0017492839833721519,
      0.0017508134478703141,
      0.0017521163681522012,
      0.0018217233009636402,
      0.001822209800593555,
      0.0018669437849894166,
      0.0018701872322708368,
      0.0019265824230387807,
      0.0019284840673208237,
      0.0019490718841552734,
      0.002016725717112422,
      0.0020433550234884024,
      0.0021738260984420776,
      0.002231449354439974,
      0.0023489727173000574,
      0.0023538093082606792,
      0.0023544311989098787,
      0.0023676902055740356,
      0.002368629677221179,
      0.0025507984682917595,
      0.002554567065089941,
      0.002596994861960411,
      0.0026111830957233906,
      0.002642313949763775,
      0.002651022747159004,
      0.0026846013497561216,
      0.002688450738787651,
      0.0027226614765822887,
      0.0027401037514209747,
      0.002761072013527155,
      0.002771807601675391,
      0.002801662078127265,
      0.002892678137868643,
      0.002928961766883731,
      0.0029342472553253174,
      0.0029520865064114332,
      0.0030172723345458508,
      0.0030323625542223454,
      0.0030464865267276764,
      0.0031291055493056774,
      0.0031768009066581726,
      0.003190855262801051,
      0.0032198906410485506,
      0.003234430216252804,
      0.00323925307020545,
      0.0032948048319667578,
      0.003379056928679347,
      0.0035126181319355965,
      0.003535115160048008,
      0.0036045843735337257,
      0.0036125548649579287,
      0.003618680639192462,
      0.0036874639336019754,
      0.0036874639336019754,
      0.0038025593385100365,
      0.0038566109724342823,
      0.0038894263561815023,
      0.0039240531623363495,
      0.004016699735075235,
      0.004039029125124216,
      0.004066040273755789,
      0.00408262200653553,
      0.004149643704295158,
      0.004251683130860329,
      0.004504467826336622,
      0.00458581792190671,
      0.004639867693185806,
      0.004773570690304041,
      0.00480807526037097,
      0.0048568411730229855,
      0.004872133489698172,
      0.004893472883850336,
      0.004967203829437494,
      0.005063019227236509,
      0.005146530456840992,
      0.005206754431128502,
      0.0053496030159294605,
      0.005349775310605764,
      0.005430339369922876,
      0.005665893200784922,
      0.005745306145399809,
      0.006174277048557997,
      0.0061871702782809734,
      0.006623378489166498,
      0.006702050566673279,
      0.007202702574431896,
      0.00740019092336297,
      0.007430404890328646,
      0.007637806702405214,
      0.008154968731105328,
      0.008191012777388096,
      0.008376543410122395,
      0.008468902669847012,
      0.008580584079027176,
      0.008639075793325901,
      0.00885509792715311,
      0.00891817919909954,
      0.009571723639965057,
      0.009638966992497444,
      0.009741337969899178,
      0.009816489182412624,
      0.0098761897534132,
      0.0102009866386652,
      0.010359265841543674,
      0.010390392504632473,
      0.010406114161014557,
      0.01056374330073595,
      0.010699177160859108,
      0.010710347443819046,
      0.010812412947416306,
      0.0112907188013196,
      0.011451699770987034,
      0.01170316431671381,
      0.01184499729424715,
      0.012463297694921494,
      0.012669195421040058,
      0.013607746921479702,
      0.01401262916624546,
      0.014123097062110901,
      0.014711144380271435,
      0.014791903086006641,
      0.014899860136210918,
      0.014916582964360714,
      0.01498161070048809,
      0.015003519132733345,
      0.015091894194483757,
      0.015094638802111149,
      0.015487688593566418,
      0.015680957585573196,
      0.015688715502619743,
      0.01578051596879959,
      0.016222281381487846,
