{
    "portfolio": [
        "lr",
        "xgb",
        "rf",
        "svc"
    ],
    "max_batch_size": 100000,
    "max_imbalance_ratio": 100,
    "num_batches": 1,
    "population_prior": 0.1,
    "batch_priors": [
        0.1
    ],
    "decision_cutoff_raw": 0.38654005906849104,
    "decision_cutoff_proba": 0.21716950041706207,
    "decision_cutoff_rank": 0.8887652947719689,
    "decision_cutoff_logit": -1.282238040380972,
    "decision_cutoff_lift": 2.1716950041706204
}