{
    "portfolio": [
        "lr",
        "xgb",
        "rf",
        "svc"
    ],
    "max_batch_size": 100000,
    "max_imbalance_ratio": 100,
    "num_batches": 1,
    "population_prior": 0.1,
    "batch_priors": [
        0.1
    ],
    "decision_cutoff_raw": 0.3934641902276936,
    "decision_cutoff_proba": 0.19977492810391018,
    "decision_cutoff_rank": 0.8887652947719689,
    "decision_cutoff_logit": -1.387701654594258,
    "decision_cutoff_lift": 1.9977492810391018
}