{
  "mode": "slow",
  "descriptor_types": [
    "chemeleon"
  ],
  "n_compounds": 530,
  "n_actives": 53,
  "ratio_actives": 0.1,
  "population_prior": 0.1,
  "portfolio": [
    "lr",
    "xgb",
    "rf",
    "svc"
  ],
  "num_batches": {
    "chemeleon": 1
  },
  "decision_cutoff_raw": 0.33616706348419967,
  "decision_cutoff_proba": 0.14888699960155738,
  "decision_cutoff_rank": 0.8705103969754253,
  "oof_aucs": {
    "chemeleon": 0.9811320754716981
  },
  "proxy_aucs": {
    "chemeleon": 0.9686721253114988
  },
  "train_aucs": {
    "chemeleon": 1.0
  },
  "quality_aucs": {
    "chemeleon": 0.9622641509433962
  },
  "active_descriptors": {
    "chemeleon": true
  },
  "ad_hard_cutoffs": {
    "chemeleon": 0.052250005304813385
  },
  "rank_error_curves": {
    "chemeleon": [
      [
        0.03801961407488298,
        0.07644262049400896,
        0.11015331094435987,
        0.15723844262470926,
        0.18588757604733291,
        0.2190383625948412,
        0.24945636238265398,
        0.27959560967893926,
        0.3258446296181574,
        0.364569666803469,
        0.3942795672789865,
        0.4194502256844531,
        0.4650603741352654,
        0.5152304055745703,
        0.5610721444994989,
        0.6072060536288597,
        0.6618507091118686,
        0.8673428503738145,
        0.9834133156311432,
        0.9979064520060329
      ],
      [
        0.021985188901054584,
        0.02274623090339687,
        0.023498133768557854,
        0.02380755873223532,
        0.02424796955635982,
        0.024641873472917037,
        0.025174676614839252,
        0.025829116981616124,
        0.026150303185807845,
        0.02664002235241618,
        0.026914901022178077,
        0.02688616866326778,
        0.027749339263117793,
        0.02812846926932797,
        0.02917189934766054,
        0.030392318376693872,
        0.04187896187992105,
        0.2078111440229092,
        0.22726114183060087,
        0.20430970290707223
      ]
    ]
  },
  "decision_cutoff_logit": -1.7433572789002896,
  "decision_cutoff_lift": 1.4888699960155738
}