{
  "mode": "slow",
  "descriptor_types": [
    "chemeleon"
  ],
  "n_compounds": 530,
  "n_actives": 53,
  "ratio_actives": 0.1,
  "population_prior": 0.1,
  "portfolio": [
    "lr",
    "xgb",
    "rf",
    "svc"
  ],
  "num_batches": {
    "chemeleon": 1
  },
  "decision_cutoff_raw": 0.3365096393264357,
  "decision_cutoff_proba": 0.16650198629366902,
  "decision_cutoff_rank": 0.8799621928166351,
  "oof_aucs": {
    "chemeleon": 0.9796685257703414
  },
  "proxy_aucs": {
    "chemeleon": 0.965982358292789
  },
  "train_aucs": {
    "chemeleon": 1.0
  },
  "quality_aucs": {
    "chemeleon": 0.9593370515406827
  },
  "active_descriptors": {
    "chemeleon": true
  },
  "ad_hard_cutoffs": {
    "chemeleon": 0.052250005304813385
  },
  "rank_error_curves": {
    "chemeleon": [
      [
        0.04103294780744089,
        0.08023406826113888,
        0.11863981239017587,
        0.14754946065050245,
        0.19019510647337887,
        0.21259687859648535,
        0.24714235430443993,
        0.29434647882400977,
        0.3262059923970342,
        0.3625570818650681,
        0.4045121902831911,
        0.43208211959072884,
        0.47120218913749634,
        0.5153932510614346,
        0.5588300686568441,
        0.6018245884849092,
        0.6864715568810429,
        0.8686500816451788,
        0.9800386294446812,
        0.9980048853454687
      ],
      [
        0.02262908777015532,
        0.02347294135623723,
        0.024197355394060312,
        0.024484502982760684,
        0.024579725329428648,
        0.025581211963767326,
        0.0257813572986123,
        0.02639914003882398,
        0.02646850814381509,
        0.027245910601383552,
        0.027915955396599565,
        0.028045205630354737,
        0.028444433124218186,
        0.02888828904717163,
        0.029353417151537557,
        0.030746168244511447,
        0.043448387898056905,
        0.2177008836333373,
        0.23220079094055207,
        0.20905712386796038
      ]
    ]
  },
  "decision_cutoff_logit": -1.6106240800711755,
  "decision_cutoff_lift": 1.6650198629366901
}