{
  "n_components": 27,
  "n_features_in": 768,
  "n_cal_knots": 200,
  "cal_min": 2.6319363117218018,
  "cal_max": 15.724627494812012,
  "scaler": "standard"
}