{
  "n_components": 45,
  "n_features_in": 2048,
  "n_cal_knots": 200,
  "cal_min": 1.658111810684204,
  "cal_max": 33.175315856933594,
  "scaler": "standard"
}