{
    "portfolio": [
        "lr",
        "xgb",
        "rf",
        "svc"
    ],
    "max_batch_size": 100000,
    "max_imbalance_ratio": 100,
    "num_batches": 1,
    "population_prior": 0.27522935779816515,
    "batch_priors": [
        0.27522935779816515
    ],
    "decision_cutoff_raw": 0.363951925517666,
    "decision_cutoff_proba": 0.24815185867087414,
    "decision_cutoff_rank": 0.5683908045977011,
    "decision_cutoff_logit": -1.1084934717196495,
    "decision_cutoff_lift": 0.9016184198375093
}