{
    "portfolio": [
        "lr",
        "xgb",
        "rf",
        "svc"
    ],
    "max_batch_size": 100000,
    "max_imbalance_ratio": 100,
    "num_batches": 1,
    "population_prior": 0.27522935779816515,
    "batch_priors": [
        0.27522935779816515
    ],
    "decision_cutoff_raw": 0.2921085440727937,
    "decision_cutoff_proba": 0.22035582570377327,
    "decision_cutoff_rank": 0.6005747126436781,
    "decision_cutoff_logit": -1.2635939994499779,
    "decision_cutoff_lift": 0.8006261667237095
}