{
  "task": "classification",
  "format": "onnx",
  "preset_name": "default",
  "use_linear": false,
  "n_features_in": 106,
  "classes": [
    0,
    1
  ],
  "params": {
    "C": 1.0,
    "kernel": "rbf",
    "gamma": "scale",
    "class_weight": "balanced",
    "max_iter": 1330,
    "tol": 0.001,
    "random_state": 42,
    "use_linear": false
  },
  "profile": {
    "n_samples": 266,
    "n_features": 106,
    "n_p_ratio": 2.509433962264151,
    "sparsity": 0.4628670733437367,
    "is_sparse_counts": false,
    "binary_feature_fraction": 0.25471698113207547,
    "feature_signal_strength": 0.25950016192235836,
    "feature_signal_p90": 0.586152777504861,
    "task": "classification",
    "imbalance_ratio": 1.0,
    "y_skewness": 0.0,
    "y_all_positive": false
  },
  "portfolio_scores": {
    "heuristic": 0.9733333333333334,
    "default": 0.9733333333333334,
    "linear": 0.9422222222222222,
    "balanced_rbf": 0.9644444444444444
  },
  "decision_cutoff_raw": 0.7310113960112724,
  "decision_cutoff_raw_source": "oof_balanced_accuracy",
  "decision_cutoff_proba": 0.5402709713965177,
  "decision_cutoff_rank": 0.2641509433962264,
  "decision_cutoff_logit": 0.16143356492083138,
  "calibrator": {
    "method": "platt",
    "coef": 3.0444940717932463,
    "intercept": -2.0641262966487925
  },
  "ranker": {
    "knots": [
      0.24910489118153575,
      0.2513776089169097,
      0.25441307603169816,
      0.25620461508407105,
      0.2562046649676028,
      0.2568369806846978,
      0.2568369912953933,
      0.25733929572675385,
      0.25759707436704826,
      0.25866196496765853,
      0.2624786048819817,
      0.26266669686739536,
      0.2626666971246333,
      0.26363609419667533,
      0.26363609443020064,
      0.26435892740547434,
      0.26675622598060433,
      0.2667655518153083,
      0.2670856883619785,
      0.26712084100015154,
      0.26728488912382814,
      0.267458278408032,
      0.268006950865156,
      0.26803770868254334,
      0.26827152085953565,
      0.26827152720537506,
      0.26881832993979954,
      0.26894088869267435,
      0.2689903539103786,
      0.2694797086877409,
      0.2713016979410625,
      0.2722372996211452,
      0.2782139595136988,
      0.6033506942569744,
      0.628985614872045,
      0.7309959918480702,
      0.7309961063291285,
      0.7309967303410898,
      0.7310006779599147,
      0.7310011196743433,
      0.7310031170998466,
      0.7310044585526377,
      0.7310045214013967,
      0.7310045231442175,
      0.7310063542028991,
      0.7310064570495967,
      0.7310065309027141,
      0.73100657074306,
      0.7310066127122075,
      0.7310066747515996,
      0.7310067278510349,
      0.7310089182989153,
      0.7310089913995922,
      0.7310096770680383,
      0.7310097880969585,
      0.7310097978092,
      0.7310106596932293,
      0.7310107521579947,
      0.731010911601445,
      0.7310109219311992,
      0.7310109239432461,
      0.7310109850979698,
      0.7310110082280342,
      0.7310110585616866,
      0.7310110915935766,
      0.7310111442495213,
      0.7310111633677575,
      0.7310111844642944,
      0.7310112363185178,
      0.7310112379256116,
      0.7310113960112724,
      0.7310114118064959,
      0.7310115133600149,
      0.7310120593260966,
      0.7310121421724896,
      0.7310121537698984,
      0.7310121585816366,
      0.7310122269201029,
      0.731012262786458,
      0.731012307076066,
      0.7310123937373088,
      0.7310123985668799,
      0.7310124067241159,
      0.7310124389440494,
      0.7310124606522246,
      0.7310124752653008,
      0.7310125174186778,
      0.7310125311944313,
      0.7310125366543346,
      0.731012539877175,
      0.7310125573475483,
      0.731012615417119,
      0.7310126346519695,
      0.7310126540716988,
      0.7310126602887415,
      0.7310127562108042,
      0.7310128420591475,
      0.7310129478350693,
      0.7310131052587063,
      0.7310131080978803,
      0.7310131730976203,
      0.7310137137576586,
      0.7310139334150241,
      0.7310139411092708,
      0.7310140035700307,
      0.7310140050185171,
      0.7310140614638772,
      0.7310141570075773,
      0.7310142061821027,
      0.7310142214199775,
      0.7310143586500243,
      0.7310144094929758,
      0.7310145741280152,
      0.7310147494970618,
      0.7310150684554126,
      0.731015308168661,
      0.7310153221081959,
      0.7310153919456919,
      0.7310154801266694,
      0.7310154811725758,
      0.7310155153073354,
      0.7310155212111724,
      0.7310155313349709,
      0.7310155391649846,
      0.7310155553958254,
      0.7310156080399681,
      0.7310156425082376,
      0.7310156572405982,
      0.7310157162237321,
      0.7310157516928333,
      0.7310157715951878,
      0.7310158043683292,
      0.7310158135487782,
      0.7310158344392046,
      0.7310158344743084,
      0.7310158669764923,
      0.7310159120417214,
      0.7310159751504393,
      0.7310161005026551,
      0.731016260813244,
      0.7310163084037993,
      0.7310164460092832,
      0.7310164577938442,
      0.7310164613568579,
      0.7310165112693513,
      0.7310165188127569,
      0.7310165621643638,
      0.7310165858508357,
      0.7310166236699916,
      0.7310166547600944,
      0.7310166759857879,
      0.7310167901818356,
      0.7310169154708847,
      0.7310170220946147,
      0.7310177712244361,
      0.7310177955324352,
      0.731017861417039,
      0.7310179619943814,
      0.7310179690948384,
      0.7310180131428432,
      0.7310180209651528,
      0.7310180546607221,
      0.7310181196253488,
      0.7310181497799091,
      0.7310181555098657,
      0.7310181634939105,
      0.731018164059147,
      0.731018178989718,
      0.7310182415041491,
      0.7310183344081256,
      0.7310184444415501,
      0.7310185173779806,
      0.731018528978104,
      0.7310185466376073,
      0.7310377583037317,
      0.7310444499343355,
      0.731047806105402,
      0.7310478214837265,
      0.7310478460853147,
      0.7310498270842125,
      0.7310499442971627,
      0.7310513542474019,
      0.7310548145689297,
      0.7310548622898545,
      0.7310548649773666,
      0.7310548661171985,
      0.7310548833223431,
      0.7310548984611769,
      0.731055090804248,
      0.7310551537002035,
      0.7310551972893227,
      0.7310552481629788,
      0.7310553293889449,
      0.7310553754218919,
      0.7310554551468958,
      0.7310554770382985,
      0.7310555857467261,
      0.7310556051806738,
      0.7310556400085932,
      0.7310560770637778,
      0.731056326917736,
      0.731056330610535,
      0.731056331450678,
      0.731056375761167,
      0.7310563901775999,
      0.7310564179898066,
      0.7310565139999669,
      0.7310566633730393,
      0.7310567092200538,
      0.731056725345058,
      0.7310567299991912,
      0.7310567411897041,
      0.7310567730987774,
      0.7310567747659859,
      0.73105679413688,
      0.7310568085297988,
      0.7310568329205459,
      0.7310570817893225,
      0.7310570862148965,
      0.7310571400623304,
      0.7310866842060538,
      0.7310869851668225,
      0.7310870641441161,
      0.7310870778097923,
      0.7310871499888638,
      0.7310871654893277,
      0.7310919801523972,
      0.7310920953670282,
      0.731092192297944,
      0.7310941576587267,
      0.7310975233085071,
      0.7310995310057354,
      0.7310995861718004,
      0.7310996262316065,
      0.731099745976975,
      0.731099924637421,
      0.7311000082774232,
      0.731100061252341,
      0.7311001557810767,
      0.7311006423358376,
      0.7311007387044491,
      0.7311007551038132,
      0.731100788774277,
      0.7311009956179494,
      0.7311010579357747,
      0.7311010718457711,
      0.7311010826769335,
      0.7311011062921383,
      0.7311011547734639,
      0.7311012597735226,
      0.7311013358542899,
      0.7311013909904293,
      0.7311014032189825,
      0.7311014336872255,
      0.7311014664832408,
      0.7311014784187057,
