{
  "task": "classification",
  "format": "onnx",
  "preset_name": "default",
  "best_iteration": 99,
  "params": {
    "tree_method": "hist",
    "device": "cpu",
    "learning_rate": 0.3,
    "max_depth": 6,
    "min_child_weight": 1,
    "subsample": 1.0,
    "colsample_bytree": 1.0,
    "reg_alpha": 0.0,
    "reg_lambda": 1.0,
    "max_bin": 256,
    "n_estimators": 2000,
    "early_stopping_rounds": 50,
    "nthread": 56,
    "objective": "binary:logistic",
    "scale_pos_weight": 1.0,
    "eval_metric": "auc"
  },
  "profile": {
    "n_samples": 266,
    "n_features": 106,
    "n_p_ratio": 2.509433962264151,
    "sparsity": 0.4628670733437367,
    "is_sparse_counts": false,
    "binary_feature_fraction": 0.25471698113207547,
    "feature_signal_strength": 0.25950016192235836,
    "feature_signal_p90": 0.586152777504861,
    "task": "classification",
    "imbalance_ratio": 1.0,
    "y_skewness": 0.0,
    "y_all_positive": false
  },
  "portfolio_scores": {
    "flaml": NaN,
    "heuristic": 0.98,
    "default": 0.9866666666666667,
    "autogluon": 0.9837037037037039
  },
  "decision_cutoff_raw": 0.5,
  "decision_cutoff_raw_source": "oof_balanced_accuracy",
  "decision_cutoff_proba": 0.46189926096723105,
  "decision_cutoff_rank": 0.4663148913496178,
  "decision_cutoff_logit": -0.15269897245507208,
  "calibrator": {
    "method": "platt",
    "coef": 4.772279586911162,
    "intercept": -2.5388387659106524
  },
  "ranker": {
    "knots": [
      0.00025081992498598993,
      0.00027666124515235424,
      0.0003040434676222503,
      0.0003301143296994269,
      0.00038797938032075763,
      0.00039072733488865197,
      0.00039072733488865197,
      0.0004291750956326723,
      0.00043210142757743597,
      0.0004426870436873287,
      0.00045718561159446836,
      0.00045718561159446836,
      0.0004646207671612501,
      0.00048309462727047503,
      0.0005105262389406562,
      0.0005137287080287933,
      0.0005137287080287933,
      0.000516100088134408,
      0.0005190126248635352,
      0.0005326104001142085,
      0.000560617248993367,
      0.0005647188518196344,
      0.0005647188518196344,
      0.0005771337891928852,
      0.0006003074813634157,
      0.0006436877301894128,
      0.0006615773309022188,
      0.0006667226552963257,
      0.000669138680677861,
      0.0007222738349810243,
      0.0007358210277743638,
      0.0007550479494966567,
      0.0007659978582523763,
      0.0007996095810085535,
      0.0008247170480899513,
      0.0008335007005371153,
      0.0008335007005371153,
      0.0008335007005371153,
      0.0008925632573664188,
      0.0009507531649433076,
      0.0009571771952323616,
      0.0009738262742757797,
      0.0009864254388958216,
      0.0011394503526389599,
      0.0012233369052410126,
      0.0012233369052410126,
      0.0013532366137951612,
      0.0013635403010994196,
      0.001421807799488306,
      0.0014772957656532526,
      0.0014892641920596361,
      0.001525537925772369,
      0.0015753268962725997,
      0.0016692326171323657,
      0.0016841021133586764,
      0.0017127025639638305,
      0.0017307056114077568,
      0.0017521731788292527,
      0.0017879256047308445,
      0.0018765454879030585,
      0.00192882283590734,
      0.0019938801415264606,
      0.002013027435168624,
      0.0020233585964888334,
      0.0020934189669787884,
      0.002337445504963398,
      0.00239865155890584,
      0.0026618456467986107,
      0.0026618456467986107,
      0.002677331445738673,
      0.002739120274782181,
      0.002989029511809349,
      0.002995890798047185,
      0.0034997749608010054,
      0.0035520263481885195,
      0.0038654892705380917,
      0.004307576920837164,
      0.004612192045897245,
      0.005251473281532526,
      0.005251473281532526,
      0.006153936963528395,
      0.006495703011751175,
      0.006615978665649891,
      0.00800617877393961,
      0.00958616379648447,
      0.009964825585484505,
      0.010069474577903748,
      0.01222917903214693,
      0.013507441617548466,
      0.013706292025744915,
      0.013917147181928158,
      0.013974213041365147,
      0.021486841142177582,
      0.026011303067207336,
      0.027046600356698036,
      0.02768300473690033,
      0.027959000319242477,
      0.031055208295583725,
      0.03911662846803665,
      0.041534192860126495,
      0.04548118636012077,
      0.048237431794404984,
      0.05854124203324318,
      0.05938092991709709,
      0.06040005385875702,
      0.06317209452390671,
      0.06517220288515091,
      0.08585209399461746,
      0.08846250921487808,
      0.08872775733470917,
      0.09776216000318527,
      0.10547396540641785,
      0.13153131306171417,
      0.13510891795158386,
      0.14845864474773407,
      0.1563878357410431,
      0.159932479262352,
      0.2017970085144043,
      0.2654179334640503,
      0.3648757338523865,
      0.367924302816391,
      0.38511496782302856,
      0.4578133821487427,
      0.46259626746177673,
      0.5278224945068359,
      0.5416347980499268,
      0.5533708333969116,
      0.5750011801719666,
      0.5886268019676208,
      0.5890827178955078,
      0.5895959734916687,
      0.5990233421325684,
      0.6157177686691284,
      0.651375412940979,
      0.6602972745895386,
      0.6674450635910034,
      0.6704303026199341,
      0.6998800039291382,
      0.72392737865448,
      0.7624627351760864,
      0.7632480263710022,
      0.7640161514282227,
      0.7676843404769897,
      0.779812753200531,
      0.7897295951843262,
      0.8462889194488525,
      0.8619822859764099,
      0.8660246133804321,
      0.8724754452705383,
      0.8751807808876038,
      0.8811628818511963,
      0.8879823684692383,
      0.8903763890266418,
      0.8983973264694214,
      0.9109990000724792,
      0.9142481684684753,
      0.9170653820037842,
      0.9186208844184875,
      0.9292952418327332,
      0.9325346350669861,
      0.9378021955490112,
      0.9413195848464966,
      0.9421443343162537,
      0.9422258734703064,
      0.9478909373283386,
      0.9486464262008667,
      0.9527023434638977,
      0.9527255296707153,
      0.954210638999939,
      0.9586018919944763,
      0.968386709690094,
      0.9696660041809082,
      0.9716350436210632,
      0.9722762703895569,
      0.9737663865089417,
      0.9770398139953613,
      0.9783358573913574,
      0.9786669015884399,
      0.9789085388183594,
      0.9802882671356201,
      0.9803486466407776,
      0.9808139204978943,
      0.9814006090164185,
      0.9815961718559265,
      0.9835947155952454,
      0.9840238094329834,
      0.9842126965522766,
      0.9859582781791687,
      0.9874498844146729,
      0.9874600172042847,
      0.9880273342132568,
      0.9886981248855591,
      0.9887462258338928,
      0.9893485307693481,
      0.9905093908309937,
      0.9905993342399597,
      0.990911602973938,
      0.9910137057304382,
      0.9913284182548523,
      0.9915453791618347,
      0.9920961856842041,
      0.9924012422561646,
      0.9932443499565125,
      0.9934666752815247,
      0.9938250780105591,
      0.9941940903663635,
      0.994412362575531,
      0.994857668876648,
      0.9950123429298401,
      0.9952333569526672,
      0.995685338973999,
      0.995685338973999,
      0.9962722063064575,
      0.9968542456626892,
      0.997205913066864,
      0.9972133040428162,
      0.9973547458648682,
      0.9975740313529968,
      0.9976983666419983,
      0.9977013468742371,
      0.9979932308197021,
      0.9981028437614441,
      0.9982213377952576,
      0.9982352256774902,
      0.9983037710189819,
      0.9983682036399841,
      0.9984094500541687,
      0.9984194040298462,
      0.9985087513923645,
      0.9985529780387878,
      0.9986339211463928,
      0.99873286485672,
      0.9988549947738647,
      0.9988875985145569,
      0.9989286065101624,
      0.9989299178123474,
      0.9989514350891113,
      0.9989566802978516,
      0.9989780187606812,
      0.9990895986557007,
      0.9990895986557007,
