{
    "portfolio": [
        "xgb",
        "rf",
        "svc"
    ],
    "max_batch_size": 100000,
    "max_imbalance_ratio": 100,
    "num_batches": 1,
    "population_prior": 0.1,
    "batch_priors": [
        0.1
    ],
    "decision_cutoff_raw": 0.42821277752349385,
    "decision_cutoff_proba": 0.1959537628613485,
    "decision_cutoff_rank": 0.8961941793330976,
    "decision_cutoff_logit": -1.4117780487720977,
    "decision_cutoff_lift": 1.959537628613485
}