{
    "portfolio": [
        "xgb",
        "rf"
    ],
    "max_batch_size": 100000,
    "max_imbalance_ratio": 100,
    "num_batches": 1,
    "population_prior": 0.01943145016192875,
    "batch_priors": [
        0.01943145016192875
    ],
    "decision_cutoff_raw": 0.0425033654345319,
    "decision_cutoff_proba": 0.011198578798038246,
    "decision_cutoff_rank": 0.9439445744106532,
    "decision_cutoff_logit": -4.480706646784965,
    "decision_cutoff_lift": 0.5763120459212645
}