{
  "n_components": 27,
  "n_features_in": 768,
  "n_cal_knots": 200,
  "cal_min": 3.073509693145752,
  "cal_max": 11.279385566711426,
  "scaler": "standard"
}