{
    "portfolio": [
        "lr",
        "xgb",
        "rf",
        "svc"
    ],
    "max_batch_size": 100000,
    "max_imbalance_ratio": 100,
    "num_batches": 1,
    "population_prior": 0.25008414675193535,
    "batch_priors": [
        0.25008414675193535
    ],
    "decision_cutoff_raw": 0.22899409719188712,
    "decision_cutoff_proba": 0.27156592413586556,
    "decision_cutoff_rank": 0.6395622895622897,
    "decision_cutoff_logit": -0.9866922041645474,
    "decision_cutoff_lift": 1.085898197318515
}