{
  "n_components": 45,
  "n_features_in": 2048,
  "n_cal_knots": 200,
  "cal_min": 2.935828924179077,
  "cal_max": 42.97743606567383,
  "scaler": "standard"
}