{
  "mode": "slow",
  "descriptor_types": [
    "chemeleon",
    "clamp"
  ],
  "n_compounds": 740,
  "n_actives": 74,
  "ratio_actives": 0.1,
  "population_prior": 0.1,
  "portfolio": [
    "lr",
    "xgb",
    "rf",
    "svc"
  ],
  "num_batches": {
    "chemeleon": 1,
    "clamp": 1
  },
  "decision_cutoff_raw": 0.22183849560441002,
  "decision_cutoff_proba": 0.0947395855523261,
  "decision_cutoff_rank": 0.8609607577807848,
  "oof_aucs": {
    "chemeleon": 0.9336701566431296,
    "clamp": 0.9470010551091633
  },
  "proxy_aucs": {
    "chemeleon": 0.9220842464085707,
    "clamp": 0.9297540784027271
  },
  "train_aucs": {
    "chemeleon": 1.0,
    "clamp": 1.0
  },
  "quality_aucs": {
    "chemeleon": 0.8673403132862592,
    "clamp": 0.8940021102183267
  },
  "active_descriptors": {
    "chemeleon": true,
    "clamp": true
  },
  "ad_hard_cutoffs": {
    "chemeleon": 0.05000000074505806,
    "clamp": 0.05000000074505806
  },
  "rank_error_curves": {
    "chemeleon": [
      [
        0.01714889134588016,
        0.09207289803640387,
        0.13361271610894973,
        0.16222806588572256,
        0.19836440815813972,
        0.23207713199897861,
        0.26226183060963587,
        0.2971746722652686,
        0.32797186807013745,
        0.3447049685562955,
        0.3825500543260756,
        0.4186985840771371,
        0.4485660651195085,
        0.4885432390288794,
        0.5312452330861352,
        0.5751363518280531,
        0.6387429167346981,
        0.8378542281720679,
        0.9714787954233498,
        0.9995410781888974
      ],
      [
        0.030616670281557276,
        0.03139497686208176,
        0.032049484570556175,
        0.03253661963226148,
        0.03324594738706353,
        0.033921416598624354,
        0.03501515653781312,
        0.03572724720153382,
        0.03637879350755748,
        0.03733098683280178,
        0.037862096160959556,
        0.039503508992739654,
        0.0388369715642124,
        0.04127339349882761,
        0.04224471901346074,
        0.04359357797204539,
        0.0479072723364107,
        0.17938102141697299,
        0.24449588952539675,
        0.20325651594028685
      ]
    ],
    "clamp": [
      [
        0.02564960728339209,
        0.08477353809310675,
        0.1251866199691362,
        0.16441814268843202,
        0.20009356338106143,
        0.23118171269170015,
        0.266375726697908,
        0.2926522342723077,
        0.32656761642723653,
        0.36656809505383275,
        0.3934047863658408,
        0.4221059040845552,
        0.4630146652860508,
        0.502228941743508,
        0.5400027626273733,
        0.5880996539301389,
        0.675708272160159,
        0.885722684399972,
        0.9741848774114175,
        0.9952503975619417
      ],
      [
        0.025176464140077764,
        0.025919971321830205,
        0.02671273199778736,
        0.027677378769024773,
        0.028495378580467405,
        0.029331885360207432,
        0.02990753802247619,
        0.031014105540504096,
        0.031628372137682145,
        0.033120198756902204,
        0.033756749393066186,
        0.035275705532044406,
        0.03712462160023765,
        0.042910221253753905,
        0.047152151703193694,
        0.0533433184854334,
        0.08660433339038741,
        0.2718154352869784,
        0.2759908659297537,
        0.22958209602009846
      ]
    ]
  },
  "decision_cutoff_logit": -2.2570907301721137,
  "decision_cutoff_lift": 0.947395855523261
}