{
  "mode": "slow",
  "descriptor_types": [
    "chemeleon",
    "clamp"
  ],
  "n_compounds": 740,
  "n_actives": 74,
  "ratio_actives": 0.1,
  "population_prior": 0.1,
  "portfolio": [
    "lr",
    "xgb",
    "rf",
    "svc"
  ],
  "num_batches": {
    "chemeleon": 1,
    "clamp": 1
  },
  "decision_cutoff_raw": 0.2234382710763158,
  "decision_cutoff_proba": 0.0973397080149933,
  "decision_cutoff_rank": 0.8526725304465494,
  "oof_aucs": {
    "chemeleon": 0.933325217109001,
    "clamp": 0.9513229445661878
  },
  "proxy_aucs": {
    "chemeleon": 0.9052836620404189,
    "clamp": 0.9152057462868274
  },
  "train_aucs": {
    "chemeleon": 1.0,
    "clamp": 1.0
  },
  "quality_aucs": {
    "chemeleon": 0.8666504342180019,
    "clamp": 0.9026458891323756
  },
  "active_descriptors": {
    "chemeleon": true,
    "clamp": true
  },
  "ad_hard_cutoffs": {
    "chemeleon": 0.05000000074505806,
    "clamp": 0.05000000074505806
  },
  "rank_error_curves": {
    "chemeleon": [
      [
        0.024689562168387552,
        0.09627495857699825,
        0.13230470228997504,
        0.16082939703194155,
        0.1909321831417999,
        0.22179926771024866,
        0.25036965664794514,
        0.27853709809970645,
        0.3080924843261423,
        0.33902265506228213,
        0.370025674425073,
        0.41144858035304116,
        0.44551837341303485,
        0.48236923140242316,
        0.5251502132985476,
        0.5772608091466673,
        0.6561647493047895,
        0.8066691426170562,
        0.9666929454518856,
        0.9998183886413661
      ],
      [
        0.030244079144238493,
        0.031110125324762414,
        0.031916895752082196,
        0.03230380220198426,
        0.03330295742953223,
        0.03358478439064825,
        0.03346988772544351,
        0.03486521092405573,
        0.03533980921532335,
        0.03596724460712608,
        0.03785531061670937,
        0.039035392112245264,
        0.039482604843747354,
        0.041077587663424515,
        0.04136943327075733,
        0.043394932357074895,
        0.04506375762515961,
        0.20703996412175352,
        0.26062230178996376,
        0.22837393489067617
      ]
    ],
    "clamp": [
      [
        0.018021669964438485,
        0.08577747501781066,
        0.11795548220433576,
        0.15888441099350514,
        0.1896488906327975,
        0.216322182311444,
        0.2484422762611545,
        0.2781135456020691,
        0.3123017625604084,
        0.3402320918137785,
        0.37177448544823966,
        0.4024430332596183,
        0.4406408770581527,
        0.4780276314586429,
        0.5227353245379303,
        0.5731140005872131,
        0.6700059931947041,
        0.891423589720951,
        0.9708878202462299,
        0.9930643532452534
      ],
      [
        0.026095501986469954,
        0.027720305927640004,
        0.02842193177441035,
        0.02977025900373691,
        0.03008663063922693,
        0.031252348533439764,
        0.03272670628554289,
        0.03361503647654374,
        0.03399549016624097,
        0.03537960382478718,
        0.036492780209724136,
        0.04051735187725584,
        0.04181035673903321,
        0.045554030513036706,
        0.047826437507660816,
        0.06108046584600153,
        0.10042974123012606,
        0.2907186897534005,
        0.2960509798515398,
        0.24535795523349146
      ]
    ]
  },
  "decision_cutoff_logit": -2.2271392785238,
  "decision_cutoff_lift": 0.9733970801499329
}