{
  "mode": "slow",
  "descriptor_types": [
    "chemeleon",
    "clamp",
    "morgan"
  ],
  "n_compounds": 187,
  "n_actives": 68,
  "ratio_actives": 0.36363636363636365,
  "population_prior": 0.36363636363636365,
  "portfolio": [
    "lr",
    "xgb",
    "rf",
    "svc"
  ],
  "num_batches": {
    "chemeleon": 1,
    "clamp": 1,
    "morgan": 1
  },
  "decision_cutoff_raw": 0.4476488177469265,
  "decision_cutoff_proba": 0.38010300259424956,
  "decision_cutoff_rank": 0.6176207022674949,
  "oof_aucs": {
    "chemeleon": 0.9851705388037568,
    "clamp": 0.9909787444389521,
    "morgan": 0.9878892733564014
  },
  "proxy_aucs": {
    "chemeleon": 0.9773850716757292,
    "clamp": 0.9819574888779041,
    "morgan": 0.9725654967869501
  },
  "train_aucs": {
    "chemeleon": 1.0,
    "clamp": 1.0,
    "morgan": 1.0
  },
  "quality_aucs": {
    "chemeleon": 0.9703410776075136,
    "clamp": 0.9819574888779041,
    "morgan": 0.9757785467128028
  },
  "active_descriptors": {
    "chemeleon": true,
    "clamp": true,
    "morgan": true
  },
  "ad_hard_cutoffs": {
    "chemeleon": 0.051500000059604645,
    "clamp": 0.051500000059604645,
    "morgan": 0.051500000059604645
  },
  "rank_error_curves": {
    "chemeleon": [
      [
        0.1451597879621686,
        0.1825006670162365,
        0.20367769652380868,
        0.21426366130846322,
        0.2207239884263943,
        0.2504383197009594,
        0.2710064347829348,
        0.30883095649717557,
        0.3352397983695212,
        0.35692178989323714,
        0.3939797913836543,
        0.5152116283030366,
        0.6147384464412681,
        0.7758296553538029,
        0.832272444139442,
        0.8741525156518087,
        0.8852042801990453,
        0.8932272622808726,
        0.9043210214859403,
        0.9267827773808703
      ],
      [
        0.09501913239665703,
        0.10068607266665261,
        0.10186944496881105,
        0.103838240639485,
        0.10700856960057636,
        0.11185462045774212,
        0.11208837831094565,
        0.11834794173840003,
        0.1282903000192972,
        0.13017732061630816,
        0.13837524093937892,
        0.19776091431125487,
        0.3812495014806962,
        0.25174694519956575,
        0.20583674929182358,
        0.1878466036925106,
        0.17938736155084956,
        0.17638815349289383,
        0.17193408222141182,
        0.16267384874248747
      ]
    ],
    "clamp": [
      [
        0.13700275164823825,
        0.1672295096807471,
        0.18956543890229982,
        0.1980888370979485,
        0.21083702183267666,
        0.23272129503451533,
        0.25572490299385,
        0.2963877293406837,
        0.32447999820878803,
        0.3700935162292172,
        0.4211024834666123,
        0.5266398993566762,
        0.6169850264990252,
        0.7611524523307859,
        0.8309534036506583,
        0.8597095682199196,
        0.8878683414797439,
        0.8986529243868615,
        0.911660627119316,
        0.9279484925259713
      ],
      [
        0.07730967891929638,
        0.08008501475832062,
        0.08393105662876024,
        0.08200481606195695,
        0.08388615204639978,
        0.08631804071363879,
        0.08632949187827205,
        0.09278863676201368,
        0.09356574016464922,
        0.103113126818212,
        0.1124273991912817,
        0.174877104401726,
        0.3514478045604253,
        0.22016414521207694,
        0.17538530838642175,
        0.16368587819215916,
        0.15243485114533958,
        0.1483659237192295,
        0.14037297964604017,
        0.13339397242250114
      ]
    ],
    "morgan": [
      [
        0.026077844873041118,
        0.06894511334797276,
        0.09818761952589178,
        0.11332724457649805,
        0.12416909676183661,
        0.1532001289565857,
        0.18404527771046547,
        0.20732873950355743,
        0.2645022853132192,
        0.30724289100396407,
        0.3888448805642948,
        0.4971894796814156,
        0.581433412916522,
        0.7837338601716968,
        0.9066078717449546,
        0.9286755516484921,
        0.943574837056781,
        0.9603731107508381,
        0.9772502610377287,
        0.9963741169424253
      ],
      [
        0.07635642766049588,
        0.07777300386023062,
        0.08012683921876984,
        0.07966244030194643,
        0.0804669741363345,
        0.08237287138408776,
        0.08506976443739442,
        0.08553849955069599,
        0.09098762055781132,
        0.09736118382532953,
        0.1142404262379607,
        0.16871427636532874,
        0.30739026049931695,
        0.22292757283420206,
        0.17348001705237379,
        0.150849574361084,
        0.14598336562827025,
        0.14289380679196004,
        0.14017477220619964,
        0.13613906297974546
      ]
    ]
  },
  "decision_cutoff_logit": -0.48911105557194917,
  "decision_cutoff_lift": 1.0452832571341863
}