{
  "n_components": 27,
  "n_features_in": 768,
  "n_cal_knots": 200,
  "cal_min": 3.158468246459961,
  "cal_max": 10.380017280578613,
  "scaler": "standard"
}