{
  "n_components": 45,
  "n_features_in": 2048,
  "n_cal_knots": 200,
  "cal_min": 3.1692025661468506,
  "cal_max": 33.055606842041016,
  "scaler": "standard"
}