{
    "portfolio": [
        "lr",
        "xgb",
        "rf",
        "svc"
    ],
    "max_batch_size": 100000,
    "max_imbalance_ratio": 100,
    "num_batches": 1,
    "population_prior": 0.25008414675193535,
    "batch_priors": [
        0.25008414675193535
    ],
    "decision_cutoff_raw": 0.2015266658333443,
    "decision_cutoff_proba": 0.2448436673019037,
    "decision_cutoff_rank": 0.6185185185185185,
    "decision_cutoff_logit": -1.1263048767590105,
    "decision_cutoff_lift": 0.9790451353350687
}