{
    "portfolio": [
        "lr",
        "xgb",
        "rf",
        "svc"
    ],
    "max_batch_size": 100000,
    "max_imbalance_ratio": 100,
    "num_batches": 1,
    "population_prior": 0.25008414675193535,
    "batch_priors": [
        0.25008414675193535
    ],
    "decision_cutoff_raw": 0.19241722511473913,
    "decision_cutoff_proba": 0.2813348764518535,
    "decision_cutoff_rank": 0.6117003367003367,
    "decision_cutoff_logit": -0.9378498052307748,
    "decision_cutoff_lift": 1.1249608585981923
}