{
  "task": "classification",
  "format": "onnx",
  "preset_name": "heuristic",
  "use_linear": false,
  "n_features_in": 1064,
  "classes": [
    0,
    1
  ],
  "params": {
    "C": 0.360555,
    "class_weight": "balanced",
    "max_iter": 5000,
    "tol": 0.001,
    "random_state": 42,
    "use_linear": false,
    "kernel": "rbf",
    "gamma": "scale"
  },
  "profile": {
    "n_samples": 130,
    "n_features": 1064,
    "n_p_ratio": 0.12218045112781954,
    "sparsity": 0.9402255639097744,
    "is_sparse_counts": false,
    "binary_feature_fraction": 0.7359022556390977,
    "feature_signal_strength": 0.12390891559318397,
    "feature_signal_p90": 0.2438019720209904,
    "task": "classification",
    "imbalance_ratio": 1.4074074074074074,
    "y_skewness": 0.0,
    "y_all_positive": false
  },
  "portfolio_scores": {},
  "decision_cutoff_raw": 0.5249055152171606,
  "decision_cutoff_raw_source": "oof_balanced_accuracy",
  "decision_cutoff_proba": 0.4410586334931913,
  "decision_cutoff_rank": 0.5581395348837209,
  "decision_cutoff_logit": -0.23686675530794574,
  "calibrator": {
    "method": "platt",
    "coef": 3.9409476127311622,
    "intercept": -2.305491892412435
  },
  "ranker": {
    "knots": [
      0.2517566438411394,
      0.2772835497775442,
      0.2804645409859484,
      0.2823281992726222,
      0.2904494613956516,
      0.29931300155008933,
      0.3058718790023495,
      0.31607015612352923,
      0.31627822926350296,
      0.3194600703497987,
      0.32034733903749135,
      0.3206855397424811,
      0.32102814447460026,
      0.3250263484585338,
      0.32885916856181013,
      0.3293247203104456,
      0.3311968128074883,
      0.33402538010852173,
      0.33484739153666815,
      0.34191780304956754,
      0.3421819613668725,
      0.3439564207753571,
      0.3529078251507138,
      0.35302853121386274,
      0.35304951771417237,
      0.35423614135970727,
      0.35472575587010424,
      0.35634925761652303,
      0.3581890659136378,
      0.3634018660133825,
      0.365424546218367,
      0.3662958360603987,
      0.3749054195277981,
      0.3789034960899292,
      0.3904235366931297,
      0.39114601530351084,
      0.394354418132858,
      0.3950026028475464,
      0.3968968003266262,
      0.39754480687466287,
      0.39980364872901025,
      0.4185009121971945,
      0.4248691301813429,
      0.43625321738041734,
      0.44029060377270374,
      0.4471647313956416,
      0.4520366872684146,
      0.45538422787262006,
      0.45839967704376944,
      0.4648726244059939,
      0.4715457546535314,
      0.4725070791093326,
      0.4742730110312395,
      0.4768943458518735,
      0.4809701445125036,
      0.4844867159174899,
      0.48877886742024507,
      0.4902650272160464,
      0.4924465932195001,
      0.4940437727942638,
      0.5009127189500299,
      0.5010098827523071,
      0.5078263174889935,
      0.5088909394446077,
      0.5104530047167078,
      0.5135058278532986,
      0.5139196291198759,
      0.5196134544793676,
      0.5214528022508162,
      0.5224128981835913,
      0.5230592101167441,
      0.5237469245234007,
      0.5249055152171606,
      0.5305171727135503,
      0.5347853388545671,
      0.5363129099400907,
      0.5363880713344776,
      0.5409583874046395,
      0.5423552321617726,
      0.5424265033523401,
      0.5443304252851895,
      0.5448551814198437,
      0.5460152216230073,
      0.5471017869365932,
      0.5497084473147513,
      0.5503828827730761,
      0.5612993464970888,
      0.5657572498476214,
      0.5669275810769194,
      0.5715919316071614,
      0.583919922891466,
      0.5866529970525387,
      0.5871794126181492,
      0.587488244545841,
      0.5993729858817465,
      0.6009013934914716,
      0.6021364406496218,
      0.6042373145873269,
      0.6136964734956128,
      0.6138075073217494,
      0.6153635162102915,
      0.6169904854688983,
      0.620386249876141,
      0.6207099577818588,
      0.621844346021262,
      0.6223838117146747,
      0.6261529854416065,
      0.6266024021912924,
      0.6269826434883279,
      0.6283980022764578,
      0.6303402990779228,
      0.6304725704696114,
      0.6316813848243626,
      0.6335472118770356,
      0.633914850639424,
      0.6358055558316751,
      0.638844306353744,
      0.6417499254796497,
      0.6427541793154361,
      0.6449048000095792,
      0.6451716201169742,
      0.6530045311306505,
      0.6604563615464901,
      0.661681091935742,
      0.6650223877021686,
      0.6696134068531818,
      0.6714464398173533,
      0.6783815293607638,
      0.6884179836445453,
      0.7064968487355435
    ]
  }
}