{
  "task": "classification",
  "format": "onnx",
  "preset_name": "heuristic",
  "best_iteration": 225,
  "params": {
    "tree_method": "hist",
    "device": "cpu",
    "learning_rate": 0.1,
    "n_estimators": 2000,
    "early_stopping_rounds": 50,
    "max_depth": 3,
    "min_child_weight": 1,
    "subsample": 1.0,
    "colsample_bytree": 0.5,
    "colsample_bynode": 0.061,
    "reg_alpha": 0.3,
    "reg_lambda": 2.125,
    "gamma": 0.05,
    "max_bin": 128,
    "nthread": 64,
    "objective": "binary:logistic",
    "scale_pos_weight": 1.4074,
    "eval_metric": "auc"
  },
  "profile": {
    "n_samples": 130,
    "n_features": 1064,
    "n_p_ratio": 0.12218045112781954,
    "sparsity": 0.9402255639097744,
    "is_sparse_counts": false,
    "binary_feature_fraction": 0.7359022556390977,
    "feature_signal_strength": 0.12390891559318397,
    "feature_signal_p90": 0.2438019720209904,
    "task": "classification",
    "imbalance_ratio": 1.4074074074074074,
    "y_skewness": 0.0,
    "y_all_positive": false
  },
  "portfolio_scores": {},
  "decision_cutoff_raw": 0.46040356159210205,
  "decision_cutoff_raw_source": "oof_balanced_accuracy",
  "decision_cutoff_proba": 0.42458189516729894,
  "decision_cutoff_rank": 0.5736434108527132,
  "decision_cutoff_logit": -0.3039920067772855,
  "calibrator": {
    "method": "platt",
    "coef": 4.14584108803199,
    "intercept": -2.212752009502089
  },
  "ranker": {
    "knots": [
      0.01766158826649189,
      0.017687765881419182,
      0.01784501038491726,
      0.019808689132332802,
      0.02193528786301613,
      0.02490011230111122,
      0.026027211919426918,
      0.02742367796599865,
      0.03088381700217724,
      0.03347139433026314,
      0.03565073758363724,
      0.037607572972774506,
      0.03820887580513954,
      0.03895251825451851,
      0.0405808687210083,
      0.040840644389390945,
      0.041567254811525345,
      0.04253505542874336,
      0.04263810068368912,
      0.04329147934913635,
      0.04588218778371811,
      0.04735271632671356,
      0.04801453649997711,
      0.04870287701487541,
      0.049655407667160034,
      0.05167686566710472,
      0.053121574223041534,
      0.05325764790177345,
      0.053908009082078934,
      0.05396641790866852,
      0.055524565279483795,
      0.059620700776576996,
      0.0606500618159771,
      0.06184960901737213,
      0.06188416853547096,
      0.06701246649026871,
      0.0671098530292511,
      0.06885267049074173,
      0.07559999823570251,
      0.07655884325504303,
      0.0766863152384758,
      0.07886333763599396,
      0.07978583127260208,
      0.07993071526288986,
      0.08820319920778275,
      0.08925257623195648,
      0.08939044177532196,
      0.10052193701267242,
      0.11050311475992203,
      0.15035228431224823,
      0.16368891298770905,
      0.16733238101005554,
      0.17319457232952118,
      0.1747412234544754,
      0.17590229213237762,
      0.18954849243164062,
      0.21886347234249115,
      0.24931322038173676,
      0.2543991506099701,
      0.2938859760761261,
      0.3016912043094635,
      0.31174638867378235,
      0.33233147859573364,
      0.35373029112815857,
      0.35515886545181274,
      0.3567635416984558,
      0.37978196144104004,
      0.3837639391422272,
      0.405754953622818,
      0.4077087342739105,
      0.43674129247665405,
      0.4429340362548828,
      0.44623416662216187,
      0.45911842584609985,
      0.46040356159210205,
      0.48282548785209656,
      0.4832478165626526,
      0.48682737350463867,
      0.5087776780128479,
      0.5147436261177063,
      0.5442094802856445,
      0.5635707974433899,
      0.5648660063743591,
      0.5924755334854126,
      0.5989562273025513,
      0.6088772416114807,
      0.6129283308982849,
      0.6207349896430969,
      0.6216756701469421,
      0.7200636267662048,
      0.7587230801582336,
      0.7663020491600037,
      0.7957322001457214,
      0.7981767654418945,
      0.8003318905830383,
      0.811983048915863,
      0.8178074955940247,
      0.8222694396972656,
      0.8249416947364807,
      0.8396671414375305,
      0.8435176014900208,
      0.844278872013092,
      0.8548815250396729,
      0.8732960224151611,
      0.8798151612281799,
      0.8882030844688416,
      0.9056524038314819,
      0.9076032042503357,
      0.9090825915336609,
      0.915537416934967,
      0.9162999391555786,
      0.9186625480651855,
      0.9231215119361877,
      0.9250772595405579,
      0.9309084415435791,
      0.9341480135917664,
      0.9365959763526917,
      0.9391298294067383,
      0.9399336576461792,
      0.9409618377685547,
      0.9464223384857178,
      0.9473249316215515,
      0.9494662880897522,
      0.9507717490196228,
      0.9508970975875854,
      0.9516374468803406,
      0.9565305113792419,
      0.964309811592102,
      0.965273380279541,
      0.970932126045227
    ]
  }
}