{
  "task": "classification",
  "format": "onnx",
  "preset_name": "default",
  "use_linear": false,
  "n_features_in": 1653,
  "classes": [
    0,
    1
  ],
  "params": {
    "C": 1.0,
    "kernel": "rbf",
    "gamma": "scale",
    "class_weight": "balanced",
    "max_iter": 2180,
    "tol": 0.001,
    "random_state": 42,
    "use_linear": false
  },
  "profile": {
    "n_samples": 436,
    "n_features": 1653,
    "n_p_ratio": 0.2637628554143981,
    "sparsity": 0.9596202622976295,
    "is_sparse_counts": false,
    "binary_feature_fraction": 0.6104053236539625,
    "feature_signal_strength": 0.07193545283455831,
    "feature_signal_p90": 0.1453313440869371,
    "task": "classification",
    "imbalance_ratio": 2.6333333333333333,
    "y_skewness": 0.0,
    "y_all_positive": false
  },
  "portfolio_scores": {
    "heuristic": 0.9483333333333334,
    "default": 0.9483333333333334,
    "linear": 0.9216666666666666,
    "balanced_rbf": 0.925
  },
  "decision_cutoff_raw": 0.3529702654641375,
  "decision_cutoff_raw_source": "oof_balanced_accuracy",
  "decision_cutoff_proba": 0.17138556021522414,
  "decision_cutoff_rank": 0.5287356321839081,
  "decision_cutoff_logit": -1.5758391997210932,
  "calibrator": {
    "method": "platt",
    "coef": 6.799450559332988,
    "intercept": -3.9758430686591364
  },
  "ranker": {
    "knots": [
      0.2190589565007403,
      0.22253261034748287,
      0.2259497213735802,
      0.2267185039350689,
      0.22780060939026783,
      0.22780985798788236,
      0.2301908190211484,
      0.23493360602155955,
      0.23505675644808863,
      0.23623288657438216,
      0.2377365858315673,
      0.23855877600793798,
      0.24025120873509578,
      0.24163862134698255,
      0.24289279149417892,
      0.24581985489094557,
      0.2464581897725776,
      0.2468940628777448,
      0.2474366015674054,
      0.24768059259073452,
      0.248865456379454,
      0.24949007225662564,
      0.25032431853216536,
      0.25101358892935804,
      0.25108981369073463,
      0.25118904659100033,
      0.25137943058711204,
      0.25140546904166555,
      0.25157697182455274,
      0.2516982192456485,
      0.25250282476632424,
      0.2528450006358277,
      0.25290713908060064,
      0.25390908812412155,
      0.25404838972788574,
      0.25445869518985087,
      0.25524869889577523,
      0.25536073724076364,
      0.25569105155040067,
      0.2557505870874289,
      0.2557801786608067,
      0.25618961983472355,
      0.2562973298617071,
      0.2571245976400414,
      0.25719921532687284,
      0.2572765282826404,
      0.2581158429484079,
      0.25815395111053485,
      0.259394573678529,
      0.2596092161794452,
      0.25987225904174793,
      0.26065313416427566,
      0.261368334886685,
      0.2617495468722734,
      0.2619904306385904,
      0.26250362716594516,
      0.26252723121301447,
      0.2627522548759493,
      0.2631230997900873,
      0.2636368589329115,
      0.263642969120485,
      0.26365510389104607,
      0.2642868293556206,
      0.26503555320604466,
      0.2650521302998909,
      0.2651664192103758,
      0.26610622978415427,
      0.26628914045966057,
      0.26657991094384953,
      0.26681236432681105,
      0.2670397609631564,
      0.2671249374395661,
      0.2672099500793503,
      0.2673833767439129,
      0.26744958220305365,
      0.26770089076690395,
      0.2677541401422701,
      0.2678037815046654,
      0.2679065449164364,
      0.2681315755158178,
      0.2688515194335601,
      0.26894990156141785,
      0.26895055713496024,
      0.26898841805208373,
      0.2690536431154518,
      0.2691500692083206,
      0.2693308449171266,
      0.2693582758210828,
      0.2695032343607104,
      0.27017725702622475,
      0.2704822809401383,
      0.2708295867220285,
      0.27088687845637,
      0.2710541814453856,
      0.27148713650535294,
      0.27174827466939944,
      0.2719424205153099,
      0.27201216361271424,
      0.27243925178077694,
      0.2724945815468795,
      0.2727712990061818,
      0.2730261696060121,
      0.2734142846145143,
      0.27346643979869395,
      0.2736107674079828,
      0.27364561229074774,
      0.27365401575935966,
      0.2748734917306153,
      0.27519969333391225,
      0.27527334149950927,
      0.27542653808918244,
      0.27590655493254285,
      0.2759552408060837,
      0.27609551825645917,
      0.2762911327699283,
      0.2764550536818347,
      0.2766400978669581,
      0.27706017948871453,
      0.27731824565672447,
      0.2774346442341169,
      0.27787871744128395,
      0.27791564935323565,
      0.27804700533740323,
      0.27831346378306254,
      0.27841994391933744,
      0.27856497805895775,
      0.2787476339559185,
      0.27918219132964794,
      0.27996531546016934,
      0.27999532755089607,
      0.2805195559049058,
      0.2806054806186591,
      0.2807074141108568,
      0.28088380303059624,
      0.2809358185509443,
      0.28121854565627835,
      0.28142084302060316,
      0.28178228882699297,
      0.2818524355065987,
      0.2820053495203569,
      0.28221061247867507,
      0.28244198551802235,
      0.28256281998578875,
      0.28280440509418053,
      0.28333526513716245,
      0.2833990372306174,
      0.28339996603721146,
      0.28374421959198276,
      0.2838964169545036,
      0.28395665050936153,
      0.2840441978526578,
      0.2840835241778692,
      0.2840965126525652,
      0.2846186629289803,
      0.2849345170477699,
      0.285305990140405,
      0.28542359303064496,
      0.2861099083753341,
      0.28657799696153485,
      0.2870898623538412,
      0.287194523883247,
      0.2874958047978693,
      0.2875170450003722,
      0.28771317666429297,
      0.28837533416256833,
      0.2885812266682973,
      0.2889578056992951,
      0.28976518238336413,
      0.29042600100380483,
      0.2910421878573031,
      0.2910428618211204,
      0.291088075565863,
      0.2918859341110193,
      0.2921902855510221,
      0.2938063884633295,
      0.29410269787736965,
      0.2943887733520471,
      0.29488357781004215,
      0.2953102805496859,
      0.29539877480955673,
      0.2964752847347211,
      0.296841490593839,
      0.2971851657488513,
      0.29763175940732706,
      0.30040105135029865,
      0.3014526023429475,
      0.3014568915664319,
      0.3015590409410192,
      0.3018283376035925,
      0.3020361767836671,
      0.30229210515547267,
      0.3028094306838609,
      0.3029051689780448,
      0.3030771468042136,
      0.3044598608532186,
      0.3051532090414985,
      0.3051852973702,
      0.30656079902449024,
      0.3076637997895794,
      0.308431679303965,
      0.3086762511485422,
      0.3091452095521661,
      0.3097324521723972,
      0.30976432931498926,
      0.3099519448155452,
      0.3146750039049209,
      0.31488115608836487,
      0.3154095657640499,
      0.31547103106268937,
      0.31556526610440927,
      0.316068522952022,
      0.31734145571521993,
      0.31751622059108464,
      0.3206508498258276,
      0.32169997403746536,
      0.3258097658222209,
      0.32631175247513466,
      0.32734291993099085,
      0.3282694954473307,
      0.3290655078859097,
      0.32997986525597006,
      0.3368549784978539,
      0.33945424641603245,
      0.3423035515933994,
      0.3432213998339384,
      0.3441267486294175,
      0.35141687494421847,
      0.35176557801879893,
      0.3520254650029004,
      0.3524631220976035,
      0.3529702654641375,
      0.35543255321531897,
      0.35569839243807405,
      0.35854280147514367,
      0.3593057442698574,
      0.36093183532917705,
      0.364277108178107,
      0.364347300592229,
      0.366724663675226,
      0.367639923393197,
      0.3718844745360558,
      0.37197275195806123,
      0.3747488719928662,
      0.3799689102058578,
      0.3819130349893052,
      0.38320124646025555,
      0.3874681973520541,
      0.3879045759331535,
      0.38898376645994887,
      0.39099376923579093,
      0.39136966004962,
      0.39555188273704545,
