{
  "task": "classification",
  "format": "onnx",
  "preset_name": "default",
  "use_linear": false,
  "n_features_in": 1653,
  "classes": [
    0,
    1
  ],
  "params": {
    "C": 1.0,
    "kernel": "rbf",
    "gamma": "scale",
    "class_weight": "balanced",
    "max_iter": 2180,
    "tol": 0.001,
    "random_state": 42,
    "use_linear": false
  },
  "profile": {
    "n_samples": 436,
    "n_features": 1653,
    "n_p_ratio": 0.2637628554143981,
    "sparsity": 0.9596202622976295,
    "is_sparse_counts": false,
    "binary_feature_fraction": 0.6104053236539625,
    "feature_signal_strength": 0.06937137194004833,
    "feature_signal_p90": 0.1363579516769414,
    "task": "classification",
    "imbalance_ratio": 2.6333333333333333,
    "y_skewness": 0.0,
    "y_all_positive": false
  },
  "portfolio_scores": {
    "heuristic": 0.9266666666666665,
    "default": 0.935,
    "linear": 0.9299999999999999,
    "balanced_rbf": 0.9433333333333334
  },
  "decision_cutoff_raw": 0.36329521448231766,
  "decision_cutoff_raw_source": "oof_balanced_accuracy",
  "decision_cutoff_proba": 0.18053763356337202,
  "decision_cutoff_rank": 0.5586206896551724,
  "decision_cutoff_logit": -1.5127092223017606,
  "calibrator": {
    "method": "platt",
    "coef": 6.917392110329246,
    "intercept": -4.025764672682116
  },
  "ranker": {
    "knots": [
      0.2183071779218901,
      0.22345392775335962,
      0.22562917176585295,
      0.22780154098895178,
      0.22862507152606537,
      0.23118081838336585,
      0.23161381032178835,
      0.23177582533627672,
      0.23349867815480635,
      0.23577529314962262,
      0.23593694494590722,
      0.23617882810948004,
      0.23654087088864523,
      0.23714881628271597,
      0.23766925616925189,
      0.24060735709329178,
      0.24125845251426983,
      0.24363090699535395,
      0.24532223386169663,
      0.2453668556742972,
      0.24567092253706008,
      0.24685291220328617,
      0.24852420909986503,
      0.24907115546986144,
      0.25014814535248087,
      0.25124374597701044,
      0.25141643265814634,
      0.251561101094356,
      0.25163408676771004,
      0.25277368398599226,
      0.25348847222763277,
      0.2535615543541688,
      0.2537895364467691,
      0.25395476821921936,
      0.2547535694789137,
      0.2555672088880838,
      0.25642692668325484,
      0.25695646157350693,
      0.2573320036552612,
      0.25757189604302727,
      0.25759169953848815,
      0.2583258336006262,
      0.25838628514992223,
      0.25851863903214384,
      0.2587997743943709,
      0.2591020214448978,
      0.2593360417421664,
      0.2595694886334985,
      0.25972969506328536,
      0.2607586838783566,
      0.2608901658209746,
      0.2611929718090304,
      0.26152240277574235,
      0.2619658029317383,
      0.2620497797250482,
      0.26271682641490457,
      0.2629721925820212,
      0.26334571091558523,
      0.2636002884348947,
      0.2641369970613586,
      0.2643579119877097,
      0.2645961084589528,
      0.2646594110032861,
      0.2647426987102891,
      0.26476151500741363,
      0.26493962048639175,
      0.26521263578723836,
      0.2652935502287613,
      0.2657849404518095,
      0.2661302530452737,
      0.2669333541111723,
      0.26736950735512,
      0.26744806099287005,
      0.26764434399796566,
      0.26805437463917303,
      0.2681720332043337,
      0.26833991100862037,
      0.26838508369827246,
      0.2689050419781975,
      0.2689633683706731,
      0.2689633683706731,
      0.2689633683706731,
      0.2693402419067014,
      0.2693781275022018,
      0.26943580087923485,
      0.2694557327332865,
      0.27010686155422803,
      0.2701959043155706,
      0.27026808321656604,
      0.270319212301151,
      0.2703329583623282,
      0.2709100764325651,
      0.27100289173111436,
      0.271004271009595,
      0.27117462153603794,
      0.27144257810063266,
      0.2715836944857163,
      0.2716581015888089,
      0.27168374556335145,
      0.2718721516291433,
      0.2719076978802958,
      0.27204273276151864,
      0.27210763682974454,
      0.27238838183044833,
      0.27242930601366433,
      0.2726700820259328,
      0.2726731403088888,
      0.2728358265262885,
      0.2729199696858554,
      0.27316301176109076,
      0.2732954186743796,
      0.27365416136968895,
      0.2742850062875202,
      0.2743846001022304,
      0.2745511226391484,
      0.2751375383996248,
      0.2754984153153822,
      0.2755167334032112,
      0.275810493690139,
      0.27688638186550896,
      0.27755433013093656,
      0.2775543918017402,
      0.277685852704694,
      0.2779604531324561,
      0.2780841791993912,
      0.2781017294664972,
      0.2785010902809449,
      0.27858364128688123,
      0.27903403862798265,
      0.2792141696867899,
      0.27939375603371347,
      0.2795126238931252,
      0.2795914690874816,
      0.2796178191496346,
      0.2796441835003707,
      0.2796823529408501,
      0.28007891873177704,
      0.280260874074557,
      0.2802731025182327,
      0.2806760320977756,
      0.28120855717180626,
      0.2812110748051416,
      0.28148490892862804,
      0.28149141718120585,
      0.28172087605319107,
      0.28217940717941903,
      0.2830129308386513,
      0.283458053375434,
      0.28396217039779803,
      0.2841440980863049,
      0.28479686513394853,
      0.2852045484740957,
      0.28532002753511054,
      0.28580287591698766,
      0.286159266292911,
      0.2870384873614527,
      0.28827536203754517,
      0.28832169422900095,
      0.2884138852818776,
      0.28910343432825725,
      0.2891833707968412,
      0.2894404408046775,
      0.2895623900304429,
      0.2905473302786827,
      0.29118924378127836,
      0.2913813831096163,
      0.29142680813250377,
      0.29184342903307947,
      0.29257977793026174,
      0.29311317165136225,
      0.29404466218251346,
      0.2941807972312278,
      0.294185448473598,
      0.2945761568059052,
      0.29478562918176315,
      0.29504878076374175,
      0.2956000763085012,
      0.2969096397930657,
      0.29708592083803925,
      0.29772634615923277,
      0.2979923875502546,
      0.2986854359532494,
      0.2991138345409067,
      0.2991486730698588,
      0.2995627605414333,
      0.29977117044272195,
      0.30008268933564736,
      0.3018778961647836,
      0.3029554608074771,
      0.3030202023213167,
      0.30303528809714964,
      0.30485723057483294,
      0.30489733526843,
      0.30633452388372273,
      0.3081478837973611,
      0.3082985677751287,
      0.30841027521687653,
      0.3093494778506906,
      0.3093733121888304,
      0.30948405871659573,
      0.3096832062802111,
      0.31072288955809374,
      0.3109133108952068,
      0.3114281917150498,
      0.31217584810570365,
      0.3124101213334165,
      0.3130063734288164,
      0.3146250424796664,
      0.31495088175182256,
      0.3156211529330593,
      0.32002104839894935,
      0.320159255632908,
      0.32032308075558436,
      0.3258513396924176,
      0.32904356237719967,
      0.32971953135871324,
      0.330099936720853,
      0.33142855280521893,
      0.33174058103552645,
      0.33815669701883616,
      0.3386031103030038,
      0.33876492771437805,
      0.3389603953007966,
      0.3393738036663765,
      0.33944598305089696,
      0.33957555413561646,
      0.3399649332278685,
      0.3404894874218863,
      0.34093252645549255,
      0.3427327130518759,
      0.34276806447030395,
      0.3430246155136502,
      0.3453058902291979,
      0.345545085749314,
      0.3462153899229582,
      0.34808849565399974,
      0.35296713094335536,
      0.3535041665164833,
      0.3554931706789591,
      0.3565035853147493,
      0.3584600879183534,
      0.361453547969741,
      0.36209297810539953,
      0.36329521448231766,
      0.36367827016399557,
      0.365621643869748,
      0.36999931073522574,
      0.37009141250885524,
      0.3739088451132536,
      0.37677356723385536,
      0.37925136027934603,
      0.38405092386020373,
