{
  "task": "classification",
  "format": "onnx",
  "preset_name": "default",
  "best_iteration": 99,
  "params": {
    "tree_method": "hist",
    "device": "cpu",
    "learning_rate": 0.3,
    "max_depth": 6,
    "min_child_weight": 1,
    "subsample": 1.0,
    "colsample_bytree": 1.0,
    "reg_alpha": 0.0,
    "reg_lambda": 1.0,
    "max_bin": 256,
    "n_estimators": 2000,
    "early_stopping_rounds": 50,
    "nthread": 16,
    "objective": "binary:logistic",
    "scale_pos_weight": 2.6333,
    "eval_metric": "auc"
  },
  "profile": {
    "n_samples": 436,
    "n_features": 1653,
    "n_p_ratio": 0.2637628554143981,
    "sparsity": 0.9596202622976295,
    "is_sparse_counts": false,
    "binary_feature_fraction": 0.6104053236539625,
    "feature_signal_strength": 0.07193545283455831,
    "feature_signal_p90": 0.1453313440869371,
    "task": "classification",
    "imbalance_ratio": 2.6333333333333333,
    "y_skewness": 0.0,
    "y_all_positive": false
  },
  "portfolio_scores": {
    "flaml": NaN,
    "autogluon": NaN,
    "heuristic": 0.9147222222222222,
    "default": 0.9263888888888889
  },
  "decision_cutoff_raw": 0.04009450599551201,
  "decision_cutoff_raw_source": "oof_balanced_accuracy",
  "decision_cutoff_proba": 0.10623196229545281,
  "decision_cutoff_rank": 0.6,
  "decision_cutoff_logit": -2.1298212490901003,
  "calibrator": {
    "method": "platt",
    "coef": 3.5279778714632126,
    "intercept": -2.271273779009516
  },
  "ranker": {
    "knots": [
      8.031575998757035e-05,
      9.805974696064368e-05,
      0.0001110899102059193,
      0.0001459054183214903,
      0.00017456845671404153,
      0.0001893446024041623,
      0.00019008044910151511,
      0.00020248128566890955,
      0.00021080163423903286,
      0.0002136779949069023,
      0.0002165735641028732,
      0.00022096169413998723,
      0.00022584704856853932,
      0.00023785607481840998,
      0.00024754327023401856,
      0.00027213877183385193,
      0.00028394319815561175,
      0.0003092038386967033,
      0.00032223400194197893,
      0.0003274840710218996,
      0.0003302811528556049,
      0.00033073301892727613,
      0.00033454701770097017,
      0.0003368906327523291,
      0.00034543394576758146,
      0.000345783366356045,
      0.00034825614420697093,
      0.0003562137426342815,
      0.00035928215947933495,
      0.0003604570229072124,
      0.0003647558914963156,
      0.0003688151191454381,
      0.00037197855999693274,
      0.0003807499597314745,
      0.0003905103949364275,
      0.0003952076949644834,
      0.0003997060703113675,
      0.0004027877002954483,
      0.0004040733620058745,
      0.000412725901696831,
      0.0004204030556138605,
      0.0004337720456533134,
      0.00043664229451678693,
      0.0004390817484818399,
      0.0004423052887432277,
      0.00044248075573705137,
      0.00044957638601772487,
      0.0004782614705618471,
      0.0004905007663182914,
      0.0004921851796098053,
      0.0005038367235101759,
      0.0005096439854241908,
      0.000522723828908056,
      0.0005326149985194206,
      0.0005435872590169311,
      0.0005504526197910309,
      0.0005574306705966592,
      0.0005686086951754987,
      0.0005813373136334121,
      0.0006086421199142933,
      0.0006121510523371398,
      0.0006142172496765852,
      0.0006189337000250816,
      0.0006410130299627781,
      0.0006561157642863691,
      0.0006613762234337628,
      0.0006776726222597063,
      0.0006776726222597063,
      0.0006971292896196246,
      0.0006975951255299151,
      0.0007074902532622218,
      0.0007097032503224909,
      0.0007144159753806889,
      0.0007144159753806889,
      0.0007248295587487519,
      0.0007303700549528003,
      0.0007353422115556896,
      0.000742672011256218,
      0.0007451490382663906,
      0.0007555225747637451,
      0.000758096924982965,
      0.0007725919713266194,
      0.0007739238208159804,
      0.000793546496424824,
      0.0008005022536963224,
      0.0008204756886698306,
      0.0008222241303883493,
      0.0008223612676374614,
      0.0008452647598460317,
      0.0008564431336708367,
      0.0008598193526268005,
      0.0008983428124338388,
      0.0009575174190104008,
      0.0009644658421166241,
      0.0009991913102567196,
      0.0010313797974959016,
      0.001067419652827084,
      0.0011069013271480799,
      0.001111221848987043,
      0.0011165986070409417,
      0.0011487811570987105,
      0.001154823345132172,
      0.0011626274790614843,
      0.0011834150645881891,
      0.001205197535455227,
      0.0012280757073312998,
      0.0012382776476442814,
      0.001247755135409534,
      0.0012500289594754577,
      0.0012509103398770094,
      0.001264594728127122,
      0.0013067375402897596,
      0.001317816087976098,
      0.0013207807205617428,
      0.0013405559584498405,
      0.001364608877338469,
      0.0013951780274510384,
      0.0014030467718839645,
      0.0014153489610180259,
      0.0014239372685551643,
      0.001428011106327176,
      0.0014345283852890134,
      0.0014972399221733212,
      0.0015321640530601144,
      0.0015563226770609617,
      0.0016033074352890253,
      0.0016453632852062583,
      0.0016652269987389445,
      0.0016780538717284799,
      0.0016966493567451835,
      0.001700998400337994,
      0.0017238828586414456,
      0.001766302390024066,
      0.0018460802966728806,
      0.0019266832387074828,
      0.0019736550748348236,
      0.002022315049543977,
      0.0020310296677052975,
      0.002037834608927369,
      0.0020823266822844744,
      0.0021996295545250177,
      0.0022159521467983723,
      0.0022243550047278404,
      0.002262257970869541,
      0.0023163005243986845,
      0.0023182108998298645,
      0.002413659356534481,
      0.0024246005341410637,
      0.002553739817813039,
      0.0026255708653479815,
      0.002703422447666526,
      0.0027169189415872097,
      0.0027755547780543566,
      0.0028555821627378464,
      0.002983838552609086,
      0.003074940061196685,
      0.0031203273683786392,
      0.0031372224912047386,
      0.003142171073704958,
      0.0031542400829494,
      0.0032338614109903574,
      0.0032782352063804865,
      0.00328013370744884,
      0.0033305773977190256,
      0.0033982705790549517,
      0.003529882989823818,
      0.0035672481171786785,
      0.00357690523378551,
      0.0038056294433772564,
      0.003922001924365759,
      0.003948646131902933,
      0.004266072530299425,
      0.004302843473851681,
      0.004448278341442347,
      0.004510066471993923,
      0.004551622085273266,
      0.004563282243907452,
      0.004718245938420296,
      0.00494508258998394,
      0.0050092292949557304,
      0.005164927337318659,
      0.005231061950325966,
      0.005285711959004402,
      0.006066023372113705,
      0.0060752443969249725,
      0.006101967766880989,
      0.006139421835541725,
      0.006165557540953159,
      0.006245205644518137,
      0.006268319208174944,
      0.006268467288464308,
      0.006295901723206043,
      0.00637990003451705,
      0.006544719450175762,
      0.006761150900274515,
      0.006974540185183287,
      0.007035726681351662,
      0.007227834779769182,
      0.007274111732840538,
      0.0072800954803824425,
      0.0072800954803824425,
      0.007479932624846697,
      0.007917895913124084,
      0.008033624850213528,
      0.008109102956950665,
      0.008178950287401676,
      0.008555102162063122,
      0.008851123042404652,
      0.009058773517608643,
      0.009250983595848083,
      0.009289299137890339,
      0.009978481568396091,
      0.010003016330301762,
      0.01042390987277031,
      0.010943405330181122,
      0.010952906683087349,
      0.011705370619893074,
      0.011841175146400928,
      0.0118575943633914,
      0.011946145445108414,
      0.01262027770280838,
      0.013091117143630981,
      0.013134992681443691,
      0.013400235213339329,
      0.013443069532513618,
      0.014138608239591122,
      0.014380713924765587,
