{
  "task": "classification",
  "format": "onnx",
  "preset_name": "default",
  "best_iteration": 99,
  "params": {
    "tree_method": "hist",
    "device": "cpu",
    "learning_rate": 0.3,
    "max_depth": 6,
    "min_child_weight": 1,
    "subsample": 1.0,
    "colsample_bytree": 1.0,
    "reg_alpha": 0.0,
    "reg_lambda": 1.0,
    "max_bin": 256,
    "n_estimators": 2000,
    "early_stopping_rounds": 50,
    "nthread": 56,
    "objective": "binary:logistic",
    "scale_pos_weight": 2.6333,
    "eval_metric": "auc"
  },
  "profile": {
    "n_samples": 436,
    "n_features": 1653,
    "n_p_ratio": 0.2637628554143981,
    "sparsity": 0.9596202622976295,
    "is_sparse_counts": false,
    "binary_feature_fraction": 0.6104053236539625,
    "feature_signal_strength": 0.06937137194004833,
    "feature_signal_p90": 0.1363579516769414,
    "task": "classification",
    "imbalance_ratio": 2.6333333333333333,
    "y_skewness": 0.0,
    "y_all_positive": false
  },
  "portfolio_scores": {
    "flaml": NaN,
    "autogluon": NaN,
    "heuristic": 0.9263888888888889,
    "default": 0.9247222222222221
  },
  "decision_cutoff_raw": 0.13576944172382355,
  "decision_cutoff_raw_source": "oof_balanced_accuracy",
  "decision_cutoff_proba": 0.14303631828837163,
  "decision_cutoff_rank": 0.6413793103448275,
  "decision_cutoff_logit": -1.7902969672417737,
  "calibrator": {
    "method": "platt",
    "coef": 3.4415029337760066,
    "intercept": -2.2575478992514433
  },
  "ranker": {
    "knots": [
      5.114739906275645e-05,
      0.00010541348456172273,
      0.0001103383328882046,
      0.00011300376354483888,
      0.00014398762141354382,
      0.00014887822908349335,
      0.0001527092099422589,
      0.00016518085612915456,
      0.00019649228488560766,
      0.00020614650566130877,
      0.00021240358182694763,
      0.00021367555018514395,
      0.00021638204634655267,
      0.0002191470266552642,
      0.00022604758851230145,
      0.00022658034868072718,
      0.00023103105195332319,
      0.0002593938261270523,
      0.0002698087482713163,
      0.00027194712311029434,
      0.0002797083870973438,
      0.0002802922099363059,
      0.0002821801172103733,
      0.0002866392023861408,
      0.00029036038904450834,
      0.000298292696243152,
      0.00030200296896509826,
      0.0003038620634470135,
      0.00030818849336355925,
      0.000313841097522527,
      0.00031806595507077873,
      0.00031841880991123617,
      0.000319931743433699,
      0.0003295803617220372,
      0.0003484090557321906,
      0.0003525691572576761,
      0.0003540359903126955,
      0.00035708516952581704,
      0.00035974846105091274,
      0.0003698576765600592,
      0.00037737141246907413,
      0.00038804186624474823,
      0.0003897426067851484,
      0.0003996022278442979,
      0.00040282492409460247,
      0.00040626683039590716,
      0.0004227278695907444,
      0.000425039732363075,
      0.00045070829219184816,
      0.000461532617919147,
      0.00046713920892216265,
      0.0004674229130614549,
      0.0004964983090758324,
      0.0005215356359258294,
      0.0005255392170511186,
      0.0005276644951663911,
      0.0005334957386367023,
      0.0005490454495884478,
      0.0005611122469417751,
      0.00056476891040802,
      0.0005837790085934103,
      0.0005848714499734342,
      0.0005875122151337564,
      0.0006104902131482959,
      0.000611887953709811,
      0.0006320658139884472,
      0.0006337831728160381,
      0.0006594458245672286,
      0.0006675342447124422,
      0.0006683063693344593,
      0.0006788901519030333,
      0.000683386460877955,
      0.0007010521367192268,
      0.0007022443460300565,
      0.0007097187917679548,
      0.0007208517636172473,
      0.0007286952459253371,
      0.0007343859761022031,
      0.0007478668703697622,
      0.0007530503207817674,
      0.0007735537365078926,
      0.0007958334754221141,
      0.000833209662232548,
      0.0008443402475677431,
      0.0008680864702910185,
      0.0008840704103931785,
      0.0008875388884916902,
      0.000900939223356545,
      0.0009077300201170146,
      0.000927447690628469,
      0.0009418085101060569,
      0.0009419054258614779,
      0.0009688576101325452,
      0.0009743960690684617,
      0.0010115798795595765,
      0.0010116208577528596,
      0.0010116868652403355,
      0.0010137390345335007,
      0.0010350167285650969,
      0.0010482030920684338,
      0.0010491881985217333,
      0.0010573428589850664,
      0.0010612887563183904,
      0.0010818904265761375,
      0.0011022078106179833,
      0.0011084905127063394,
      0.0011172284139320254,
      0.0011443753028288484,
      0.0011537650134414434,
      0.001178284757770598,
      0.0011869531590491533,
      0.0012616856256499887,
      0.0013267801841720939,
      0.001366542768664658,
      0.0013672561617568135,
      0.001375844469293952,
      0.0014140239218249917,
      0.001460981904529035,
      0.0014689706731587648,
      0.0014933825004845858,
      0.001523581799119711,
      0.0015553219709545374,
      0.001618797774426639,
      0.0016212889458984137,
      0.0017229706281796098,
      0.0017268264200538397,
      0.0017669860972091556,
      0.0017810473218560219,
      0.0017880626255646348,
      0.0018101774621754885,
      0.0018449559574946761,
      0.0019737619441002607,
      0.0020876144990324974,
      0.0022790171205997467,
      0.0022790171205997467,
      0.0022790171205997467,
      0.0022878609597682953,
      0.0024147171061486006,
      0.002556555438786745,
      0.0026644670870155096,
      0.0026880211662501097,
      0.0027335199993103743,
      0.0027340140659362078,
      0.00275921612046659,
      0.0028111902065575123,
      0.0028267735615372658,
      0.002855844097211957,
      0.002858297433704138,
      0.0029535870999097824,
      0.0030106010381132364,
      0.003062997478991747,
      0.003264796221628785,
      0.0033555286936461926,
      0.003582572564482689,
      0.0036331997253000736,
      0.0036758638452738523,
      0.0037049411330372095,
      0.0037152415607124567,
      0.003810249036177993,
      0.00411603506654501,
      0.004155568778514862,
      0.004328833427280188,
      0.0043467446230351925,
      0.00461975485086441,
      0.004655209369957447,
      0.004827386699616909,
      0.004978011827915907,
      0.005034666042774916,
      0.005056535359472036,
      0.005202194210141897,
      0.005218986421823502,
      0.00522629776969552,
      0.0053357877768576145,
      0.005391633603721857,
      0.005411101970821619,
      0.005913745146244764,
      0.005929562263190746,
      0.00595027906820178,
      0.006085240747779608,
      0.006649274379014969,
      0.006798091810196638,
      0.006859910674393177,
      0.0069621833972632885,
      0.007119766902178526,
      0.007135735359042883,
      0.007235113065689802,
      0.00724160298705101,
      0.007269712630659342,
      0.007569987326860428,
      0.008016212843358517,
      0.008028645068407059,
      0.008868353441357613,
      0.008927848190069199,
      0.009160996414721012,
      0.009259238839149475,
      0.009336204268038273,
      0.00972722191363573,
      0.010038020089268684,
      0.010054005309939384,
      0.010094654746353626,
      0.010124131105840206,
      0.010132367722690105,
      0.010945676825940609,
      0.011008866131305695,
      0.011479543522000313,
      0.01180695928633213,
      0.012064209207892418,
      0.012076929211616516,
      0.01212777104228735,
      0.012354426085948944,
      0.01239350438117981,
      0.012866218574345112,
      0.012899065390229225,
      0.01294336561113596,
      0.01300488505512476,
      0.013068491593003273,
      0.015334351919591427,
      0.015674004331231117,
      0.0159210953861475,
      0.016046589240431786,
      0.0172471571713686,
      0.01734660007059574,
      0.017567161470651627,
      0.017867807298898697,
      0.01927315630018711,
      0.019385401159524918,
