{
  "n_components": 45,
  "n_features_in": 2048,
  "n_cal_knots": 200,
  "cal_min": 2.8506646156311035,
  "cal_max": 31.51389503479004,
  "scaler": "standard"
}