{
  "n_components": 45,
  "n_features_in": 2048,
  "n_cal_knots": 200,
  "cal_min": 3.09677791595459,
  "cal_max": 28.744230270385742,
  "scaler": "standard"
}