{
  "n_components": 45,
  "n_features_in": 2048,
  "n_cal_knots": 200,
  "cal_min": 1.3921743631362915,
  "cal_max": 20.644563674926758,
  "scaler": "standard"
}