{
  "n_components": 45,
  "n_features_in": 2048,
  "n_cal_knots": 200,
  "cal_min": 1.262872338294983,
  "cal_max": 20.65096092224121,
  "scaler": "standard"
}