{
    "portfolio": [
        "xgb",
        "rf"
    ],
    "max_batch_size": 100000,
    "max_imbalance_ratio": 100,
    "num_batches": 1,
    "population_prior": 0.28098471986417656,
    "batch_priors": [
        0.28098471986417656
    ],
    "decision_cutoff_raw": 0.25192229598760607,
    "decision_cutoff_proba": 0.30090497737556565,
    "decision_cutoff_rank": 0.6815681568156816,
    "decision_cutoff_logit": -0.8429921486759915,
    "decision_cutoff_lift": 1.0708944512036749
}