{
    "portfolio": [
        "xgb",
        "rf"
    ],
    "max_batch_size": 100000,
    "max_imbalance_ratio": 100,
    "num_batches": 1,
    "population_prior": 0.28098471986417656,
    "batch_priors": [
        0.28098471986417656
    ],
    "decision_cutoff_raw": 0.18752249643206598,
    "decision_cutoff_proba": 0.30702487218837116,
    "decision_cutoff_rank": 0.6595430828101081,
    "decision_cutoff_logit": -0.8140653467363728,
    "decision_cutoff_lift": 1.092674620658312
}