{
  "task": "classification",
  "format": "onnx",
  "preset_name": "default",
  "use_linear": false,
  "n_features_in": 1506,
  "classes": [
    0,
    1
  ],
  "params": {
    "C": 1.0,
    "kernel": "rbf",
    "gamma": "scale",
    "class_weight": "balanced",
    "max_iter": 1330,
    "tol": 0.001,
    "random_state": 42,
    "use_linear": false
  },
  "profile": {
    "n_samples": 266,
    "n_features": 1506,
    "n_p_ratio": 0.17662682602921648,
    "sparsity": 0.0,
    "is_sparse_counts": false,
    "binary_feature_fraction": 0.0,
    "feature_signal_strength": 0.28681867523023336,
    "feature_signal_p90": 0.5598250145282724,
    "task": "classification",
    "imbalance_ratio": 1.0,
    "y_skewness": 0.0,
    "y_all_positive": false
  },
  "portfolio_scores": {
    "heuristic": 0.9644444444444444,
    "default": 0.9688888888888889,
    "linear": 0.9733333333333334,
    "balanced_rbf": 0.9822222222222222
  },
  "decision_cutoff_raw": 0.4565925543967009,
  "decision_cutoff_raw_source": "oof_balanced_accuracy",
  "decision_cutoff_proba": 0.4136858423601303,
  "decision_cutoff_rank": 0.4641509433962264,
  "decision_cutoff_logit": -0.3487489002259785,
  "calibrator": {
    "method": "platt",
    "coef": 6.4506450071578305,
    "intercept": -3.2940653815504968
  },
  "ranker": {
    "knots": [
      0.1984988572988433,
      0.22584710958810797,
      0.22980898093929228,
      0.23534911745214884,
      0.2361681196075658,
      0.23634561410191107,
      0.23675383554901885,
      0.2384636084582481,
      0.23860853409158328,
      0.23871985349512423,
      0.24044528512711924,
      0.24710287687633148,
      0.24763411035274174,
      0.24765382549048326,
      0.24788043726735506,
      0.24793059688333824,
      0.2494959415588026,
      0.25001119104561675,
      0.2501690552086976,
      0.2507715293469977,
      0.25096172898135305,
      0.25223155196385816,
      0.2531990543140962,
      0.25419731537451895,
      0.2550700180021536,
      0.25508861968788177,
      0.25524255026519826,
      0.2559367859874768,
      0.2565726592116502,
      0.2586090084752481,
      0.2600331877320076,
      0.26004835170134666,
      0.26062412817144837,
      0.2609641670171596,
      0.26104617834647015,
      0.26142990309057296,
      0.26169274686157995,
      0.26178280078421134,
      0.26212203316281063,
      0.2635431067140548,
      0.2637967207718185,
      0.26382645301772506,
      0.2639222282648308,
      0.264171823993592,
      0.264375165380151,
      0.2645204117055352,
      0.2647108308958766,
      0.26601383115134475,
      0.266594420525209,
      0.2668488556654487,
      0.26706162409945977,
      0.2685030650569392,
      0.268610779356713,
      0.26900576010435595,
      0.2690204950839935,
      0.2694754876209065,
      0.27023984094073655,
      0.2704397002847205,
      0.2705331472248683,
      0.270723403164038,
      0.27179444566608696,
      0.27220477167506024,
      0.2744941253104931,
      0.27462355640899283,
      0.27477171010937385,
      0.27523030164286827,
      0.2770721638707692,
      0.27730861731436585,
      0.2778840679103736,
      0.2786901515828752,
      0.2798767521526797,
      0.2818287537258099,
      0.28218667519472185,
      0.2827081174842668,
      0.28371386285208317,
      0.2841846232590886,
      0.28469690274182474,
      0.2857054631779245,
      0.2860412188354453,
      0.2861400480560164,
      0.2869486253967497,
      0.28792351467002236,
      0.28928245694248994,
      0.2901284841701913,
      0.29123830976831533,
      0.29145268747373676,
      0.2944121372842682,
      0.29667546490976654,
      0.29922241261873095,
      0.3003111418761841,
      0.3003988200175524,
      0.3005576151139083,
      0.30230375961361794,
      0.30553641794468744,
      0.30730671180720215,
      0.3074984586397921,
      0.3086076433464764,
      0.30884658666139786,
      0.3110591703214648,
      0.3138159830978842,
      0.3162521986949361,
      0.31787836398569036,
      0.3274577343452214,
      0.3280906450144848,
      0.331324628109805,
      0.3358793008679845,
      0.33595923143637113,
      0.33627562143033574,
      0.34191764985324574,
      0.34582300918764813,
      0.349014604533347,
      0.3494189614858524,
      0.3499239429433489,
      0.35200722609848606,
      0.35618898381294445,
      0.36274932062408316,
      0.3730443064937089,
      0.3806260933941464,
      0.38448247157284515,
      0.4120601348259657,
      0.42926760812986775,
      0.4463563517881385,
      0.45646590131931924,
      0.4565925543967009,
      0.4735654994241278,
      0.4875531294562701,
      0.48808848541240285,
      0.48912098619726135,
      0.5225502530716263,
      0.5299582624044016,
      0.5571340566061267,
      0.5593658903469161,
      0.5710702182480724,
      0.5757382223983964,
      0.5798346904174845,
      0.5827274745774413,
      0.5918818729619747,
      0.601920053545678,
      0.6153755009533949,
      0.6191609641867969,
      0.6366825856571261,
      0.6385769549641037,
      0.6406546046233114,
      0.643620969593517,
      0.6454365556911621,
      0.655270655495386,
      0.6578616257064948,
      0.6634828811007405,
      0.665314977566173,
      0.6653838339684507,
      0.6656169615256191,
      0.674509412306038,
      0.6757136848983357,
      0.6779489645778465,
      0.6791913527537268,
      0.6801171786618856,
      0.680142852016335,
      0.6803606220681265,
      0.680753619706813,
      0.682611622314945,
      0.6865881582998516,
      0.6868058518630561,
      0.6870562885522377,
      0.6888638865659859,
      0.689399158711125,
      0.6894429176811918,
      0.6908798834630542,
      0.691578362517817,
      0.6918368198458347,
      0.6925870632149423,
      0.6935890641085964,
      0.6937529561709732,
      0.6956233176224565,
      0.6969820663604807,
      0.697043339179689,
      0.6995424396471515,
      0.7000677177658273,
      0.7003372027275148,
      0.7016398404591956,
      0.7018448406541334,
      0.7040534393607835,
      0.7052162352535174,
      0.7059643829105602,
      0.7069198775136932,
      0.7092470986818352,
      0.7096574518253209,
      0.7096763976810992,
      0.7098236189833083,
      0.7126230854545877,
      0.7143517917602714,
      0.7158575501986575,
      0.7176399869482483,
      0.7186134903418302,
      0.7186297595582843,
      0.7202550042896148,
      0.721143615742289,
      0.7225976543309374,
      0.7230170458224006,
      0.7230513677851194,
      0.7230908925997941,
      0.7236039313523787,
      0.724678879822575,
      0.7251671541574426,
      0.7260584971003394,
      0.7262764655110859,
      0.7277785950762237,
      0.7280708580116249,
      0.7283916142115313,
      0.7291591952751558,
      0.7291735280377436,
      0.7295260142834037,
      0.730293597422205,
      0.7310985268174632,
      0.7315928077071827,
      0.7326579514674335,
      0.7328865036547921,
      0.7331790693964383,
      0.7345807532763873,
      0.735527580408767,
      0.7356219130554504,
      0.7359819001743165,
      0.7361829461151786,
      0.7366495539703974,
      0.7368686389538865,
      0.7374766727631122,
      0.7377405097298871,
      0.7380505307699299,
      0.7387135535169523,
      0.7391193294860086,
      0.7396232717174819,
      0.7397028860296037,
      0.7399089621224474,
      0.7410769749122343,
      0.7413353056974693,
      0.7415810675420619,
      0.7415876108924274,
      0.7417471931164098,
      0.7418219185341592,
      0.744717379863896,
      0.7463843296683126,
      0.7464767137230233,
      0.746696532155169,
      0.7470292418580636,
      0.7471611718244541,
      0.7474862101428891,
      0.7477390534450418,
      0.7494461005780435,
      0.7495762847299888,
      0.750306200490189,
      0.7512962087641936,
      0.7517667840624983,
      0.7529421463492318,
      0.7538218571150158,
      0.7553599102637369,
      0.7562650327279243,
