{
  "task": "classification",
  "format": "onnx",
  "preset_name": "default",
  "use_linear": false,
  "n_features_in": 1501,
  "classes": [
    0,
    1
  ],
  "params": {
    "C": 1.0,
    "kernel": "rbf",
    "gamma": "scale",
    "class_weight": "balanced",
    "max_iter": 1330,
    "tol": 0.001,
    "random_state": 42,
    "use_linear": false
  },
  "profile": {
    "n_samples": 266,
    "n_features": 1501,
    "n_p_ratio": 0.17721518987341772,
    "sparsity": 0.0,
    "is_sparse_counts": false,
    "binary_feature_fraction": 0.0,
    "feature_signal_strength": 0.2940162176077747,
    "feature_signal_p90": 0.5619201507431979,
    "task": "classification",
    "imbalance_ratio": 1.0,
    "y_skewness": 0.0,
    "y_all_positive": false
  },
  "portfolio_scores": {
    "heuristic": 0.9511111111111112,
    "default": 0.9644444444444444,
    "linear": 0.9733333333333334,
    "balanced_rbf": 0.9866666666666667
  },
  "decision_cutoff_raw": 0.5,
  "decision_cutoff_raw_source": "oof_balanced_accuracy",
  "decision_cutoff_proba": 0.48256347344113343,
  "decision_cutoff_rank": 0.4803006331274529,
  "decision_cutoff_logit": -0.06977440032410229,
  "calibrator": {
    "method": "platt",
    "coef": 6.472572668535468,
    "intercept": -3.3060607345918367
  },
  "ranker": {
    "knots": [
      0.19834387445085624,
      0.22608178271796706,
      0.22984384755964732,
      0.23553325902452518,
      0.23563781891124425,
      0.2359050815355137,
      0.2363280207508354,
      0.23755987448871263,
      0.23764014040419992,
      0.23887969483144206,
      0.23998351447587585,
      0.2464367613450807,
      0.2467603849249616,
      0.2485424616631822,
      0.24871460488113556,
      0.24893879868158314,
      0.250074703116853,
      0.2502778032417643,
      0.2510626803366168,
      0.251225178080225,
      0.2521240000604559,
      0.2525249028754042,
      0.25382563829497995,
      0.25441724108032376,
      0.25450497644296965,
      0.2547301350116257,
      0.25497971907896194,
      0.2551312946343569,
      0.25682509449204305,
      0.25825183290354575,
      0.26013755970352,
      0.26039518700430037,
      0.2604813121400385,
      0.2610438558433538,
      0.2615763511733313,
      0.2616937087071337,
      0.26200800321816603,
      0.2622925731083773,
      0.26390831380094154,
      0.2644107048583871,
      0.2645185160747945,
      0.26489110144143824,
      0.26526726725051014,
      0.26569752220531,
      0.2659190766597194,
      0.26597440966286995,
      0.26614872133311884,
      0.2666165217573393,
      0.2666532539247874,
      0.26671019722283773,
      0.2667328346668617,
      0.2681106556993884,
      0.2685341155077501,
      0.269180559866541,
      0.2701498350871162,
      0.27016208142085313,
      0.27053313656040406,
      0.27103198955168983,
      0.2720476103280025,
      0.2725098465742818,
      0.27278526998055364,
      0.2743429403008214,
      0.27519470340019214,
      0.2752088333456218,
      0.2752658773931889,
      0.275536680651694,
      0.2763722964686826,
      0.27649017718214297,
      0.27733124083740834,
      0.27832011222886066,
      0.2786492716890627,
      0.2790425006409994,
      0.2823908723226166,
      0.2836668675189129,
      0.2847523947818529,
      0.2850417411437482,
      0.2859242889601449,
      0.2863031072075158,
      0.2867025568668922,
      0.28725162877906835,
      0.2896066650268721,
      0.29150641513939596,
      0.29161258622264213,
      0.2921695767125192,
      0.29674440627170257,
      0.2971355708688213,
      0.2974153763341583,
      0.2999187974238095,
      0.3011120723997936,
      0.3018576435439055,
      0.3045068319282232,
      0.30469277174273424,
      0.3063142597145448,
      0.30657241912271943,
      0.30684979559754716,
      0.30774361229952824,
      0.30777177389956584,
      0.31028131328911257,
      0.31221416093996,
      0.3133220288109485,
      0.31831863893768936,
      0.31887131648727046,
      0.32643869688280436,
      0.3287786008586048,
      0.3316213217949113,
      0.33535130256828233,
      0.3372551242290187,
      0.33742330501545187,
      0.3407881243013874,
      0.34312806804748,
      0.3494741080768977,
      0.3503815225393104,
      0.3506576068549876,
      0.3527681028960373,
      0.35485218753895054,
      0.36186836371758835,
      0.3712254640212476,
      0.3817833862914903,
      0.3859094551446066,
      0.41616902562888425,
      0.4312630738313992,
      0.44464364671748013,
      0.4544667731230741,
      0.45566309117254483,
      0.4740102935241576,
      0.48693482611374855,
      0.48938199969342283,
      0.49022744123690326,
      0.5251708973829832,
      0.5294533376830353,
      0.5571648295072464,
      0.5598082131340375,
      0.5700235273349488,
      0.5741781620291598,
      0.5787349810239784,
      0.5862525910244044,
      0.5930251999998418,
      0.6017985768317152,
      0.6173398705898271,
      0.6183879888358956,
      0.6387989756324074,
      0.6403331088757174,
      0.6423216626576231,
      0.6485423228363745,
      0.6520700362478266,
      0.6542154599203712,
      0.6589555711358677,
      0.6648651830710611,
      0.6652458978087673,
      0.666457284574609,
      0.6678153116391,
      0.6687772190999324,
      0.669454411699149,
      0.6750957663333838,
      0.6770546291958874,
      0.6791664067383726,
      0.6803893039411679,
      0.6810065638115311,
      0.6818679705277874,
      0.6821674201331268,
      0.6822444255701744,
      0.6852896932866988,
      0.6860343970091305,
      0.687250983541683,
      0.6874605878983874,
      0.6899036836561933,
      0.6899228095129729,
      0.691286739526501,
      0.6920289135934808,
      0.6921159781672687,
      0.6927565134445128,
      0.6955197131759322,
      0.6961448498846059,
      0.6964123699658552,
      0.6979961632920243,
      0.700017228502648,
      0.7000744526343886,
      0.7004993773749196,
      0.7005610861601136,
      0.7007245350203279,
      0.7023543068576749,
      0.7026789551277479,
      0.7041968518231427,
      0.7046928009345846,
      0.7065450791863433,
      0.7069858146018367,
      0.7083386934553475,
      0.709917438560445,
      0.7100980705337511,
      0.7104680786958338,
      0.7112618383494714,
      0.7123814913237568,
      0.7147675721380945,
      0.7173492701000469,
      0.7185233783808543,
      0.718894185328028,
      0.7210108851660899,
      0.7214389623055782,
      0.7229044347152558,
      0.7233976508736971,
      0.7235768131856546,
      0.7242570010280976,
      0.7243929750821945,
      0.7246973490137819,
      0.7249272252533879,
      0.7258037237216961,
      0.7259868545348396,
      0.7263465931323989,
      0.7275937340891778,
      0.7286202477786684,
      0.728886283403379,
      0.7306676511379854,
      0.730747384902376,
      0.7309633166022109,
      0.7317262814668585,
      0.7321659862637017,
      0.7322699306716883,
      0.7339947602089228,
      0.7343249330967737,
      0.7347721676022654,
      0.735716497365723,
      0.7358983491587702,
      0.7360863137925504,
      0.7368365763941013,
      0.7368776822020426,
      0.7368851559820241,
      0.7377325772821197,
      0.7380530950819972,
      0.7382384237436183,
      0.7386169764181466,
      0.7386669937096008,
      0.7390748028681857,
      0.7397609955280482,
      0.7411544680659665,
      0.7416149591889134,
      0.7425071265312978,
      0.7426318828247467,
      0.7427513571069442,
      0.7457720852896745,
      0.7458164504023403,
      0.7458952216600098,
      0.747157332098218,
      0.7479539300683551,
      0.7482066761315926,
      0.748531517390872,
      0.7492865680503291,
      0.7498036897400048,
      0.7504678515829476,
      0.7506681823064641,
      0.7516827912769084,
      0.7526609567477511,
      0.7529814163477397,
      0.754281352459616,
      0.7570019828105133,
      0.7572002973833615,
      0.7621166379644415,
