{
  "task": "classification",
  "format": "onnx",
  "preset_name": "default",
  "best_iteration": 99,
  "params": {
    "tree_method": "hist",
    "device": "cpu",
    "learning_rate": 0.3,
    "max_depth": 6,
    "min_child_weight": 1,
    "subsample": 1.0,
    "colsample_bytree": 1.0,
    "reg_alpha": 0.0,
    "reg_lambda": 1.0,
    "max_bin": 256,
    "n_estimators": 2000,
    "early_stopping_rounds": 50,
    "nthread": 16,
    "objective": "binary:logistic",
    "scale_pos_weight": 1.0,
    "eval_metric": "auc"
  },
  "profile": {
    "n_samples": 266,
    "n_features": 1506,
    "n_p_ratio": 0.17662682602921648,
    "sparsity": 0.0,
    "is_sparse_counts": false,
    "binary_feature_fraction": 0.0,
    "feature_signal_strength": 0.28681867523023336,
    "feature_signal_p90": 0.5598250145282724,
    "task": "classification",
    "imbalance_ratio": 1.0,
    "y_skewness": 0.0,
    "y_all_positive": false
  },
  "portfolio_scores": {
    "flaml": NaN,
    "autogluon": NaN,
    "heuristic": 0.9792592592592593,
    "default": 0.985925925925926
  },
  "decision_cutoff_raw": 0.6415247917175293,
  "decision_cutoff_raw_source": "oof_balanced_accuracy",
  "decision_cutoff_proba": 0.6211603940259662,
  "decision_cutoff_rank": 0.4830188679245283,
  "decision_cutoff_logit": 0.4944764197677869,
  "calibrator": {
    "method": "platt",
    "coef": 4.563854957187229,
    "intercept": -2.4333496810707635
  },
  "ranker": {
    "knots": [
      0.0006587212556041777,
      0.0007346316706389189,
      0.0007582136313430965,
      0.0007996800704859197,
      0.0008031532634049654,
      0.0008049046737141907,
      0.0008391159935854375,
      0.0008422546088695526,
      0.0008541205315850675,
      0.000856346043292433,
      0.0008669238304719329,
      0.0008942129206843674,
      0.0009005256579257548,
      0.0009009804925881326,
      0.0009093635017052293,
      0.0009098428417928517,
      0.0009709090227261186,
      0.0009734551422297955,
      0.000983074656687677,
      0.00099720130674541,
      0.0010048728436231613,
      0.0010201173136010766,
      0.0010213704081252217,
      0.0010442183120176196,
      0.0010450129630044103,
      0.0010492561850696802,
      0.001091282581910491,
      0.0010997939389199018,
      0.001104719121940434,
      0.0011587069602683187,
      0.0011587069602683187,
      0.001219026162289083,
      0.0012420730199664831,
      0.001273616449907422,
      0.0012822559801861644,
      0.0012849242193624377,
      0.001286473241634667,
      0.0012918026186525822,
      0.001317348564043641,
      0.0013304321328178048,
      0.0013622967526316643,
      0.001473141834139824,
      0.0014846078120172024,
      0.00164842011872679,
      0.0016633992781862617,
      0.0016724994638934731,
      0.0017544098664075136,
      0.0017941608093678951,
      0.0018389592878520489,
      0.0018487058114260435,
      0.0018557717557996511,
      0.0019272244535386562,
      0.0020322264172136784,
      0.0020322524942457676,
      0.002062288112938404,
      0.002080917125567794,
      0.00211762310937047,
      0.00211762310937047,
      0.002126917475834489,
      0.002215939573943615,
      0.0022193053737282753,
      0.0022394326515495777,
      0.0022640032693743706,
      0.002300707623362541,
      0.0023278621956706047,
      0.002448640065267682,
      0.0025401529856026173,
      0.002556753810495138,
      0.0025782983284443617,
      0.0027834929060190916,
      0.0028125380631536245,
      0.002855317434296012,
      0.002856115810573101,
      0.002901481231674552,
      0.003062658244743943,
      0.003163844347000122,
      0.0036110670771449804,
      0.0038331409450620413,
      0.0039048586040735245,
      0.00390601996332407,
      0.0039225793443620205,
      0.004211584571748972,
      0.0042381444945931435,
      0.005351242143660784,
      0.006342362146824598,
      0.006513532716780901,
      0.006890388205647469,
      0.00696609728038311,
      0.008219976909458637,
      0.008530345745384693,
      0.009224183857440948,
      0.009381549432873726,
      0.010626721195876598,
      0.011663461104035378,
      0.015169004909694195,
      0.01541226077824831,
      0.015423733741044998,
      0.016304612159729004,
      0.019628120586276054,
      0.019893813878297806,
      0.020037323236465454,
      0.02021867409348488,
      0.021091466769576073,
      0.024472948163747787,
      0.030183836817741394,
      0.04230055585503578,
      0.043120596557855606,
      0.04888678342103958,
      0.05345797911286354,
      0.06298099458217621,
      0.06493614614009857,
      0.07042404264211655,
      0.07286106795072556,
      0.08546408265829086,
      0.1396661102771759,
      0.1440596878528595,
      0.20349633693695068,
      0.22080671787261963,
      0.2571342885494232,
      0.2762937545776367,
      0.28463447093963623,
      0.3253619968891144,
      0.3353511095046997,
      0.4251284897327423,
      0.5355954766273499,
      0.5541055202484131,
      0.6091939210891724,
      0.6370702385902405,
      0.6415247917175293,
      0.6452541947364807,
      0.6453446745872498,
      0.6855356097221375,
      0.7010289430618286,
      0.7077128887176514,
      0.7337395548820496,
      0.7470966577529907,
      0.7532233595848083,
      0.7642593383789062,
      0.7643871903419495,
      0.7835315465927124,
      0.7872467041015625,
      0.7973296046257019,
      0.7981244325637817,
      0.8045513033866882,
      0.8132587671279907,
      0.821429431438446,
      0.8310602307319641,
      0.8767200112342834,
      0.8805645108222961,
      0.8823642730712891,
      0.8847954869270325,
      0.8865702748298645,
      0.8903738260269165,
      0.8943319320678711,
      0.8993552327156067,
      0.9040679931640625,
      0.9099109172821045,
      0.911385178565979,
      0.9187679886817932,
      0.9309950470924377,
      0.9408014416694641,
      0.943676769733429,
      0.9444864988327026,
      0.9445943236351013,
      0.9491549730300903,
      0.9516652226448059,
      0.9589696526527405,
      0.9591715931892395,
      0.9633119106292725,
      0.9675434827804565,
      0.9693800806999207,
      0.9759098887443542,
      0.97660893201828,
      0.9767772555351257,
      0.9778974652290344,
      0.9779611825942993,
      0.9788252711296082,
      0.9796534776687622,
      0.9796923398971558,
      0.9797639846801758,
      0.9804190993309021,
      0.9806625247001648,
      0.9812756776809692,
      0.9822733998298645,
      0.982508659362793,
      0.9829668998718262,
      0.984401285648346,
      0.9846735000610352,
      0.9854511022567749,
      0.9862741827964783,
      0.9875304698944092,
      0.9878432750701904,
      0.9881064891815186,
      0.9883124232292175,
      0.9884920120239258,
      0.9889761209487915,
      0.9893261194229126,
      0.9894605278968811,
      0.9910123944282532,
      0.9914280772209167,
      0.9916212558746338,
      0.991782546043396,
      0.9932370781898499,
      0.9934929013252258,
      0.9937206506729126,
      0.9939642548561096,
      0.9940469264984131,
      0.9942747950553894,
      0.9943369030952454,
      0.9948352575302124,
      0.9950531125068665,
      0.9951210618019104,
      0.9953032732009888,
      0.9955583810806274,
      0.9959462285041809,
      0.9961605072021484,
      0.9964908957481384,
      0.9966775178909302,
      0.9967934489250183,
      0.9969210624694824,
      0.9970791339874268,
      0.9973393082618713,
      0.9974472522735596,
      0.9974544644355774,
      0.99750155210495,
      0.9975470900535583,
      0.9978137016296387,
      0.9978183507919312,
      0.997822642326355,
      0.9979267120361328,
      0.9979910850524902,
      0.9980013966560364,
      0.9980263113975525,
      0.9980365633964539,
      0.9980486631393433,
      0.9980794191360474,
      0.998121440410614,
      0.9981656670570374,
      0.9982036352157593,
      0.9982495903968811,
      0.9982630610466003,
      0.9982666969299316,
