{
  "task": "classification",
  "format": "onnx",
  "preset_name": "default",
  "best_iteration": 99,
  "params": {
    "tree_method": "hist",
    "device": "cpu",
    "learning_rate": 0.3,
    "max_depth": 6,
    "min_child_weight": 1,
    "subsample": 1.0,
    "colsample_bytree": 1.0,
    "reg_alpha": 0.0,
    "reg_lambda": 1.0,
    "max_bin": 256,
    "n_estimators": 2000,
    "early_stopping_rounds": 50,
    "nthread": 56,
    "objective": "binary:logistic",
    "scale_pos_weight": 1.0,
    "eval_metric": "auc"
  },
  "profile": {
    "n_samples": 266,
    "n_features": 1501,
    "n_p_ratio": 0.17721518987341772,
    "sparsity": 0.0,
    "is_sparse_counts": false,
    "binary_feature_fraction": 0.0,
    "feature_signal_strength": 0.2940162176077747,
    "feature_signal_p90": 0.5619201507431979,
    "task": "classification",
    "imbalance_ratio": 1.0,
    "y_skewness": 0.0,
    "y_all_positive": false
  },
  "portfolio_scores": {
    "flaml": NaN,
    "autogluon": NaN,
    "heuristic": 0.994074074074074,
    "default": 0.994074074074074
  },
  "decision_cutoff_raw": 0.10823006927967072,
  "decision_cutoff_raw_source": "oof_balanced_accuracy",
  "decision_cutoff_proba": 0.1236669838219697,
  "decision_cutoff_rank": 0.4226415094339623,
  "decision_cutoff_logit": -1.9581538356158126,
  "calibrator": {
    "method": "platt",
    "coef": 4.572478542327973,
    "intercept": -2.453033505031777
  },
  "ranker": {
    "knots": [
      0.000612308329436928,
      0.0006361863343045115,
      0.000642057042568922,
      0.000657375727314502,
      0.0006616766331717372,
      0.0007090721046552062,
      0.000750306062400341,
      0.0007515992037951946,
      0.0008153826929628849,
      0.0008831038721837103,
      0.000904238666407764,
      0.0009563863277435303,
      0.0009689022554084659,
      0.0009706864948384464,
      0.000971528934314847,
      0.000990524422377348,
      0.0010037141619250178,
      0.0010391377145424485,
      0.001057412358932197,
      0.0011142153525725007,
      0.0011216469574719667,
      0.0011235435958951712,
      0.0011364276288077235,
      0.0011574665550142527,
      0.0011635975679382682,
      0.001168162445537746,
      0.0011762718204408884,
      0.0011770676355808973,
      0.0012369479518383741,
      0.0012968224473297596,
      0.0013227572198957205,
      0.0014211261877790093,
      0.001438067527487874,
      0.001438067527487874,
      0.001438067527487874,
      0.0014509022003039718,
      0.0014548529870808125,
      0.001463795662857592,
      0.0014728752430528402,
      0.0015039759455248713,
      0.0015074528055265546,
      0.0015235694590955973,
      0.0015361624537035823,
      0.0015605548396706581,
      0.001576429815031588,
      0.001610859646461904,
      0.001630522427149117,
      0.0016382602043449879,
      0.0017083024140447378,
      0.0017251585377380252,
      0.0017260957974940538,
      0.0017333710566163063,
      0.0017986276652663946,
      0.0018197422614321113,
      0.0018197422614321113,
      0.001962790498510003,
      0.002036855323240161,
      0.002133857225999236,
      0.002228738507255912,
      0.0022359946742653847,
      0.0022622966207563877,
      0.002370179630815983,
      0.002426493912935257,
      0.0024366641882807016,
      0.002457384020090103,
      0.00258249556645751,
      0.0025997322518378496,
      0.0026394426822662354,
      0.002654532203450799,
      0.0027572407852858305,
      0.0028001691680401564,
      0.0028205816633999348,
      0.002914064796641469,
      0.003052160143852234,
      0.0034125957172363997,
      0.003511930350214243,
      0.003542420919984579,
      0.0036420586984604597,
      0.0038455326575785875,
      0.003928217571228743,
      0.004274363163858652,
      0.004888542927801609,
      0.004966513253748417,
      0.005123818758875132,
      0.005698197055608034,
      0.005884760990738869,
      0.005952654406428337,
      0.00750328041613102,
      0.007586623542010784,
      0.00784915778785944,
      0.008114766329526901,
      0.008508848957717419,
      0.009436000138521194,
      0.010743090882897377,
      0.010957788676023483,
      0.01168499980121851,
      0.01480440329760313,
      0.017716605216264725,
      0.017868250608444214,
      0.018015669658780098,
      0.018551498651504517,
      0.019693704321980476,
      0.02931619994342327,
      0.030041882768273354,
      0.03228134289383888,
      0.03421514853835106,
      0.04070337861776352,
      0.04254584759473801,
      0.07439400255680084,
      0.08979706466197968,
      0.09765680879354477,
      0.10796273499727249,
      0.10823006927967072,
      0.12387607246637344,
      0.12934432923793793,
      0.13988900184631348,
      0.19448260962963104,
      0.3057653605937958,
      0.32570505142211914,
      0.3696597218513489,
      0.38058969378471375,
      0.38520947098731995,
      0.40544286370277405,
      0.4869433343410492,
      0.5024104714393616,
      0.5075394511222839,
      0.6304742693901062,
      0.6402204036712646,
      0.6552879214286804,
      0.6745678186416626,
      0.6850837469100952,
      0.6871023178100586,
      0.7009323239326477,
      0.7140747904777527,
      0.7467257380485535,
      0.7506384253501892,
      0.7565150260925293,
      0.7594754099845886,
      0.7617892622947693,
      0.7719586491584778,
      0.7765802145004272,
      0.7772578597068787,
      0.7776834964752197,
      0.7801591157913208,
      0.8153793215751648,
      0.8223051428794861,
      0.8285811543464661,
      0.8469893336296082,
      0.8503588438034058,
      0.8591073751449585,
      0.8605837225914001,
      0.8764513731002808,
      0.8881946802139282,
      0.8888862729072571,
      0.8989078402519226,
      0.9087704420089722,
      0.9150503873825073,
      0.9155083298683167,
      0.9188091158866882,
      0.9218634366989136,
      0.9225890040397644,
      0.9324162006378174,
      0.9375306367874146,
      0.9480881094932556,
      0.948855996131897,
      0.9566201567649841,
      0.95680171251297,
      0.958570659160614,
      0.9592023491859436,
      0.9618885517120361,
      0.96727454662323,
      0.9697415828704834,
      0.9698035717010498,
      0.9711007475852966,
      0.9728584289550781,
      0.9742587804794312,
      0.9751330018043518,
      0.975193977355957,
      0.9765996336936951,
      0.9778229594230652,
      0.9788858294487,
      0.979794979095459,
      0.9812301397323608,
      0.9824878573417664,
      0.982918381690979,
      0.9830656051635742,
      0.9838345050811768,
      0.9842625856399536,
      0.9842660427093506,
      0.9847968816757202,
      0.9854878783226013,
      0.9859017133712769,
      0.9862796068191528,
      0.9871799349784851,
      0.9889425039291382,
      0.9893515706062317,
      0.9901630878448486,
      0.9902095794677734,
      0.9903932213783264,
      0.9904424548149109,
      0.9904666543006897,
      0.990516722202301,
      0.9906822443008423,
      0.9925647974014282,
      0.9927021265029907,
      0.9930257797241211,
      0.9931719303131104,
      0.9936133027076721,
      0.9936195015907288,
      0.9937658309936523,
      0.9944230914115906,
      0.9946991205215454,
      0.9956205487251282,
      0.9956777691841125,
      0.9959250688552856,
      0.9962747097015381,
      0.9963169097900391,
      0.9968783855438232,
      0.9970780611038208,
      0.9971694350242615,
      0.9972081780433655,
      0.9972533583641052,
      0.9976061582565308,
      0.9976207613945007,
      0.9976242184638977,
      0.997802197933197,
      0.9978029131889343,
      0.997954249382019,
      0.9979856014251709,
      0.9980581402778625,
      0.9980689883232117,
      0.998124897480011,
      0.9982751607894897,
      0.9982815980911255,
      0.99834144115448,
      0.9983559250831604,
      0.998388409614563,
      0.9983953833580017,
      0.9984115362167358,
      0.9984941482543945,
      0.9985162615776062,
      0.9985798597335815,
