{
  "n_components": 45,
  "n_features_in": 2048,
  "n_cal_knots": 200,
  "cal_min": 2.293346643447876,
  "cal_max": 16.10686492919922,
  "scaler": "standard"
}