{
  "mode": "slow",
  "descriptor_types": [
    "chemeleon",
    "morgan",
    "clamp"
  ],
  "n_compounds": 130,
  "n_actives": 54,
  "ratio_actives": 0.4153846153846154,
  "population_prior": 0.4153846153846154,
  "portfolio": [
    "lr",
    "xgb",
    "rf",
    "svc"
  ],
  "num_batches": {
    "chemeleon": 1,
    "morgan": 1,
    "clamp": 1
  },
  "decision_cutoff_raw": 0.47216559079420845,
  "decision_cutoff_proba": 0.43431346559818923,
  "decision_cutoff_rank": 0.5593615463807485,
  "oof_aucs": {
    "chemeleon": 0.9612573099415204,
    "morgan": 0.9541910331384016,
    "clamp": 0.9181286549707601
  },
  "proxy_aucs": {
    "chemeleon": 0.9315302144249512,
    "morgan": 0.9300682261208577,
    "clamp": 0.9259259259259259
  },
  "train_aucs": {
    "chemeleon": 1.0,
    "morgan": 1.0,
    "clamp": 0.9995126705653021
  },
  "quality_aucs": {
    "chemeleon": 0.9225146198830407,
    "morgan": 0.9083820662768032,
    "clamp": 0.8367446393762181
  },
  "active_descriptors": {
    "chemeleon": true,
    "morgan": true,
    "clamp": true
  },
  "ad_hard_cutoffs": {
    "chemeleon": 0.05225000157952309,
    "morgan": 0.05225000157952309,
    "clamp": 0.05225000157952309
  },
  "rank_error_curves": {
    "chemeleon": [
      [
        0.12355503369660718,
        0.1301364602363264,
        0.16653398043608295,
        0.17901003969966758,
        0.1969865146621946,
        0.20517213132970838,
        0.2324407543956337,
        0.2696737646928857,
        0.3313818841334779,
        0.40760094907090644,
        0.46393937927012047,
        0.5875792808193719,
        0.7455722712170263,
        0.7962437563626993,
        0.840715310175,
        0.8655832986695003,
        0.8989184116330493,
        0.9028697958173095,
        0.9091213007388211,
        0.916326495780326
      ],
      [
        0.15864670445843,
        0.1613735563153629,
        0.16576173564052707,
        0.170940012209413,
        0.16853619081507856,
        0.1737014747995793,
        0.18320526625249609,
        0.19741304125179887,
        0.21706206361549502,
        0.26140337162425464,
        0.31091369293929383,
        0.39704204174809377,
        0.33486952514374213,
        0.2978804910399092,
        0.2747939442248887,
        0.2528725867151947,
        0.23661242683815806,
        0.23623076618511746,
        0.23190779975892933,
        0.22396104304030595
      ]
    ],
    "morgan": [
      [
        0.007396628551621057,
        0.027185983335906112,
        0.050773054960954474,
        0.06412811330118602,
        0.08187407983217468,
        0.09177323622325026,
        0.13711558466226284,
        0.17269227355366257,
        0.34186471072619107,
        0.3776629915594888,
        0.44307451062728515,
        0.6005126018494156,
        0.7777351717962668,
        0.8234356345999692,
        0.8762229704802103,
        0.9516611378654052,
        0.9790296965552735,
        0.986870280981408,
        0.9975566368542338,
        1.0
      ],
      [
        0.13974612418683438,
        0.14120108375693746,
        0.14495657716152535,
        0.14461923361102183,
        0.14915207425787275,
        0.1549045281716174,
        0.15992394425135084,
        0.16910207975730446,
        0.2013467666332204,
        0.22031159925280333,
        0.26574929320221147,
        0.3521277360469612,
        0.2908120519423198,
        0.25690661516091196,
        0.2300150298848773,
        0.20208246091709156,
        0.1871925336161042,
        0.1883930106864332,
        0.18424895464006777,
        0.1828794358818121
      ]
    ],
    "clamp": [
      [
        0.09879908811214168,
        0.11491974486446864,
        0.13538228749338246,
        0.1431256270472275,
        0.15904528672746585,
        0.19773738519702097,
        0.22573101169192683,
        0.2662892304690308,
        0.3305174664127819,
        0.3984165430303399,
        0.47827413958936016,
        0.583525013915469,
        0.7137024343342857,
        0.785465733253813,
        0.8304104874273568,
        0.8621787394506315,
        0.8863100013603364,
        0.9018995622398712,
        0.9271972500552679,
        0.9424366578112164
      ],
      [
        0.16032262505771921,
        0.16233824986034254,
        0.1676754219004459,
        0.16904851995417255,
        0.17091120889881722,
        0.17405206497760828,
        0.18499735183687255,
        0.1939501476014661,
        0.21645024140289687,
        0.24242174268975686,
        0.31462457599995786,
        0.4385749577569964,
        0.3978039454055637,
        0.3035464802794676,
        0.273360493552776,
        0.24993192320990926,
        0.24630540342166546,
        0.23631484957181817,
        0.22915782999051362,
        0.2204436263730233
      ]
    ]
  },
  "decision_cutoff_logit": -0.2642735542877942,
  "decision_cutoff_lift": 1.0455694542178628
}