{
  "task": "classification",
  "format": "onnx",
  "preset_name": "heuristic",
  "use_linear": false,
  "n_features_in": 767,
  "classes": [
    0,
    1
  ],
  "params": {
    "C": 0.432435,
    "class_weight": "balanced",
    "max_iter": 5000,
    "tol": 0.001,
    "random_state": 42,
    "use_linear": false,
    "kernel": "rbf",
    "gamma": "scale"
  },
  "profile": {
    "n_samples": 187,
    "n_features": 767,
    "n_p_ratio": 0.2438070404172099,
    "sparsity": 0.0,
    "is_sparse_counts": false,
    "binary_feature_fraction": 0.0,
    "feature_signal_strength": 0.1901937236682445,
    "feature_signal_p90": 0.36552929282145447,
    "task": "classification",
    "imbalance_ratio": 1.75,
    "y_skewness": 0.0,
    "y_all_positive": false
  },
  "portfolio_scores": {},
  "decision_cutoff_raw": 0.5223258614455177,
  "decision_cutoff_raw_source": "oof_balanced_accuracy",
  "decision_cutoff_proba": 0.4401795309640591,
  "decision_cutoff_rank": 0.6397849462365592,
  "decision_cutoff_logit": -0.24043347271057142,
  "calibrator": {
    "method": "platt",
    "coef": 6.311764067828436,
    "intercept": -3.537231076679925
  },
  "ranker": {
    "knots": [
      0.23755194013345315,
      0.24477077423900648,
      0.25056390906248266,
      0.25148919700672134,
      0.2527907299257585,
      0.25492139867657043,
      0.2556235056805185,
      0.25585463326619473,
      0.25775645659844487,
      0.25796527235918404,
      0.2588858864030639,
      0.2596428898304905,
      0.25980828945464846,
      0.26009168672507244,
      0.2604840631609206,
      0.2614484254625222,
      0.26203573377697603,
      0.2620508737107863,
      0.262440319821142,
      0.2628381937431712,
      0.2636625312663389,
      0.26371816172612667,
      0.2638993180239187,
      0.26394491437187434,
      0.264279277916165,
      0.26454681509867745,
      0.2645651582479169,
      0.264572485166473,
      0.26483489207891686,
      0.2651706766385809,
      0.26571392900071394,
      0.2657801641533003,
      0.265832430999846,
      0.2664998132883135,
      0.2671964792458481,
      0.26834527703127065,
      0.26951397460690724,
      0.26953859795645263,
      0.27001766208124117,
      0.2710866707226582,
      0.27132441372124355,
      0.2715545400805331,
      0.2716182174570504,
      0.27166778945642306,
      0.2736996388505241,
      0.27394836710749676,
      0.27398276423032847,
      0.2742895244124394,
      0.2745638108306667,
      0.27670901601256537,
      0.2770255748292861,
      0.27803645773762947,
      0.27837923244394563,
      0.27844034802220446,
      0.27898006183609214,
      0.2791777272316372,
      0.27968845442804785,
      0.2799414668459602,
      0.2805508275528019,
      0.2811864282846462,
      0.28168721839105826,
      0.28250040974121493,
      0.28309239133363634,
      0.28378094454499053,
      0.28461505238237267,
      0.2868418194373437,
      0.2868956455058694,
      0.28879489182544205,
      0.2891319214720988,
      0.2910510247338697,
      0.2926911665261664,
      0.29273263145675243,
      0.29458815626069323,
      0.2947236236606646,
      0.29476434539349367,
      0.2955362256501638,
      0.29931992404540664,
      0.2994450297602356,
      0.30295529183286385,
      0.3092399053672362,
      0.3160428264514333,
      0.31628416750390304,
      0.31631761965532457,
      0.3189098652880076,
      0.3203138722332986,
      0.32186774087064146,
      0.3264417892940345,
      0.32760845340426936,
      0.3276763902875264,
      0.332301641477504,
      0.3363243230041502,
      0.33758917006194206,
      0.33791301678885804,
      0.33952568858133597,
      0.3413148238148207,
      0.34354620709139105,
      0.34908920108860364,
      0.34921541159841823,
      0.35770025153234325,
      0.36617415989214663,
      0.36817405658497876,
      0.37722961299375346,
      0.37768818772215057,
      0.4087765997210344,
      0.415275596021698,
      0.4268925261622016,
      0.4320201153715842,
      0.43771469462385865,
      0.44537549375739083,
      0.45105139716252274,
      0.4672092395792205,
      0.4788235017458071,
      0.4794358785872674,
      0.4808154281985181,
      0.48122188872316696,
      0.4887089338488934,
      0.5020006856132903,
      0.5112534060756517,
      0.5147140824220133,
      0.5223258614455177,
      0.534247016967536,
      0.5439691697224699,
      0.5501936189796056,
      0.5504165412547956,
      0.559649931533156,
      0.5708663178691135,
      0.5912372538234172,
      0.5925635629192858,
      0.595921880073601,
      0.6136792043331672,
      0.6144234255156963,
      0.6149507633941479,
      0.6352877741770797,
      0.6466131051213024,
      0.6619394761279325,
      0.6761936507113608,
      0.6816349848864632,
      0.6842914394765238,
      0.6856408221793917,
      0.6870388677080055,
      0.6877998041949678,
      0.6917526810227899,
      0.6921600414849308,
      0.6935955890405949,
      0.6944366375330062,
      0.6948236490131036,
      0.6984556758734316,
      0.7033590558633033,
      0.7036511942970655,
      0.7042633130650567,
      0.7067097139451118,
      0.7088938918049223,
      0.7105662709586326,
      0.7111749226196157,
      0.7128390608443796,
      0.7152662043149367,
      0.7157250764341161,
      0.7159639763016088,
      0.7172794599462973,
      0.7188928300555016,
      0.7190239821269573,
      0.7196467500508895,
      0.7207895589044055,
      0.7220293296317156,
      0.7227900299566524,
      0.7227900299566524,
      0.7230691005708455,
      0.7251060180059972,
      0.7263923541546771,
      0.7277986744824679,
      0.7284364885786665,
      0.7292706256459827,
      0.7298473063403617,
      0.73052966382564,
      0.7310148027915332,
      0.7323912815355166,
      0.7373940814527765,
      0.7375119795186948,
      0.7390382185431721,
      0.7396382534720255,
      0.7410031219462765,
      0.7412313794129148,
      0.7444250350684269,
      0.7482200781306042,
      0.7494518073650553,
      0.7517998588362524,
      0.7556226822626094
    ]
  }
}