{
  "task": "classification",
  "format": "onnx",
  "preset_name": "heuristic",
  "best_iteration": 20,
  "params": {
    "tree_method": "hist",
    "device": "cpu",
    "learning_rate": 0.1,
    "n_estimators": 2000,
    "early_stopping_rounds": 50,
    "max_depth": 3,
    "min_child_weight": 1,
    "subsample": 1.0,
    "colsample_bytree": 0.5,
    "colsample_bynode": 0.072,
    "reg_alpha": 0.3,
    "reg_lambda": 2.125,
    "gamma": 0.05,
    "max_bin": 128,
    "nthread": 16,
    "objective": "binary:logistic",
    "scale_pos_weight": 1.75,
    "eval_metric": "auc"
  },
  "profile": {
    "n_samples": 187,
    "n_features": 767,
    "n_p_ratio": 0.2438070404172099,
    "sparsity": 0.0,
    "is_sparse_counts": false,
    "binary_feature_fraction": 0.0,
    "feature_signal_strength": 0.1901937236682445,
    "feature_signal_p90": 0.36552929282145447,
    "task": "classification",
    "imbalance_ratio": 1.75,
    "y_skewness": 0.0,
    "y_all_positive": false
  },
  "portfolio_scores": {},
  "decision_cutoff_raw": 0.419248104095459,
  "decision_cutoff_raw_source": "oof_balanced_accuracy",
  "decision_cutoff_proba": 0.33746290145023916,
  "decision_cutoff_rank": 0.6236559139784946,
  "decision_cutoff_logit": -0.6746209714616797,
  "calibrator": {
    "method": "platt",
    "coef": 5.148105751147921,
    "intercept": -2.832954547313374
  },
  "ranker": {
    "knots": [
      0.005633325316011906,
      0.005766680929809809,
      0.006245161406695843,
      0.006258326582610607,
      0.007412757724523544,
      0.007775071542710066,
      0.007824757136404514,
      0.008278829976916313,
      0.008427740074694157,
      0.008462558500468731,
      0.00856060441583395,
      0.008801319636404514,
      0.009313668124377728,
      0.009646859019994736,
      0.009654165245592594,
      0.009689072147011757,
      0.00971923302859068,
      0.010400095954537392,
      0.010448276065289974,
      0.010716188699007034,
      0.010772700421512127,
      0.011089455336332321,
      0.011437656357884407,
      0.011506455950438976,
      0.01179505418986082,
      0.011798473075032234,
      0.012277756817638874,
      0.01238954160362482,
      0.012922936119139194,
      0.01316833682358265,
      0.013202629052102566,
      0.013269085437059402,
      0.013586354441940784,
      0.013795948587357998,
      0.01421411894261837,
      0.014784074388444424,
      0.014851595275104046,
      0.014929958619177341,
      0.015329362824559212,
      0.01555003970861435,
      0.015718935057520866,
      0.01620331220328808,
      0.016775844618678093,
      0.0174245648086071,
      0.017646653577685356,
      0.01860645040869713,
      0.018913382664322853,
      0.019745733588933945,
      0.020111961290240288,
      0.020569881424307823,
      0.020634634420275688,
      0.02072472870349884,
      0.021499373018741608,
      0.021728437393903732,
      0.02203904464840889,
      0.024245474487543106,
      0.024335771799087524,
      0.024505801498889923,
      0.0274486280977726,
      0.02745104767382145,
      0.0284607894718647,
      0.029406046494841576,
      0.029731759801506996,
      0.03015417605638504,
      0.03129943832755089,
      0.03236259147524834,
      0.03256183862686157,
      0.03339136391878128,
      0.03480648249387741,
      0.035125505179166794,
      0.0352911502122879,
      0.036185696721076965,
      0.0365171879529953,
      0.03679380938410759,
      0.041746556758880615,
      0.04288803040981293,
      0.04558446258306503,
      0.046486131846904755,
      0.04724911227822304,
      0.047547440975904465,
      0.05039534345269203,
      0.05237109214067459,
      0.054541487246751785,
      0.05530273914337158,
      0.05677897110581398,
      0.057312313467264175,
      0.05883912369608879,
      0.06083710864186287,
      0.0614330992102623,
      0.06856247782707214,
      0.07454128563404083,
      0.07658964395523071,
      0.08005386590957642,
      0.08577848970890045,
      0.09260983020067215,
      0.10128509998321533,
      0.12787409126758575,
      0.13744060695171356,
      0.1375800222158432,
      0.1386311650276184,
      0.1525292694568634,
      0.15764182806015015,
      0.15998373925685883,
      0.16748516261577606,
      0.18008330464363098,
      0.19726642966270447,
      0.20559991896152496,
      0.21064823865890503,
      0.22990819811820984,
      0.259674996137619,
      0.3092345595359802,
      0.31241506338119507,
      0.3291429877281189,
      0.33511412143707275,
      0.35397669672966003,
      0.390992134809494,
      0.419248104095459,
      0.42179447412490845,
      0.5211985111236572,
      0.5265821218490601,
      0.5308539867401123,
      0.5383034944534302,
      0.6428203582763672,
      0.6826779246330261,
      0.7251197695732117,
      0.7343343496322632,
      0.7425858974456787,
      0.7698237299919128,
      0.7814000248908997,
      0.7816031575202942,
      0.790984570980072,
      0.8066183924674988,
      0.8233147859573364,
      0.8393191695213318,
      0.8432623744010925,
      0.8710347414016724,
      0.8796439170837402,
      0.8819292783737183,
      0.886954128742218,
      0.8988015055656433,
      0.9112694263458252,
      0.9128574132919312,
      0.9184175133705139,
      0.9229682087898254,
      0.9322502613067627,
      0.9325436949729919,
      0.9362210631370544,
      0.9364349842071533,
      0.9376220107078552,
      0.9439224600791931,
      0.9469466209411621,
      0.9522342681884766,
      0.952400267124176,
      0.9524711966514587,
      0.9613685607910156,
      0.9618056416511536,
      0.9639639258384705,
      0.9639942049980164,
      0.9641620516777039,
      0.9656380414962769,
      0.9668213725090027,
      0.9669471383094788,
      0.9678331017494202,
      0.9700760841369629,
      0.9712271094322205,
      0.9749118089675903,
      0.9753239154815674,
      0.9766546487808228,
      0.9768111705780029,
      0.9810624718666077,
      0.9810624718666077,
      0.9823535680770874,
      0.983185350894928,
      0.9840081930160522,
      0.9841124415397644,
      0.9844276309013367,
      0.9851380586624146,
      0.9858161211013794,
      0.9859867691993713,
      0.9867517948150635,
      0.9868566393852234,
      0.9871288537979126,
      0.9875756502151489,
      0.989252507686615,
      0.9899423122406006,
      0.9905507564544678,
      0.9924513697624207
    ]
  }
}