{
  "task": "classification",
  "format": "onnx",
  "preset_name": "heuristic",
  "use_linear": false,
  "n_features_in": 1637,
  "classes": [
    0,
    1
  ],
  "params": {
    "C": 0.432435,
    "class_weight": "balanced",
    "max_iter": 5000,
    "tol": 0.001,
    "random_state": 42,
    "use_linear": false,
    "kernel": "rbf",
    "gamma": "scale"
  },
  "profile": {
    "n_samples": 187,
    "n_features": 1637,
    "n_p_ratio": 0.11423335369578497,
    "sparsity": 0.41265651593007946,
    "is_sparse_counts": false,
    "binary_feature_fraction": 0.0006108735491753207,
    "feature_signal_strength": 0.16803395302434251,
    "feature_signal_p90": 0.3388477405437559,
    "task": "classification",
    "imbalance_ratio": 1.75,
    "y_skewness": 0.0,
    "y_all_positive": false
  },
  "portfolio_scores": {},
  "decision_cutoff_raw": 0.5500896673929107,
  "decision_cutoff_raw_source": "oof_balanced_accuracy",
  "decision_cutoff_proba": 0.47533122742889833,
  "decision_cutoff_rank": 0.6451612903225807,
  "decision_cutoff_logit": -0.098755272173837,
  "calibrator": {
    "method": "platt",
    "coef": 6.2499522316026495,
    "intercept": -3.5367894164777183
  },
  "ranker": {
    "knots": [
      0.22593224051746993,
      0.23259866852155642,
      0.23950179305128644,
      0.24173522169205688,
      0.2425171770807633,
      0.2468582045256505,
      0.24701868728117365,
      0.24728918299062827,
      0.249261793062156,
      0.25222118190376963,
      0.25233646068144855,
      0.2526611780518254,
      0.2533082960972011,
      0.25357200738506036,
      0.255296394974601,
      0.2555219128577092,
      0.2557803595450969,
      0.256293714969109,
      0.2566697264988069,
      0.25672640584500855,
      0.2576679308553207,
      0.2583849365871935,
      0.25930752689390735,
      0.259473906227411,
      0.2607143635316117,
      0.261278392366699,
      0.26302593484057624,
      0.2635597252871173,
      0.26419130197498436,
      0.2660152152275346,
      0.2665232807751339,
      0.26741368468521365,
      0.2675051935258372,
      0.2675377087548214,
      0.2684101009613134,
      0.2695029555019457,
      0.2696255934198743,
      0.2708126315750229,
      0.2713756523911592,
      0.27270903191343854,
      0.2738752106355848,
      0.2739544183112162,
      0.2741843384246746,
      0.2749863993522162,
      0.27527148612251967,
      0.2753409073595121,
      0.2765845614718711,
      0.2768314603909695,
      0.2788088490524233,
      0.2793470452315966,
      0.2798365287956735,
      0.28180028310409744,
      0.2838166020271428,
      0.2842734216142209,
      0.28431461498556265,
      0.2844701949922885,
      0.28504331730777466,
      0.2860047381898678,
      0.2869304769387265,
      0.2900503251665734,
      0.2902967049694267,
      0.2903402639785335,
      0.2905855470186402,
      0.2916917663578506,
      0.29326850623379513,
      0.295935967225603,
      0.29732868957010056,
      0.3007718144353474,
      0.304404256015164,
      0.30629803653553667,
      0.3079582015140408,
      0.3082923911422154,
      0.30830632547178244,
      0.3087847781523795,
      0.31162418453974744,
      0.31190540638253433,
      0.3137396347408497,
      0.31380435086659053,
      0.31492557793901066,
      0.31554360976293,
      0.32002889839600446,
      0.3230294267880599,
      0.32421435131360293,
      0.3274515728856984,
      0.32865677037186125,
      0.32889067645601,
      0.3342781929923072,
      0.33678725224055883,
      0.3386689732680007,
      0.341498580244354,
      0.3434041949103847,
      0.3438849595508006,
      0.34708068629468913,
      0.35829402587326226,
      0.36015882969793567,
      0.3660314379012246,
      0.3702036706640684,
      0.3725019871116935,
      0.3757894058642426,
      0.37645906509011284,
      0.3881242257122748,
      0.3950056876947462,
      0.3969798200111891,
      0.4158845127646158,
      0.42875119910924736,
      0.44528697643557574,
      0.4519485247985721,
      0.4751471655059792,
      0.4824967047808796,
      0.4825877091377852,
      0.49680262267208036,
      0.4973594114520132,
      0.49783019576729276,
      0.5081010710716344,
      0.514106772956258,
      0.5251216148393373,
      0.5259779279383763,
      0.5277597461677663,
      0.529837690790262,
      0.5409397340924275,
      0.5500896673929107,
      0.5561089421110696,
      0.5692784164139866,
      0.5811617712603973,
      0.6000473648854606,
      0.6073937706137679,
      0.609849415137982,
      0.6103347575333531,
      0.6113826921215482,
      0.6210615746205951,
      0.621600574671111,
      0.6260348525025493,
      0.6282376625819035,
      0.6442713255809139,
      0.666266845346333,
      0.6689859152613352,
      0.6696098859730794,
      0.6705740895969774,
      0.6711330713995559,
      0.6718884044879931,
      0.6720406246338912,
      0.6724397084593647,
      0.6724552167572861,
      0.6726161212570368,
      0.6755078470100625,
      0.6771219081312919,
      0.6799052449871023,
      0.6856182438602884,
      0.6876531204011966,
      0.6923247981049222,
      0.6979245641853024,
      0.6980768635278577,
      0.7014332090288157,
      0.7034206079356996,
      0.703441332334075,
      0.7047054613911572,
      0.706024915378579,
      0.7067030947414372,
      0.7083201511913019,
      0.7093508785519916,
      0.7114780996895259,
      0.7126465682594253,
      0.717007094486844,
      0.7176055763811273,
      0.7188038921951224,
      0.7209289945937412,
      0.7248412761313273,
      0.7275593052314365,
      0.728756017286112,
      0.7303663599604173,
      0.7305627601127975,
      0.730685226912574,
      0.7307080948994532,
      0.7309700166218485,
      0.7310577719842465,
      0.7316403096020329,
      0.7385159082542859,
      0.7387964419057405,
      0.739644899576144,
      0.7405515047579101,
      0.7408992446563406,
      0.741385415409142,
      0.741633813194974,
      0.7467081527017114,
      0.7497687825309307,
      0.7580869174284305,
      0.7628189423417987
    ]
  }
}