{
  "task": "classification",
  "format": "onnx",
  "preset_name": "heuristic",
  "best_iteration": 10,
  "params": {
    "tree_method": "hist",
    "device": "cpu",
    "learning_rate": 0.1,
    "n_estimators": 2000,
    "early_stopping_rounds": 50,
    "max_depth": 3,
    "min_child_weight": 1,
    "subsample": 1.0,
    "colsample_bytree": 0.5,
    "colsample_bynode": 0.05,
    "reg_alpha": 0.3,
    "reg_lambda": 2.125,
    "gamma": 0.05,
    "max_bin": 128,
    "nthread": 16,
    "objective": "binary:logistic",
    "scale_pos_weight": 1.75,
    "eval_metric": "auc"
  },
  "profile": {
    "n_samples": 187,
    "n_features": 1637,
    "n_p_ratio": 0.11423335369578497,
    "sparsity": 0.41265651593007946,
    "is_sparse_counts": false,
    "binary_feature_fraction": 0.0006108735491753207,
    "feature_signal_strength": 0.16803395302434251,
    "feature_signal_p90": 0.3388477405437559,
    "task": "classification",
    "imbalance_ratio": 1.75,
    "y_skewness": 0.0,
    "y_all_positive": false
  },
  "portfolio_scores": {},
  "decision_cutoff_raw": 0.41404998302459717,
  "decision_cutoff_raw_source": "oof_balanced_accuracy",
  "decision_cutoff_proba": 0.33770308192145526,
  "decision_cutoff_rank": 0.6075268817204301,
  "decision_cutoff_logit": -0.6735469185575247,
  "calibrator": {
    "method": "platt",
    "coef": 4.901867385165507,
    "intercept": -2.7031650261741293
  },
  "ranker": {
    "knots": [
      0.005190606229007244,
      0.006343732122331858,
      0.006486646831035614,
      0.006840430200099945,
      0.007158147636801004,
      0.007468055002391338,
      0.007753405254334211,
      0.007821951992809772,
      0.007914518006145954,
      0.0081309974193573,
      0.008601796813309193,
      0.008646314963698387,
      0.008664023131132126,
      0.009501267224550247,
      0.009673340246081352,
      0.009987977333366871,
      0.010049445554614067,
      0.010447733104228973,
      0.010512590408325195,
      0.010688754729926586,
      0.01108225155621767,
      0.011153265833854675,
      0.011283759027719498,
      0.011475669220089912,
      0.011783094145357609,
      0.011846101842820644,
      0.011999971233308315,
      0.012167436070740223,
      0.012356446124613285,
      0.012392091564834118,
      0.01264050230383873,
      0.012969153933227062,
      0.013713222928345203,
      0.013837999664247036,
      0.014632132835686207,
      0.01499356422573328,
      0.014997740276157856,
      0.015565129928290844,
      0.01574579067528248,
      0.016130510717630386,
      0.016582956537604332,
      0.01734025962650776,
      0.017807599157094955,
      0.01956072635948658,
      0.01978473737835884,
      0.020080385729670525,
      0.02008887007832527,
      0.020694836974143982,
      0.021724684163928032,
      0.022147715091705322,
      0.024537116289138794,
      0.02468385361135006,
      0.024887587875127792,
      0.02599002979695797,
      0.02627171389758587,
      0.027217170223593712,
      0.028058910742402077,
      0.02838468737900257,
      0.028599554672837257,
      0.02907855063676834,
      0.02914230339229107,
      0.029754964634776115,
      0.030806394293904305,
      0.03254666551947594,
      0.03260231390595436,
      0.03344902768731117,
      0.03415478765964508,
      0.034746747463941574,
      0.03540985286235809,
      0.035696208477020264,
      0.036613475531339645,
      0.036631856113672256,
      0.03777029737830162,
      0.038795214146375656,
      0.03926748409867287,
      0.040122464299201965,
      0.042460836470127106,
      0.043575115501880646,
      0.045605335384607315,
      0.04626620188355446,
      0.04691354185342789,
      0.04899707809090614,
      0.05173388868570328,
      0.05346871167421341,
      0.05354466661810875,
      0.05428210645914078,
      0.055734895169734955,
      0.056869883090257645,
      0.05857867747545242,
      0.06026667356491089,
      0.06602296978235245,
      0.06652440130710602,
      0.06910308450460434,
      0.07112843543291092,
      0.07590111345052719,
      0.07628794014453888,
      0.07734451442956924,
      0.08028138428926468,
      0.08258047699928284,
      0.08797015994787216,
      0.09711483120918274,
      0.11878111958503723,
      0.12426625192165375,
      0.14019039273262024,
      0.1533498764038086,
      0.1689627468585968,
      0.1760050505399704,
      0.19315186142921448,
      0.19385957717895508,
      0.20464779436588287,
      0.2545595169067383,
      0.28184768557548523,
      0.3648225963115692,
      0.41404998302459717,
      0.43846023082733154,
      0.4453136920928955,
      0.47150734066963196,
      0.48842188715934753,
      0.5555781126022339,
      0.5911085605621338,
      0.6078712940216064,
      0.6141436696052551,
      0.6323149800300598,
      0.663387656211853,
      0.6682481169700623,
      0.6709733009338379,
      0.6859228014945984,
      0.6871163249015808,
      0.6883727312088013,
      0.7107818722724915,
      0.7452844977378845,
      0.7917689085006714,
      0.7973319292068481,
      0.8351989388465881,
      0.8527286648750305,
      0.8882229924201965,
      0.8906787037849426,
      0.8923211097717285,
      0.8928989768028259,
      0.9087673425674438,
      0.9106007218360901,
      0.923764169216156,
      0.9241442680358887,
      0.9262803792953491,
      0.9270950555801392,
      0.9277279376983643,
      0.9392156004905701,
      0.9420276284217834,
      0.9422807097434998,
      0.9458741545677185,
      0.948215901851654,
      0.9486777186393738,
      0.9495476484298706,
      0.9562661051750183,
      0.9596570730209351,
      0.9603529572486877,
      0.960427463054657,
      0.9615523815155029,
      0.9616830945014954,
      0.9634465575218201,
      0.9641527533531189,
      0.9643247723579407,
      0.9650012254714966,
      0.9703161120414734,
      0.9708144664764404,
      0.9751157760620117,
      0.9757031798362732,
      0.9758828282356262,
      0.9761728048324585,
      0.9764240980148315,
      0.9765351414680481,
      0.9767069816589355,
      0.9775380492210388,
      0.9776911735534668,
      0.9780089855194092,
      0.9784139394760132,
      0.9799282550811768,
      0.9811268448829651,
      0.9811314344406128,
      0.9831825494766235,
      0.9832183122634888,
      0.9843286275863647,
      0.9844928979873657,
      0.9848251938819885,
      0.985461413860321,
      0.986137330532074,
      0.9872325658798218
    ]
  }
}