{
    "portfolio": [
        "lr",
        "xgb",
        "rf",
        "svc"
    ],
    "max_batch_size": 100000,
    "max_imbalance_ratio": 100,
    "num_batches": 1,
    "population_prior": 0.36363636363636365,
    "batch_priors": [
        0.36363636363636365
    ],
    "decision_cutoff_raw": 0.4578934913852442,
    "decision_cutoff_proba": 0.37894194329434255,
    "decision_cutoff_rank": 0.6216793111035599,
    "decision_cutoff_logit": -0.4940415571940477,
    "decision_cutoff_lift": 1.042090344059442
}