{
  "mode": "slow",
  "descriptor_types": [
    "chemeleon",
    "clamp"
  ],
  "n_compounds": 590,
  "n_actives": 59,
  "ratio_actives": 0.1,
  "population_prior": 0.1,
  "portfolio": [
    "lr",
    "xgb",
    "rf",
    "svc"
  ],
  "num_batches": {
    "chemeleon": 1,
    "clamp": 1
  },
  "decision_cutoff_raw": 0.3134751182443034,
  "decision_cutoff_proba": 0.13136097750227274,
  "decision_cutoff_rank": 0.8762733446519524,
  "oof_aucs": {
    "chemeleon": 0.992945832934342,
    "clamp": 0.9940630087139711
  },
  "proxy_aucs": {
    "chemeleon": 0.9872003574962495,
    "clamp": 0.9933607839382043
  },
  "train_aucs": {
    "chemeleon": 1.0,
    "clamp": 1.0
  },
  "quality_aucs": {
    "chemeleon": 0.985891665868684,
    "clamp": 0.9881260174279423
  },
  "active_descriptors": {
    "chemeleon": true,
    "clamp": true
  },
  "ad_hard_cutoffs": {
    "chemeleon": 0.052250005304813385,
    "clamp": 0.052250005304813385
  },
  "rank_error_curves": {
    "chemeleon": [
      [
        0.05954513090566169,
        0.10808766815164068,
        0.14679861150320583,
        0.17556526159440275,
        0.2095670493841788,
        0.24450065445655125,
        0.2700991775416272,
        0.3045916524795824,
        0.3381582306988366,
        0.38132557984686066,
        0.42545073268211486,
        0.4632245476449053,
        0.4950140424621238,
        0.5333626807828172,
        0.579530242063312,
        0.623980358429481,
        0.6905533495953978,
        0.897822981069773,
        0.9609371292694315,
        0.9909422564263726
      ],
      [
        0.019655046910912324,
        0.02024747408708602,
        0.02105463411852485,
        0.021333385563649495,
        0.021992993307378212,
        0.02259221564229608,
        0.02273018329106357,
        0.023019502214164333,
        0.023179958504848806,
        0.0242101693293076,
        0.024586869000717593,
        0.025128423589966517,
        0.025425837056028636,
        0.02608095168291813,
        0.02653060195874302,
        0.029308750096833227,
        0.031734668964692285,
        0.240702668497796,
        0.23499602908297795,
        0.19516687615310063
      ]
    ],
    "clamp": [
      [
        0.05783116754713935,
        0.100420531834689,
        0.1328421505246334,
        0.15691977047965294,
        0.1905120398530601,
        0.223439492621129,
        0.2587475786101888,
        0.28545503565768304,
        0.31759225169466576,
        0.3476701465275932,
        0.3799157289255435,
        0.4173498947340154,
        0.4515359031897852,
        0.5001743975599262,
        0.5418471052184459,
        0.6187868930027209,
        0.6807708838508211,
        0.8944421006412359,
        0.9662800294125907,
        0.9991775219514348
      ],
      [
        0.020255348571409735,
        0.020853756705721264,
        0.021245222210304893,
        0.021712128489978232,
        0.022022809923257905,
        0.02234085399043339,
        0.022350576225370483,
        0.022654666214372562,
        0.02302853410876752,
        0.023312878838362507,
        0.023451245883516943,
        0.024008941674404444,
        0.024236018610156597,
        0.025008318003605666,
        0.025276592285834485,
        0.02598982545586787,
        0.028386431190728846,
        0.23438264477454532,
        0.21526083255609882,
        0.19172025337515491
      ]
    ]
  },
  "decision_cutoff_logit": -1.8889785577553553,
  "decision_cutoff_lift": 1.3136097750227274
}