{
  "mode": "slow",
  "descriptor_types": [
    "chemeleon",
    "clamp"
  ],
  "n_compounds": 590,
  "n_actives": 59,
  "ratio_actives": 0.1,
  "population_prior": 0.1,
  "portfolio": [
    "lr",
    "xgb",
    "rf",
    "svc"
  ],
  "num_batches": {
    "chemeleon": 1,
    "clamp": 1
  },
  "decision_cutoff_raw": 0.26314732340771274,
  "decision_cutoff_proba": 0.08955617346131187,
  "decision_cutoff_rank": 0.8662988115449914,
  "oof_aucs": {
    "chemeleon": 0.9916690606147658,
    "clamp": 0.9935203804781512
  },
  "proxy_aucs": {
    "chemeleon": 0.9900411759073063,
    "clamp": 0.9900730952152957
  },
  "train_aucs": {
    "chemeleon": 1.0,
    "clamp": 1.0
  },
  "quality_aucs": {
    "chemeleon": 0.9833381212295316,
    "clamp": 0.9870407609563023
  },
  "active_descriptors": {
    "chemeleon": true,
    "clamp": true
  },
  "ad_hard_cutoffs": {
    "chemeleon": 0.052250005304813385,
    "clamp": 0.052250005304813385
  },
  "rank_error_curves": {
    "chemeleon": [
      [
        0.0716870657885027,
        0.13763726477890795,
        0.1870888203178928,
        0.22180326943987394,
        0.26137406211784475,
        0.29151097504376294,
        0.318910522006356,
        0.34596705598205896,
        0.37732082580116233,
        0.4046783660247593,
        0.43998988517722615,
        0.4730854523045499,
        0.5041172598371568,
        0.5482642208172067,
        0.5827646150551667,
        0.636764351829602,
        0.6910664295747178,
        0.8932722129938264,
        0.958478954825959,
        0.993197084239175
      ],
      [
        0.02028026352653678,
        0.021153710192679056,
        0.021755649445697883,
        0.022203710448906937,
        0.022793607281868106,
        0.023001092239622815,
        0.023337921866227983,
        0.02379740959270512,
        0.02423071307995286,
        0.025145425758250104,
        0.026649981063423558,
        0.025903149944387926,
        0.027204820058391546,
        0.027852129294085856,
        0.029483747090280222,
        0.03523779716665926,
        0.03682908964694459,
        0.24095110526961597,
        0.24047751670323186,
        0.20411673965730198
      ]
    ],
    "clamp": [
      [
        0.05913970365019302,
        0.09786856484542936,
        0.13783396630438854,
        0.1675732014171591,
        0.19596737529128985,
        0.22583182353010584,
        0.26171197132145313,
        0.296111340439712,
        0.3270647760351276,
        0.35694067048289524,
        0.3985160201324157,
        0.4303014378734207,
        0.4741205069434774,
        0.5134155734713189,
        0.5720004302129904,
        0.606168985564652,
        0.6846874492002859,
        0.8990931991160882,
        0.9662600283903435,
        0.9976698000461975
      ],
      [
        0.020425811053004946,
        0.020904759431564,
        0.021294934210934858,
        0.02190606503841886,
        0.022071907973957926,
        0.022488631570028852,
        0.02274123331019706,
        0.022969393812473156,
        0.023462866368370087,
        0.024004279986361284,
        0.023954295467809403,
        0.0244485964089267,
        0.02498403986157141,
        0.025743599615936377,
        0.026987979467814612,
        0.028830813640045836,
        0.03347028601671352,
        0.24759574095218875,
        0.22180348601231034,
        0.1930254380242295
      ]
    ]
  },
  "decision_cutoff_logit": -2.3190661372458483,
  "decision_cutoff_lift": 0.8955617346131186
}