{
  "task": "classification",
  "format": "onnx",
  "preset_name": "default",
  "use_linear": false,
  "n_features_in": 768,
  "classes": [
    0,
    1
  ],
  "params": {
    "C": 1.0,
    "kernel": "rbf",
    "gamma": "scale",
    "class_weight": "balanced",
    "max_iter": 2180,
    "tol": 0.001,
    "random_state": 42,
    "use_linear": false
  },
  "profile": {
    "n_samples": 436,
    "n_features": 768,
    "n_p_ratio": 0.5677083333333334,
    "sparsity": 0.0,
    "is_sparse_counts": false,
    "binary_feature_fraction": 0.0,
    "feature_signal_strength": 0.13440665859107845,
    "feature_signal_p90": 0.2672157960623112,
    "task": "classification",
    "imbalance_ratio": 2.6333333333333333,
    "y_skewness": 0.0,
    "y_all_positive": false
  },
  "portfolio_scores": {
    "heuristic": 0.91,
    "default": 0.9216666666666667,
    "linear": 0.8416666666666667,
    "balanced_rbf": 0.9216666666666666
  },
  "decision_cutoff_raw": 0.41308354721308277,
  "decision_cutoff_raw_source": "oof_balanced_accuracy",
  "decision_cutoff_proba": 0.20990650903537086,
  "decision_cutoff_rank": 0.5793103448275863,
  "decision_cutoff_logit": -1.3254890449332302,
  "calibrator": {
    "method": "platt",
    "coef": 6.0629478611102865,
    "intercept": -3.82999305396864
  },
  "ranker": {
    "knots": [
      0.18289717281728377,
      0.1868220769119845,
      0.19498962318905672,
      0.19932296017763082,
      0.20271022952612175,
      0.2064093381441753,
      0.20669125835287133,
      0.20801841996616058,
      0.20824545277272216,
      0.21338827327747328,
      0.21501691860372496,
      0.2153691575557193,
      0.2156728883831556,
      0.21670314087481127,
      0.21881214681761907,
      0.21926827287007894,
      0.2207868290200081,
      0.22145561267817132,
      0.22258268926435318,
      0.22333049094564328,
      0.22339558710973628,
      0.22633422516057963,
      0.2272650974400046,
      0.22798827046427753,
      0.22822529090956895,
      0.22826241049671814,
      0.22830850709560518,
      0.2293103590677692,
      0.22946796864965888,
      0.22972997519686605,
      0.23040227078346157,
      0.23085038792089344,
      0.23200198923115753,
      0.23333356814004694,
      0.23345370552651942,
      0.23351049808641805,
      0.2349966804510723,
      0.23554658882446153,
      0.23580154754760255,
      0.23594932803209645,
      0.2360332039428545,
      0.2362229913805864,
      0.23645258928313045,
      0.23813523308302628,
      0.23825394946335582,
      0.23826814860134166,
      0.23836621460288254,
      0.24012307871288616,
      0.24043522524200805,
      0.24046485716647092,
      0.24052363572526075,
      0.24072399005544853,
      0.24090393543639413,
      0.2410638153854753,
      0.24124557246908437,
      0.241676859484058,
      0.24198422820951385,
      0.24205541045657808,
      0.24211327961224102,
      0.24333624683326996,
      0.2433370618841014,
      0.24339406625470705,
      0.24392213151864064,
      0.2440142517420208,
      0.2446603535904101,
      0.24518160651941664,
      0.24571367586589515,
      0.24591465659665862,
      0.24593438276041912,
      0.24672919370921192,
      0.24734534418670567,
      0.24759118284320608,
      0.24776006423503502,
      0.2478689358395445,
      0.24788645128402526,
      0.24813258539317995,
      0.24834956198134803,
      0.24868548521737097,
      0.24906178940962415,
      0.24940909072079,
      0.24977973782490293,
      0.24995530043881223,
      0.2500933439950603,
      0.2504593105504744,
      0.2504915046608699,
      0.2505234071112325,
      0.25055331899599614,
      0.25086134666009774,
      0.25111307085469614,
      0.25188618346872294,
      0.25225473719537955,
      0.2522690679178747,
      0.25230698772228505,
      0.2531359152926973,
      0.2534748510102494,
      0.25371463218714524,
      0.25372865075401313,
      0.2543290021634775,
      0.25492170808123027,
      0.2554575910045693,
      0.25546837695177216,
      0.25566049556791454,
      0.25592330612297215,
      0.25596325592705277,
      0.2561250683327445,
      0.2566458961171541,
      0.2567957604437327,
      0.257102886912969,
      0.25722877176573905,
      0.2573767660328401,
      0.25751188367378836,
      0.2578916546965489,
      0.2580452040460423,
      0.2584585871123105,
      0.25859318662319214,
      0.25882612669128335,
      0.25883835210538686,
      0.2588617216003604,
      0.260358233430811,
      0.2604616366459697,
      0.26069092356125245,
      0.26082536270167683,
      0.2608384826416588,
      0.261808505966365,
      0.26185406070185824,
      0.26199421742524226,
      0.2621257760485205,
      0.2622691009262688,
      0.26264304212193584,
      0.2627228659139678,
      0.2633153263165351,
      0.2635815815733431,
      0.2640020253782113,
      0.26432448509516415,
      0.26441956969914127,
      0.2647206805953823,
      0.26474440738433175,
      0.26518156114098357,
      0.26533300078420174,
      0.2669274806426914,
      0.2670066085368486,
      0.2671914066950722,
      0.2672797252672928,
      0.2675130256339604,
      0.26753476030879453,
      0.2675743190954173,
      0.2679079544560069,
      0.2683009503972623,
      0.26837411275556394,
      0.26878766487413686,
      0.26914303841405807,
      0.26984198995133324,
      0.27029195378688886,
      0.2704544799525906,
      0.2705684964254358,
      0.27081100679385883,
      0.2716643202478811,
      0.2720164937302803,
      0.2720896777574516,
      0.2721947622979583,
      0.2722160820696566,
      0.2725873383004668,
      0.2747515811117181,
      0.27475870817626197,
      0.2751422571909699,
      0.2758310965155459,
      0.27774770821526273,
      0.27841143465308765,
      0.27920974222552064,
      0.2792777933040751,
      0.28072774018996677,
      0.281399783516167,
      0.2815087523710056,
      0.2817662045856675,
      0.281880433289325,
      0.28212762003446346,
      0.28270183042570957,
      0.28286755381862466,
      0.2831353752443851,
      0.2832727681878255,
      0.28428202044089673,
      0.28476681888717165,
      0.28492013213988254,
      0.28501074335023585,
      0.2856708439519602,
      0.2863283784166654,
      0.2865360583650101,
      0.2881957451558305,
      0.2884087567505949,
      0.28903403121059673,
      0.2910341583572878,
      0.2922565828056096,
      0.2924810805879753,
      0.29257931853397634,
      0.2955806790526846,
      0.2957273703620516,
      0.2964831542874513,
      0.2970173895199103,
      0.2972036520267174,
      0.29747470602236165,
      0.29782386112322135,
      0.29859065890918307,
      0.2996620567268163,
      0.3013652303172221,
      0.303172689502025,
      0.303472978363771,
      0.30355681240128163,
      0.30384465869277316,
      0.3044402499189794,
      0.30451279741840576,
      0.30472715278200585,
      0.3051906026520502,
      0.30629550690789326,
      0.30890488074960387,
      0.3111124331180316,
      0.31116272650339266,
      0.3147285253528935,
      0.31480271305641966,
      0.3152559587966061,
      0.3156970314304086,
      0.31660453374309,
      0.31749492492655,
      0.31802542795808164,
      0.3192331261518743,
      0.32020602631115624,
      0.3218686512204485,
      0.3245919522428908,
      0.3283152731153635,
      0.33731290333585245,
      0.3383399754712681,
      0.338474992385023,
      0.34203201685480705,
      0.35022691709620174,
      0.35484147947055694,
      0.3581381713111974,
      0.35892801345397807,
      0.36596377268813307,
      0.37347385761684043,
      0.3783335606837803,
      0.38032124650191784,
      0.3840836730127723,
      0.38540506144405473,
      0.39109128661449827,
      0.39135987464672334,
      0.3922547560479813,
      0.3937473359399666,
      0.3948182462557642,
      0.3995124776727948,
      0.4094533607696829,
      0.41080569162344605,
      0.41142642879377106,
      0.41180694560552744,
