{
  "task": "classification",
  "format": "onnx",
  "preset_name": "default",
  "use_linear": false,
  "n_features_in": 768,
  "classes": [
    0,
    1
  ],
  "params": {
    "C": 1.0,
    "kernel": "rbf",
    "gamma": "scale",
    "class_weight": "balanced",
    "max_iter": 2180,
    "tol": 0.001,
    "random_state": 42,
    "use_linear": false
  },
  "profile": {
    "n_samples": 436,
    "n_features": 768,
    "n_p_ratio": 0.5677083333333334,
    "sparsity": 0.0,
    "is_sparse_counts": false,
    "binary_feature_fraction": 0.0,
    "feature_signal_strength": 0.13440665859107845,
    "feature_signal_p90": 0.2672157960623113,
    "task": "classification",
    "imbalance_ratio": 2.6333333333333333,
    "y_skewness": 0.0,
    "y_all_positive": false
  },
  "portfolio_scores": {
    "heuristic": 0.9283333333333333,
    "default": 0.9266666666666666,
    "linear": 0.9083333333333333,
    "balanced_rbf": 0.915
  },
  "decision_cutoff_raw": 0.31954220592048904,
  "decision_cutoff_raw_source": "oof_balanced_accuracy",
  "decision_cutoff_proba": 0.1370579939837218,
  "decision_cutoff_rank": 0.5241379310344827,
  "decision_cutoff_logit": -1.8399433383748092,
  "calibrator": {
    "method": "platt",
    "coef": 5.810772750487631,
    "intercept": -3.696730481168294
  },
  "ranker": {
    "knots": [
      0.17791401618291872,
      0.1902585035316647,
      0.1991768494583386,
      0.20648653711954337,
      0.20783720203281797,
      0.20853903030167337,
      0.21285943207321864,
      0.21782631189087467,
      0.21909025058475795,
      0.2198525562257502,
      0.21992194483522962,
      0.22146926018118318,
      0.22212834238596504,
      0.22413995360752093,
      0.22441880125657948,
      0.22540436513611972,
      0.2272815875240592,
      0.22853693353526439,
      0.22867370664801331,
      0.22875806164244364,
      0.23029536685909519,
      0.2304389282169634,
      0.2304710220405332,
      0.23055973314025388,
      0.23160912120188165,
      0.2316684661917895,
      0.23261866046492094,
      0.23277684772061072,
      0.23340797440357064,
      0.23342969370868819,
      0.2334509271412356,
      0.23381025804961555,
      0.23407453787724872,
      0.23412749319204457,
      0.23439768210932607,
      0.23444093493373927,
      0.23463162820186512,
      0.23534819169968338,
      0.23567189903594646,
      0.2360423597265419,
      0.23628673717175486,
      0.23639064588980405,
      0.23661748386026032,
      0.23797786748462715,
      0.23806523113818326,
      0.2381789274353408,
      0.2383623743584732,
      0.2384917551694302,
      0.23897421179389824,
      0.2396239145395346,
      0.2406695774352655,
      0.24128073202567854,
      0.24147525815981738,
      0.24298157901195236,
      0.24339112628325507,
      0.24390216856561875,
      0.24393564759131328,
      0.24400126925560942,
      0.24435198222917473,
      0.24437209716068883,
      0.24451252870563656,
      0.24461360196996274,
      0.24476295900132042,
      0.24487834208267745,
      0.24519684971218084,
      0.24538373804514,
      0.24540937324030584,
      0.2454544065252258,
      0.2454567751447873,
      0.24566600289580842,
      0.2456991340012888,
      0.2457619519796533,
      0.2459733882681247,
      0.24601880177769245,
      0.24608902628248605,
      0.24636176974205534,
      0.24650927879428192,
      0.24709039981693823,
      0.24740805888683448,
      0.24740991324071132,
      0.24771027030211895,
      0.24787351493223192,
      0.24838094620397796,
      0.24851878744564015,
      0.24866969894607563,
      0.24904506376587787,
      0.24908244594700085,
      0.2496091808894425,
      0.2501353720786278,
      0.25072504246210037,
      0.2511016225546674,
      0.2514573392987904,
      0.2518578107242151,
      0.25191972916840305,
      0.2519387354344218,
      0.2519833380687519,
      0.2523378503368761,
      0.25259120807089663,
      0.25304559860636305,
      0.25325169113213386,
      0.2539002207624955,
      0.25419211895657806,
      0.2547011385323414,
      0.25511279986344937,
      0.255199194688435,
      0.2552443655204769,
      0.2559302030572092,
      0.2560943026886975,
      0.2561904556907338,
      0.2562622015745566,
      0.25626371173459456,
      0.2564284012558998,
      0.25648951438206435,
      0.2566249420725192,
      0.25678034473018413,
      0.25767406721906183,
      0.25783095943466594,
      0.25823393030403785,
      0.2584664012532589,
      0.25887048796282197,
      0.25932118959512845,
      0.2596282042866062,
      0.2596471447777728,
      0.2598200375035194,
      0.25989327415939106,
      0.2601261489293035,
      0.26083600207619506,
      0.2609433115638278,
      0.2609784618245607,
      0.261028700101414,
      0.2611929990779485,
      0.26148597409641194,
      0.261583999828163,
      0.2626355951527597,
      0.26281333664093603,
      0.26311208958974835,
      0.2637982576641106,
      0.2651097753410044,
      0.2651744005084892,
      0.2652121365269401,
      0.2656562435821039,
      0.2659413745825808,
      0.2660340696244216,
      0.26624289063778905,
      0.2663358337290222,
      0.26721720396629683,
      0.26752733435162823,
      0.26766233054567495,
      0.2682587635067082,
      0.26910915931744095,
      0.26958669135160684,
      0.2697250723846312,
      0.26988906812769525,
      0.27010239913707323,
      0.27092994375000523,
      0.27179354028041225,
      0.27206897685830633,
      0.27212254248239826,
      0.2721491378430637,
      0.27238767972063793,
      0.27297353647909695,
      0.27346260580605075,
      0.2738769968597579,
      0.27435475894967043,
      0.2743567821453866,
      0.27473793462766416,
      0.2749119900312883,
      0.27593525850215633,
      0.27664407192441537,
      0.277292894744157,
      0.2773850222473683,
      0.27793851350598103,
      0.27840534963943,
      0.27855383722667687,
      0.27881162618752353,
      0.2792115238094203,
      0.28168343452962397,
      0.2818793906674475,
      0.2819149793925419,
      0.282420820775108,
      0.28410514022892935,
      0.2842488587195382,
      0.2847349576992351,
      0.2853326426704047,
      0.28568237356984866,
      0.2860627351008357,
      0.2861060229533772,
      0.28662733311229455,
      0.2866465137153677,
      0.2872250526944004,
      0.2878635614564443,
      0.28788251290742417,
      0.2883853994521027,
      0.28839550370928757,
      0.2888775484002838,
      0.2890728007229305,
      0.2897301598249443,
      0.2897697851122716,
      0.2899696070231699,
      0.29205124374564495,
      0.29317475770977447,
      0.2943991060059415,
      0.2959893090538885,
      0.29633919074736487,
      0.29646153263976405,
      0.29729413440837804,
      0.2976303051105292,
      0.2977465990608755,
      0.2987333988017947,
      0.30065081175984165,
      0.3017883454317891,
      0.30191352419086764,
      0.3029164521894482,
      0.3033641534061005,
      0.3036592632788072,
      0.30398969241599666,
      0.3047468039221371,
      0.30761241519570076,
      0.30958659573262876,
      0.31125793625026604,
      0.3112907744104053,
      0.31193117581058066,
      0.3150700167872962,
      0.3155471665196554,
      0.3156625902730948,
      0.31668305413071246,
      0.3183115492907901,
      0.31839054210390844,
      0.31954220592048904,
      0.3281463499704164,
      0.3282387588825083,
      0.3319384690434577,
      0.3383710928484173,
      0.34100484329711167,
      0.3422287863860986,
      0.34665891644820507,
      0.36017557322518967,
      0.36350457235289396,
      0.3643742952363543,
      0.36526445244690287,
      0.37201082024958293,
      0.37250730302866925,
      0.376989066340539,
      0.37775882959640944,
      0.38205614037776225,
      0.3837815414515417,
      0.38928953051228576,
      0.39209695629241675,
      0.3925857291425854,
      0.3939159120048733,
      0.39634736349703503,
      0.3989310827185511,
