{
  "task": "classification",
  "format": "onnx",
  "preset_name": "default",
  "best_iteration": 99,
  "params": {
    "tree_method": "hist",
    "device": "cpu",
    "learning_rate": 0.3,
    "max_depth": 6,
    "min_child_weight": 1,
    "subsample": 1.0,
    "colsample_bytree": 1.0,
    "reg_alpha": 0.0,
    "reg_lambda": 1.0,
    "max_bin": 256,
    "n_estimators": 2000,
    "early_stopping_rounds": 50,
    "nthread": 16,
    "objective": "binary:logistic",
    "scale_pos_weight": 2.6333,
    "eval_metric": "auc"
  },
  "profile": {
    "n_samples": 436,
    "n_features": 768,
    "n_p_ratio": 0.5677083333333334,
    "sparsity": 0.0,
    "is_sparse_counts": false,
    "binary_feature_fraction": 0.0,
    "feature_signal_strength": 0.13440665859107845,
    "feature_signal_p90": 0.2672157960623113,
    "task": "classification",
    "imbalance_ratio": 2.6333333333333333,
    "y_skewness": 0.0,
    "y_all_positive": false
  },
  "portfolio_scores": {
    "flaml": NaN,
    "autogluon": NaN,
    "heuristic": 0.8983333333333333,
    "default": 0.9141666666666666
  },
  "decision_cutoff_raw": 0.04407131299376488,
  "decision_cutoff_raw_source": "oof_balanced_accuracy",
  "decision_cutoff_proba": 0.11058765457211905,
  "decision_cutoff_rank": 0.5770114942528736,
  "decision_cutoff_logit": -2.0847524980608383,
  "calibrator": {
    "method": "platt",
    "coef": 3.3879526896678067,
    "intercept": -2.234064021455256
  },
  "ranker": {
    "knots": [
      0.00013202561240177602,
      0.00014694406127091497,
      0.0001646837336011231,
      0.00017016095807775855,
      0.00020960312394890934,
      0.00021602374908979982,
      0.00021870658383704722,
      0.0002446021535433829,
      0.00025306877796538174,
      0.0002531447680667043,
      0.0002556420222390443,
      0.0002593137032818049,
      0.0002610618539620191,
      0.00028841636958532035,
      0.0003038884315174073,
      0.0003186669200658798,
      0.00033619010355323553,
      0.0003391793870832771,
      0.0003404747985769063,
      0.00034083297941833735,
      0.00035257035051472485,
      0.000372768088709563,
      0.0004003699868917465,
      0.0004092948220204562,
      0.000434582878369838,
      0.0004358405130915344,
      0.0004546354175545275,
      0.0004721090372186154,
      0.00048698109458200634,
      0.00048803898971527815,
      0.0005005145212635398,
      0.0005069504259154201,
      0.0005079777911305428,
      0.0005098527180962265,
      0.0005207802751101553,
      0.0005210928502492607,
      0.0005233250558376312,
      0.000523422088008374,
      0.0005285768420435488,
      0.0005446024588309228,
      0.0005583822494372725,
      0.0005600759177468717,
      0.0005623423494398594,
      0.0005786691908724606,
      0.0005852046306245029,
      0.0006132728303782642,
      0.0006147680687718093,
      0.0006163318175822496,
      0.0006184711237438023,
      0.0006969784735701978,
      0.0006970592075958848,
      0.0007111296872608364,
      0.0007190853357315063,
      0.0007302036974579096,
      0.0007426323718391359,
      0.0007532376330345869,
      0.0007617456139996648,
      0.0007682618452236056,
      0.000772754312492907,
      0.0007762460154481232,
      0.0007772704702802002,
      0.0008061781409196556,
      0.0008066257578320801,
      0.0008116366225294769,
      0.000823566981125623,
      0.0008331647841259837,
      0.0008368595154024661,
      0.000843311776407063,
      0.0008545764139853418,
      0.0009079289739020169,
      0.0009113459382206202,
      0.0009114849381148815,
      0.0009220783249475062,
      0.000939367339015007,
      0.0009534877026453614,
      0.0009605861851014197,
      0.0009815607918426394,
      0.0010343209141865373,
      0.0010496550239622593,
      0.001056229928508401,
      0.0010621955152601004,
      0.0010726945474743843,
      0.0010744500905275345,
      0.0010747915366664529,
      0.0010836109286174178,
      0.0010917993495240808,
      0.0010930206626653671,
      0.0010952276643365622,
      0.001102635869756341,
      0.001115342602133751,
      0.001128421281464398,
      0.0011331733549013734,
      0.001143676694482565,
      0.0011544466251507401,
      0.001156507059931755,
      0.0011667323997244239,
      0.0012584547512233257,
      0.0012649839045479894,
      0.001279116841033101,
      0.0012975761201232672,
      0.0013180645182728767,
      0.0013294282834976912,
      0.0013364671031013131,
      0.0013575403718277812,
      0.0014242002507671714,
      0.0014287708327174187,
      0.0014483787817880511,
      0.0014670017408207059,
      0.0014713682467117906,
      0.0014791643479838967,
      0.0014792580623179674,
      0.001484391512349248,
      0.0015049349749460816,
      0.0015388611936941743,
      0.001539026852697134,
      0.001542934332974255,
      0.001546202227473259,
      0.0015567473601549864,
      0.001568616833537817,
      0.0015791421756148338,
      0.0015805372968316078,
      0.0016152067109942436,
      0.001728332252241671,
      0.0017593998927623034,
      0.0018011736683547497,
      0.0018176169833168387,
      0.0018333294428884983,
      0.0018458967097103596,
      0.0019143461249768734,
      0.0019150549778714776,
      0.0019189416198059916,
      0.0020074492786079645,
      0.0020150679629296064,
      0.002051456132903695,
      0.0020665209740400314,
      0.0021030886564403772,
      0.002111762762069702,
      0.0021387983579188585,
      0.0021865686867386103,
      0.0021909840870648623,
      0.002217876026406884,
      0.0022370556835085154,
      0.0023119114339351654,
      0.0023612978402525187,
      0.0023728576488792896,
      0.002381629776209593,
      0.002414568793028593,
      0.0024329442530870438,
      0.002452282467857003,
      0.002489571226760745,
      0.0025043170899152756,
      0.0025068018585443497,
      0.002535731066018343,
      0.0025817796122282743,
      0.002623949432745576,
      0.0026269610971212387,
      0.0026336584705859423,
      0.002681627171114087,
      0.002767518162727356,
      0.0027921239379793406,
      0.0027994222473353148,
      0.002823776798322797,
      0.0029173139482736588,
      0.002944010542705655,
      0.0030093519017100334,
      0.0031238726805895567,
      0.003162252251058817,
      0.0031903667841106653,
      0.0032607305329293013,
      0.0035318881273269653,
      0.0037628819700330496,
      0.003788767848163843,
      0.0038224186282604933,
      0.0038840926717966795,
      0.0039032953791320324,
      0.003964927978813648,
      0.003995056729763746,
      0.004071040544658899,
      0.004121981095522642,
      0.00432678684592247,
      0.004375598859041929,
      0.004447564482688904,
      0.004485066514462233,
      0.004634576849639416,
      0.004782665520906448,
      0.004798217210918665,
      0.00486490735784173,
      0.00527602806687355,
      0.005339296534657478,
      0.0054260012693703175,
      0.005481005646288395,
      0.005538141820579767,
      0.005542783997952938,
      0.005613601766526699,
      0.0057318005710840225,
      0.006078988313674927,
      0.006276171188801527,
      0.0063968379981815815,
      0.006560071371495724,
      0.0065733883529901505,
      0.0069817532785236835,
      0.007539951708167791,
      0.007978176698088646,
      0.008276344276964664,
      0.008395735174417496,
      0.008469467982649803,
      0.009550067596137524,
      0.009977949783205986,
      0.010198107920587063,
      0.010511316359043121,
      0.010544213466346264,
      0.010788372717797756,
      0.011229545809328556,
      0.01155916228890419,
      0.01168367825448513,
      0.012132610194385052,
      0.012263122946023941,
      0.012482150457799435,
      0.012901069596409798,
      0.013246703892946243,
      0.013526255264878273,
      0.01485590822994709,
      0.015056510455906391,
      0.015109986066818237,
      0.016140958294272423,
      0.01619507558643818,
      0.01901973970234394,
