{
  "task": "classification",
  "format": "onnx",
  "preset_name": "default",
  "best_iteration": 99,
  "params": {
    "tree_method": "hist",
    "device": "cpu",
    "learning_rate": 0.3,
    "max_depth": 6,
    "min_child_weight": 1,
    "subsample": 1.0,
    "colsample_bytree": 1.0,
    "reg_alpha": 0.0,
    "reg_lambda": 1.0,
    "max_bin": 256,
    "n_estimators": 2000,
    "early_stopping_rounds": 50,
    "nthread": 56,
    "objective": "binary:logistic",
    "scale_pos_weight": 2.6333,
    "eval_metric": "auc"
  },
  "profile": {
    "n_samples": 436,
    "n_features": 768,
    "n_p_ratio": 0.5677083333333334,
    "sparsity": 0.0,
    "is_sparse_counts": false,
    "binary_feature_fraction": 0.0,
    "feature_signal_strength": 0.13440665859107845,
    "feature_signal_p90": 0.2672157960623112,
    "task": "classification",
    "imbalance_ratio": 2.6333333333333333,
    "y_skewness": 0.0,
    "y_all_positive": false
  },
  "portfolio_scores": {
    "flaml": NaN,
    "autogluon": NaN,
    "heuristic": 0.9105555555555555,
    "default": 0.9155555555555556
  },
  "decision_cutoff_raw": 0.015304853208363056,
  "decision_cutoff_raw_source": "oof_balanced_accuracy",
  "decision_cutoff_proba": 0.11243680011198698,
  "decision_cutoff_rank": 0.5080459770114942,
  "decision_cutoff_logit": -2.0660884429491633,
  "calibrator": {
    "method": "platt",
    "coef": 3.209027812839112,
    "intercept": -2.11520214256622
  },
  "ranker": {
    "knots": [
      0.00011911305045941845,
      0.00012616609456017613,
      0.00014671304961666465,
      0.00014999423001427203,
      0.00016765034524723887,
      0.00017321597260888666,
      0.00017989397747442126,
      0.00019213644554838538,
      0.00020023957767989486,
      0.00020093134662602097,
      0.00022026545775588602,
      0.00022528892441187054,
      0.0002365515538258478,
      0.0002365515538258478,
      0.0002446789003442973,
      0.0002469374448992312,
      0.00024774656048975885,
      0.00027327550924383104,
      0.0002880267275031656,
      0.0003004814207088202,
      0.00030213603167794645,
      0.0003040136070922017,
      0.00031019444577395916,
      0.0003103266644757241,
      0.0003247493295930326,
      0.00034569139825180173,
      0.00035046564880758524,
      0.00035402504727244377,
      0.00036143322358839214,
      0.0003642056544777006,
      0.0003652769955806434,
      0.00036747322883456945,
      0.00037909552338533103,
      0.0003807312750723213,
      0.0003859155112877488,
      0.0003956985310651362,
      0.0003975072759203613,
      0.0004069998685736209,
      0.0004116841882932931,
      0.00041606687591411173,
      0.000425473292125389,
      0.0004325937479734421,
      0.0004367103101685643,
      0.0004489472776185721,
      0.00044918546336703,
      0.00045018314267508686,
      0.00045345062972046435,
      0.00046069701784290373,
      0.0004657062527257949,
      0.0004672122304327786,
      0.0004675579839386046,
      0.00047233703662641346,
      0.0004889103583991528,
      0.00049991300329566,
      0.0005008407169952989,
      0.000502183975186199,
      0.000504563155118376,
      0.0005123218870721757,
      0.0005216611898504198,
      0.000522165559232235,
      0.0005228349473327398,
      0.0005299553740769625,
      0.0005757890176028013,
      0.0005789375863969326,
      0.0005819207872264087,
      0.0005893104826100171,
      0.0005960193811915815,
      0.0006081060855649412,
      0.0006083312910050154,
      0.0006357353995554149,
      0.0006379648111760616,
      0.0006459333235397935,
      0.0006481412565335631,
      0.0006545437499880791,
      0.000668772729113698,
      0.0006794342189095914,
      0.000680315017234534,
      0.0006859177374280989,
      0.0007088420679792762,
      0.0007145136478357017,
      0.0007172466721385717,
      0.0007189192110672593,
      0.0007498193881474435,
      0.0007799961604177952,
      0.0007864959188736975,
      0.0008017576765269041,
      0.000802509777713567,
      0.0008122482104226947,
      0.0008137642871588469,
      0.0008221626630984247,
      0.0008333593723364174,
      0.0008362794760614634,
      0.000893707387149334,
      0.0008946126326918602,
      0.0009209460113197565,
      0.0009351581102237105,
      0.0009354267967864871,
      0.0009357013623230159,
      0.0009498349973000586,
      0.0009930075611919165,
      0.0009932658867910504,
      0.0010155984200537205,
      0.0010418290039524436,
      0.0010474459268152714,
      0.0010522075463086367,
      0.001055847154930234,
      0.0010562636889517307,
      0.0010567778954282403,
      0.0010742668528109789,
      0.0010884694056585431,
      0.0011406244011595845,
      0.0011693520937114954,
      0.0011826572008430958,
      0.0011973463697358966,
      0.001213282230310142,
      0.0012551724212244153,
      0.0012789651518687606,
      0.0012958267470821738,
      0.0013560355873778462,
      0.0013672775821760297,
      0.0014117445098236203,
      0.0014168870402500033,
      0.001427432638593018,
      0.0014403227251023054,
      0.0014422655804082751,
      0.0014456461649388075,
      0.0014512988273054361,
      0.0014553484506905079,
      0.0014915278879925609,
      0.0015573358396068215,
      0.0015581599436700344,
      0.001736556412652135,
      0.0017524308059364557,
      0.0017541408305987716,
      0.0017546946182847023,
      0.0018011309439316392,
      0.0018133181147277355,
      0.001822131685912609,
      0.0018255606992170215,
      0.0018746958812698722,
      0.0019172080792486668,
      0.0019249300239607692,
      0.0019773703534156084,
      0.0020152453798800707,
      0.002047163201496005,
      0.002076179487630725,
      0.0021045964676886797,
      0.002118052216246724,
      0.0021275097969919443,
      0.0021276471670717,
      0.0022490411065518856,
      0.0022633527405560017,
      0.0024346658028662205,
      0.0024612562265247107,
      0.0025475271977484226,
      0.0026052871253341436,
      0.0026229198556393385,
      0.0027153119444847107,
      0.0027434350922703743,
      0.0028344737365841866,
      0.0028648488223552704,
      0.002878394443541765,
      0.002995411166921258,
      0.0030015918891876936,
      0.003096038941293955,
      0.003268344094976783,
      0.0032962551340460777,
      0.00335124833509326,
      0.0034830730874091387,
      0.003549531102180481,
      0.003681795671582222,
      0.0037847275380045176,
      0.00380035606212914,
      0.0038556144572794437,
      0.003908892627805471,
      0.0040064724162220955,
      0.00412294827401638,
      0.004459679126739502,
      0.00449032848700881,
      0.004549118690192699,
      0.004732695408165455,
      0.0049459487199783325,
      0.0050478060729801655,
      0.005060617811977863,
      0.005145892966538668,
      0.005233784671872854,
      0.005266412626951933,
      0.005443992558866739,
      0.005572606343775988,
      0.005621875170618296,
      0.005633405409753323,
      0.006091617979109287,
      0.006855400279164314,
      0.0069694495759904385,
      0.007201355416327715,
      0.007318464573472738,
      0.00735814543440938,
      0.0073736850172281265,
      0.007431871723383665,
      0.007696834858506918,
      0.007776650134474039,
      0.008329253643751144,
      0.008863434195518494,
      0.008940315805375576,
      0.009958307258784771,
      0.011123497039079666,
      0.01192409172654152,
      0.012041929177939892,
      0.012126171961426735,
      0.012981581501662731,
      0.013144724071025848,
      0.013637887313961983,
      0.014061921276152134,
      0.014197057113051414,
      0.014278866350650787,
      0.014371498487889767,
      0.014670546166598797,
      0.014730017632246017,
      0.01490834541618824,
      0.015153924003243446,
      0.015252990648150444,
      0.015304853208363056,
      0.016733771190047264,
      0.017337262630462646,
      0.018589667975902557,
      0.018948880955576897,
      0.019476884976029396,
