{
  "n_components": 27,
  "n_features_in": 768,
  "n_cal_knots": 200,
  "cal_min": 2.3929145336151123,
  "cal_max": 13.871899604797363,
  "scaler": "standard"
}