{
  "n_components": 27,
  "n_features_in": 768,
  "n_cal_knots": 200,
  "cal_min": 2.9649035930633545,
  "cal_max": 10.403077125549316,
  "scaler": "standard"
}