{
  "task": "classification",
  "format": "onnx",
  "preset_name": "default",
  "use_linear": false,
  "n_features_in": 767,
  "classes": [
    0,
    1
  ],
  "params": {
    "C": 1.0,
    "kernel": "rbf",
    "gamma": "scale",
    "class_weight": "balanced",
    "max_iter": 2950,
    "tol": 0.001,
    "random_state": 42,
    "use_linear": false
  },
  "profile": {
    "n_samples": 590,
    "n_features": 767,
    "n_p_ratio": 0.7692307692307693,
    "sparsity": 0.0,
    "is_sparse_counts": false,
    "binary_feature_fraction": 0.0,
    "feature_signal_strength": 0.15676134560320493,
    "feature_signal_p90": 0.3072138303995246,
    "task": "classification",
    "imbalance_ratio": 9.0,
    "y_skewness": 0.0,
    "y_all_positive": false
  },
  "portfolio_scores": {
    "heuristic": 0.997037037037037,
    "default": 0.997037037037037,
    "linear": 0.9417283950617283,
    "balanced_rbf": 0.9980246913580246
  },
  "decision_cutoff_raw": 0.3809351859488385,
  "decision_cutoff_raw_source": "oof_balanced_accuracy",
  "decision_cutoff_proba": 0.08988404042708598,
  "decision_cutoff_rank": 0.8811544991511036,
  "decision_cutoff_logit": -2.315051619615596,
  "calibrator": {
    "method": "platt",
    "coef": 7.933231052254445,
    "intercept": -5.337098465681243
  },
  "ranker": {
    "knots": [
      0.19412359206507548,
      0.19649110252319354,
      0.1973473268627157,
      0.1975672844817647,
      0.1991875186197936,
      0.19920456682764212,
      0.19959564716207429,
      0.2000305525444395,
      0.20007685099044983,
      0.20027298616334657,
      0.2010055363109594,
      0.20104879748173965,
      0.2015369734162409,
      0.20199944897925148,
      0.20655086413945006,
      0.20801938382850887,
      0.20852988362830377,
      0.2088701885945384,
      0.20889129807007006,
      0.20947752678381185,
      0.21099505716265082,
      0.2112055577028493,
      0.21157086329844074,
      0.21215956223650978,
      0.21221584242555686,
      0.21249694666722,
      0.21350137763672378,
      0.2139374366898086,
      0.21431310122961134,
      0.21441346411916315,
      0.21452304200820857,
      0.2147589392968437,
      0.21514446986118796,
      0.21522791234554312,
      0.21549128062516082,
      0.21563795840060246,
      0.21579442004619095,
      0.21589827326292535,
      0.2163595679262783,
      0.2169473067115877,
      0.21696502383063596,
      0.2171089635761396,
      0.21722885657629165,
      0.2172337886494952,
      0.21784826979326624,
      0.21844108915707092,
      0.21846738130260668,
      0.21890958684171452,
      0.21921047949189149,
      0.2195632932685897,
      0.21963899629012099,
      0.21964636370404306,
      0.22013306361591564,
      0.22020865207442827,
      0.22038825359599454,
      0.22047791497352043,
      0.22089045074951952,
      0.22107212819167935,
      0.2214454750683965,
      0.22162796570400986,
      0.22167024001030916,
      0.22181924495269292,
      0.22220031330134135,
      0.22221310177907677,
      0.2222964377517766,
      0.22235225527742344,
      0.2227566767224709,
      0.2228960672238946,
      0.22308387391917794,
      0.2231932078678661,
      0.22325089547219387,
      0.22334619419960622,
      0.2234058190245717,
      0.22421239092423528,
      0.22430335764032522,
      0.22435206343334366,
      0.22448825787589893,
      0.22451101469865858,
      0.2245918677520458,
      0.22489372031852625,
      0.22498962909824527,
      0.22517318112559526,
      0.22522101110776965,
      0.2256028216303814,
      0.22568354667458862,
      0.2257185189302059,
      0.2258505194032042,
      0.22595824313027213,
      0.22640276827397326,
      0.22675928419828634,
      0.22700044415392465,
      0.22705327994509394,
      0.22721026273022626,
      0.22724438718558107,
      0.22736913672537218,
      0.22845116860530812,
      0.22861672581777565,
      0.22870836883078796,
      0.22876252822725082,
      0.22883012696317337,
      0.2291145490862208,
      0.22916315833698755,
      0.2292720092522374,
      0.22945731339103123,
      0.2296156207048617,
      0.22981609870956146,
      0.23009555723961947,
      0.23020418930040157,
      0.2304228038303669,
      0.23054721341273388,
      0.23056348135616161,
      0.23069825601303717,
      0.23121787061919943,
      0.23134495967344276,
      0.23138535750158193,
      0.23150091136778814,
      0.23154857306703708,
      0.23167389108102115,
      0.2318987016872363,
      0.23202191461394453,
      0.23204314198124068,
      0.23209774957479207,
      0.2324409160260172,
      0.2324611055922486,
      0.23272062855712125,
      0.23285726773479362,
      0.23292944761221862,
      0.2332656005696996,
      0.2333037723798945,
      0.23334328428726447,
      0.23341497518289187,
      0.2341386338347607,
      0.23432674599387215,
      0.23437693925071956,
      0.2347018572724839,
      0.2347973347848706,
      0.2349920030434213,
      0.23513078169032361,
      0.23554255062671556,
      0.23567723727682716,
      0.2357526462362984,
      0.2362259978262745,
      0.23643518150425535,
      0.23645347899880606,
      0.2365785763389799,
      0.23665654759174243,
      0.23699574459556594,
      0.23738221183720085,
      0.23747553600680163,
      0.237687332404351,
      0.23795576493728196,
      0.23807556630319174,
      0.2381684895590494,
      0.2385561323749617,
      0.23864371675344503,
      0.2387716647060994,
      0.23892418480524752,
      0.2390554835076361,
      0.2391907754102392,
      0.2393464349573957,
      0.2394609788549071,
      0.24010849907996318,
      0.24012533470675518,
      0.24017040808806525,
      0.2402057472166667,
      0.24025637887912513,
      0.2403538294292883,
      0.24043746125987076,
      0.2404470752943502,
      0.24068961991470977,
      0.24070722394040195,
      0.24083021513338335,
      0.24083801192255236,
      0.24090989078468036,
      0.24153683107448218,
      0.24200265377232932,
      0.2422951990606301,
      0.24236861687274844,
      0.2423849538531324,
      0.24241711899701657,
      0.24251225154844316,
      0.24251459904924919,
      0.24291373490307294,
      0.24295167844023613,
      0.24307681827845504,
      0.24308810851071383,
      0.2433167254984283,
      0.24331703553250117,
      0.2435607094435083,
      0.24365558333326648,
      0.24379831430417823,
      0.24392622126694635,
      0.24423396214898138,
      0.24427466143744997,
      0.24438254488017272,
      0.24500819135830978,
      0.24506024594524367,
      0.24509908610832887,
      0.24519400377417697,
      0.2452061410933471,
      0.24534155305081184,
      0.24541975873988942,
      0.24559864421622266,
      0.24560189508884842,
      0.24580716132228045,
      0.24614829503534041,
      0.2461849121595883,
      0.24631933311057386,
      0.2463973886372629,
      0.2464189027768666,
      0.24652251798509153,
      0.24656873482458272,
      0.2465805663953437,
      0.24660927511590575,
      0.2466641144891414,
      0.24676151450974204,
      0.2468447585825445,
      0.24730905572432835,
      0.24732841153851615,
      0.24771330079255288,
      0.24797012401822366,
      0.2480072584183074,
      0.2480671467901118,
      0.24861004320321706,
      0.24874146189750843,
      0.24875610414731916,
      0.2487769914591891,
      0.24884388333764565,
      0.2488713101203892,
      0.2488959503584594,
      0.24892307778690578,
      0.24930417280990422,
      0.24968076045333004,
      0.24978462060948337,
      0.24983652358084169,
      0.25006887869164973,
      0.250103436879661,
      0.25010747739423966,
      0.25037851183550336,
      0.25040198300834243,
      0.25040217505663087,
      0.2505256139498953,
      0.2505264092443021,
      0.25059753080608443,
      0.25071170000151344,
      0.25075641173290086,
      0.2508067600597817,
      0.25095400837955345,
      0.2509857572495644,
      0.2510311288540344,
