{
  "task": "classification",
  "format": "onnx",
  "preset_name": "default",
  "use_linear": false,
  "n_features_in": 767,
  "classes": [
    0,
    1
  ],
  "params": {
    "C": 1.0,
    "kernel": "rbf",
    "gamma": "scale",
    "class_weight": "balanced",
    "max_iter": 2950,
    "tol": 0.001,
    "random_state": 42,
    "use_linear": false
  },
  "profile": {
    "n_samples": 590,
    "n_features": 767,
    "n_p_ratio": 0.7692307692307693,
    "sparsity": 0.0,
    "is_sparse_counts": false,
    "binary_feature_fraction": 0.0,
    "feature_signal_strength": 0.15607700699828053,
    "feature_signal_p90": 0.3063784794109948,
    "task": "classification",
    "imbalance_ratio": 9.0,
    "y_skewness": 0.0,
    "y_all_positive": false
  },
  "portfolio_scores": {
    "heuristic": 0.997037037037037,
    "default": 0.997037037037037,
    "linear": 0.8849382716049383,
    "balanced_rbf": 0.9985185185185185
  },
  "decision_cutoff_raw": 0.3827149475984771,
  "decision_cutoff_raw_source": "oof_balanced_accuracy",
  "decision_cutoff_proba": 0.09074525003733123,
  "decision_cutoff_rank": 0.8811544991511036,
  "decision_cutoff_logit": -2.304569177309501,
  "calibrator": {
    "method": "platt",
    "coef": 7.944037108710855,
    "intercept": -5.3448709230901335
  },
  "ranker": {
    "knots": [
      0.19051502774785326,
      0.19227530448816757,
      0.19621026587407558,
      0.1970894891375908,
      0.1972150502986087,
      0.1974959593999089,
      0.19930499361631948,
      0.19959759954264575,
      0.20032805945905924,
      0.2005971368988425,
      0.20089245410783327,
      0.20385306777553566,
      0.20442205461677165,
      0.2048410540344656,
      0.20567200516868528,
      0.20686233951650873,
      0.20827969759843956,
      0.20860173117168881,
      0.2089663485916546,
      0.20958878780546156,
      0.20979760879928058,
      0.2109940521598304,
      0.21101512919653387,
      0.21229818174498566,
      0.21253577780906824,
      0.2138736043638507,
      0.2141156545786556,
      0.21456709650656494,
      0.2147113758530041,
      0.21518404395549376,
      0.21560936778682008,
      0.21578333232330693,
      0.21580129270130283,
      0.21587253478061189,
      0.21613296361067674,
      0.2171821306826915,
      0.2175255987930688,
      0.21758203390285077,
      0.21823103206319602,
      0.21861771274766556,
      0.21872254561916896,
      0.21883350846348001,
      0.2188432169057033,
      0.2193615562164753,
      0.2194756079858255,
      0.21993842255125373,
      0.22019242936778155,
      0.2206973259700457,
      0.22105445314828767,
      0.22106885881806626,
      0.2211727141881082,
      0.22129539198009646,
      0.22131324247174966,
      0.2215779131258674,
      0.22163240154100677,
      0.2217751597755082,
      0.2220381396839335,
      0.2222210374120789,
      0.22231244212177992,
      0.2223900399184536,
      0.2224840378969249,
      0.22248566544964402,
      0.22283322782938,
      0.22333674969853656,
      0.22462360618573257,
      0.22474553982515916,
      0.22483683459994197,
      0.2250120486287437,
      0.22506893866692426,
      0.22515307571183155,
      0.22536868185017492,
      0.22567565289700295,
      0.2258686791980406,
      0.22605102853260953,
      0.22616541014169322,
      0.22628239128532707,
      0.22641554756813329,
      0.22678422057045958,
      0.2268463297709713,
      0.227133782178075,
      0.22725230721991982,
      0.22738514512695093,
      0.22761675191480257,
      0.2277430955590088,
      0.22830762551766826,
      0.22834657886095217,
      0.22859994049478016,
      0.22875593084661566,
      0.22896983246593536,
      0.2291999996772463,
      0.22955513316574677,
      0.22973079183387524,
      0.22978010511551128,
      0.22986787918480786,
      0.22987489217059898,
      0.2299388046554011,
      0.22996383895971761,
      0.23025275926656683,
      0.23030420179376454,
      0.23035191238552855,
      0.2310947301408324,
      0.23134699198426406,
      0.23148389340042308,
      0.2314898266162229,
      0.23233323785600435,
      0.2323687673649749,
      0.23255392796843144,
      0.2325698383500244,
      0.2326041164098047,
      0.23261646825947122,
      0.2328242525395366,
      0.23312863375858217,
      0.23351747073381238,
      0.23376239506720173,
      0.23386621962288306,
      0.23426550745791277,
      0.23437972771252202,
      0.23468872435885169,
      0.23503326452465767,
      0.23520914180297736,
      0.23539826073595468,
      0.2354024549790864,
      0.2354184312074451,
      0.2355679097417354,
      0.2361120103862179,
      0.23616214103112723,
      0.2362277026102966,
      0.23623161722110786,
      0.2362848610703586,
      0.23642598489749875,
      0.2365207873391046,
      0.23664094543050113,
      0.2366900959873637,
      0.23670764627063753,
      0.23701658100817966,
      0.23711384835159835,
      0.2371460214015089,
      0.23717548791101417,
      0.23719781651871577,
      0.23753420141277506,
      0.23772596696580905,
      0.23774077653592002,
      0.23781231481278103,
      0.23786219852483784,
      0.2379929721613477,
      0.23820659111736164,
      0.2382341814023052,
      0.23824835013468343,
      0.23850473051143606,
      0.23852084919805,
      0.23855531702113772,
      0.23877681135607853,
      0.23903293063225517,
      0.23933728752930977,
      0.2393797757238892,
      0.2395080368418062,
      0.2395136613316817,
      0.23955295628896706,
      0.23988420275868041,
      0.23990359326779886,
      0.23994891921765246,
      0.24002051462093793,
      0.24008093263515556,
      0.2403474113755744,
      0.24035722819837935,
      0.24047437435668448,
      0.2405498693758731,
      0.24069097952114574,
      0.2407377030021833,
      0.24077768681882958,
      0.24138253677372168,
      0.2416644639526185,
      0.24169204925302293,
      0.2418689799772684,
      0.24206795846004733,
      0.24222389991286744,
      0.24238926480690662,
      0.24241091927464123,
      0.2426734517146826,
      0.24267656687160935,
      0.24270000318492432,
      0.24273187800035523,
      0.2430191484031244,
      0.24327454408463603,
      0.24331314399072193,
      0.2433373776982321,
      0.24343028967459923,
      0.24382442078474406,
      0.24388933192740386,
      0.24394097547271684,
      0.24404225059272175,
      0.24405747152222837,
      0.24413486102055548,
      0.24413528223043568,
      0.24416345976576126,
      0.24432216236702553,
      0.24461416797624738,
      0.24465582587830104,
      0.24466630636934728,
      0.24487371298473667,
      0.24493022041981796,
      0.24499674523645495,
      0.24502453988053355,
      0.2450555917356662,
      0.24506924334286082,
      0.24538797297014356,
      0.24539589716196278,
      0.24542313403932856,
      0.24562927046614702,
      0.24563472565762418,
      0.2457346554656282,
      0.24573643893314093,
      0.24605217682854907,
      0.24613532883744407,
      0.24628612848554585,
      0.24649625604515069,
      0.24667444606070707,
      0.2468704728217278,
      0.24693065684020327,
      0.24694080638946955,
      0.2469939123420458,
      0.24707212085267866,
      0.24710649529172304,
      0.24727871875127821,
      0.2475002706217245,
      0.24754525602501845,
      0.24762904556277496,
      0.24767891097284858,
      0.24769826938074377,
      0.2477323422441074,
      0.24776222179709587,
      0.24780504547635637,
      0.24800613290798204,
      0.2480136123996051,
      0.24823955294712483,
      0.2482445145575316,
      0.24835275775002083,
      0.248538175384762,
      0.2487174640988163,
      0.24902735284844812,
      0.24938117204563912,
      0.24949157267259928,
      0.24962463392339346,
      0.2496495401947882,
      0.24966269644681005,
      0.24985170969659287,
      0.2498666776668118,
      0.24987005389354267,
      0.2501543493155514,
      0.2501739916842448,
