{
  "task": "classification",
  "format": "onnx",
  "preset_name": "default",
  "best_iteration": 99,
  "params": {
    "tree_method": "hist",
    "device": "cpu",
    "learning_rate": 0.3,
    "max_depth": 6,
    "min_child_weight": 1,
    "subsample": 1.0,
    "colsample_bytree": 1.0,
    "reg_alpha": 0.0,
    "reg_lambda": 1.0,
    "max_bin": 256,
    "n_estimators": 2000,
    "early_stopping_rounds": 50,
    "nthread": 16,
    "objective": "binary:logistic",
    "scale_pos_weight": 9.0,
    "eval_metric": "auc"
  },
  "profile": {
    "n_samples": 590,
    "n_features": 767,
    "n_p_ratio": 0.7692307692307693,
    "sparsity": 0.0,
    "is_sparse_counts": false,
    "binary_feature_fraction": 0.0,
    "feature_signal_strength": 0.15676134560320493,
    "feature_signal_p90": 0.3072138303995246,
    "task": "classification",
    "imbalance_ratio": 9.0,
    "y_skewness": 0.0,
    "y_all_positive": false
  },
  "portfolio_scores": {
    "flaml": NaN,
    "autogluon": NaN,
    "heuristic": 0.9959899749373434,
    "default": 0.9934837092731831
  },
  "decision_cutoff_raw": 0.014910993166267872,
  "decision_cutoff_raw_source": "oof_balanced_accuracy",
  "decision_cutoff_proba": 0.025423944686760576,
  "decision_cutoff_rank": 0.8455008488964346,
  "decision_cutoff_logit": -3.6463111272139055,
  "calibrator": {
    "method": "platt",
    "coef": 5.260821250671282,
    "intercept": -3.7247551969316217
  },
  "ranker": {
    "knots": [
      0.0001918170164572075,
      0.00019451060506980866,
      0.00019605511624831706,
      0.000200194917852059,
      0.00020444804977159947,
      0.00020530010806396604,
      0.00020871208107564598,
      0.00021129706874489784,
      0.00021217182802502066,
      0.00021618757455144078,
      0.00021756536443717778,
      0.0002190897794207558,
      0.00021938493591733277,
      0.0002208235237048939,
      0.00022111933503765613,
      0.0002250714460387826,
      0.0002250714460387826,
      0.00023254800180438906,
      0.0002331598661839962,
      0.00023349645198322833,
      0.0002382244128966704,
      0.0002382244128966704,
      0.00024269518326036632,
      0.00024584366474300623,
      0.0002480935654602945,
      0.00024888108600862324,
      0.00025372541858814657,
      0.000256829836871475,
      0.0002578055136837065,
      0.00025939728948287666,
      0.00025939728948287666,
      0.0002609583316370845,
      0.000264637463260442,
      0.0002657980949152261,
      0.0002660995814949274,
      0.00027042528381571174,
      0.0002715991286095232,
      0.00027259322814643383,
      0.00027610445977188647,
      0.0002780418435577303,
      0.00027944103931076825,
      0.0002829627483151853,
      0.0002842736430466175,
      0.0002842736430466175,
      0.0002842785033863038,
      0.0002852145698852837,
      0.00028604952967725694,
      0.0002884584537241608,
      0.00029448140412569046,
      0.00029500521486625075,
      0.0002951895003207028,
      0.00030618614982813597,
      0.00030679715564474463,
      0.00030751051963306963,
      0.00030751051963306963,
      0.00030751051963306963,
      0.00030808476731181145,
      0.0003135722072329372,
      0.00031560505158267915,
      0.0003170339041389525,
      0.000317219237331301,
      0.0003203282249160111,
      0.0003233473689761013,
      0.0003247183922212571,
      0.0003303148550912738,
      0.0003304524871055037,
      0.0003323776472825557,
      0.00033505773171782494,
      0.0003354169602971524,
      0.0003407111798878759,
      0.0003456001286394894,
      0.0003598196490202099,
      0.0003614118613768369,
      0.0003631367872003466,
      0.00036330908187665045,
      0.0003637679328676313,
      0.00036464445292949677,
      0.00036475397064350545,
      0.0003648028359748423,
      0.00036732383887283504,
      0.00037381076253950596,
      0.00038073473842814565,
      0.00038129938184283674,
      0.0003817725519184023,
      0.0003892676904797554,
      0.0003902415628544986,
      0.0003919480077456683,
      0.00039557897252961993,
      0.00039814895717427135,
      0.00039942056173458695,
      0.00040101667400449514,
      0.00040315513615496457,
      0.0004054729070048779,
      0.0004078939964529127,
      0.0004080548242200166,
      0.0004106404376216233,
      0.0004108475404791534,
      0.0004108869470655918,
      0.0004122778191231191,
      0.00041235287790186703,
      0.00041246809996664524,
      0.000420818425482139,
      0.0004208739846944809,
      0.0004240281996317208,
      0.0004261438734829426,
      0.0004277376283425838,
      0.00042989454232156277,
      0.00043497764272615314,
      0.0004353518015705049,
      0.00043634395115077496,
      0.0004364604246802628,
      0.00043872278183698654,
      0.0004399102181196213,
      0.000440600560978055,
      0.00044233715743757784,
      0.00044398108730092645,
      0.0004454291774891317,
      0.00045127770863473415,
      0.0004577756335493177,
      0.0004584242997225374,
      0.0004593869380187243,
      0.0004618426610250026,
      0.00046377230319194496,
      0.0004664470616262406,
      0.00046924970229156315,
      0.0004707494517788291,
      0.0004747533530462533,
      0.00048058415995910764,
      0.0004881118074990809,
      0.0004902466898784041,
      0.0004918421036563814,
      0.0004943972453474998,
      0.0004952457966282964,
      0.0005026432918384671,
      0.0005032859044149518,
      0.0005049054743722081,
      0.0005056230584159493,
      0.0005092283245176077,
      0.0005146533367224038,
      0.0005175318801775575,
      0.0005193318356759846,
      0.0005233217962086201,
      0.000527814612723887,
      0.0005278252065181732,
      0.0005367982666939497,
      0.0005398415378294885,
      0.0005489826435223222,
      0.0005540200509130955,
      0.000556117738597095,
      0.0005579257849603891,
      0.0005584171158261597,
      0.0005598293500952423,
      0.0005609320942312479,
      0.0005627817590720952,
      0.0005629373481497169,
      0.0005644788616336882,
      0.0005733129801228642,
      0.0005757501348853111,
      0.000576543330680579,
      0.0005812614690512419,
      0.0005931321065872908,
      0.0005965212476439774,
      0.000597134989220649,
      0.0005980944843031466,
      0.0005983373266644776,
      0.0006038325373083353,
      0.0006078516598790884,
      0.0006113840499892831,
      0.0006124127539806068,
      0.0006165398517623544,
      0.0006168693071231246,
      0.0006176817114464939,
      0.0006248867721296847,
      0.0006277986685745418,
      0.0006296427454799414,
      0.0006331848562695086,
      0.0006340022082440555,
      0.0006345922010950744,
      0.0006378659745678306,
      0.0006383193540386856,
      0.0006433853413909674,
      0.0006436248659156263,
      0.0006447781925089657,
      0.0006578621105290949,
      0.0006628265837207437,
      0.0006674032192677259,
      0.0006682563689537346,
      0.0006684560794383287,
      0.0006732431356795132,
      0.0006777821108698845,
      0.0006804752047173679,
      0.0006853212253190577,
      0.0006879298598505557,
      0.0006945659406483173,
      0.0006971561815589666,
      0.0006984592764638364,
      0.0007043320802040398,
      0.0007076420006342232,
      0.000710977939888835,
      0.0007165286806412041,
      0.0007181827095337212,
      0.0007183623965829611,
      0.0007257699035108089,
      0.0007290647481568158,
      0.0007296006660908461,
      0.0007340801530517638,
      0.0007348395884037018,
      0.0007363429176621139,
      0.0007383874035440385,
      0.0007498793420381844,
      0.0007596227806061506,
      0.0007599794189445674,
      0.0007601746474392712,
      0.0007612170302309096,
      0.0007615885115228593,
      0.0007654615328647196,
      0.0007662259740754962,
      0.0007697802502661943,
      0.0007808710797689855,
      0.0007844918291084468,
      0.0007871940033510327,
      0.0007932168082334101,
      0.0007947323611006141,
      0.0007948978454805911,
