{
  "task": "classification",
  "format": "onnx",
  "preset_name": "default",
  "best_iteration": 99,
  "params": {
    "tree_method": "hist",
    "device": "cpu",
    "learning_rate": 0.3,
    "max_depth": 6,
    "min_child_weight": 1,
    "subsample": 1.0,
    "colsample_bytree": 1.0,
    "reg_alpha": 0.0,
    "reg_lambda": 1.0,
    "max_bin": 256,
    "n_estimators": 2000,
    "early_stopping_rounds": 50,
    "nthread": 64,
    "objective": "binary:logistic",
    "scale_pos_weight": 9.0,
    "eval_metric": "auc"
  },
  "profile": {
    "n_samples": 590,
    "n_features": 767,
    "n_p_ratio": 0.7692307692307693,
    "sparsity": 0.0,
    "is_sparse_counts": false,
    "binary_feature_fraction": 0.0,
    "feature_signal_strength": 0.15607700699828053,
    "feature_signal_p90": 0.3063784794109948,
    "task": "classification",
    "imbalance_ratio": 9.0,
    "y_skewness": 0.0,
    "y_all_positive": false
  },
  "portfolio_scores": {
    "flaml": NaN,
    "autogluon": NaN,
    "heuristic": 0.9968253968253968,
    "default": 0.9936507936507937
  },
  "decision_cutoff_raw": 0.04736810177564621,
  "decision_cutoff_raw_source": "oof_balanced_accuracy",
  "decision_cutoff_proba": 0.02808019254747713,
  "decision_cutoff_rank": 0.8743633276740238,
  "decision_cutoff_logit": -3.5442088621980625,
  "calibrator": {
    "method": "platt",
    "coef": 5.40738248940402,
    "intercept": -3.8003463062959995
  },
  "ranker": {
    "knots": [
      0.00017225788906216621,
      0.00019485810480546206,
      0.0002054939977824688,
      0.00021784308773931116,
      0.00021842046407982707,
      0.00022265780717134476,
      0.00022325046302285045,
      0.00022660930699203163,
      0.0002366957487538457,
      0.0002372076705796644,
      0.00024000610574148595,
      0.0002435010828776285,
      0.0002435010828776285,
      0.00024485489120706916,
      0.0002449401072226465,
      0.0002459674724377692,
      0.0002478228707332164,
      0.0002484656870365143,
      0.000250530953053385,
      0.0002576445695012808,
      0.00026135274674743414,
      0.0002617402351461351,
      0.0002630616945680231,
      0.0002630616945680231,
      0.00026408873964101076,
      0.0002682090853340924,
      0.000272091303486377,
      0.00027248956030234694,
      0.00027251007850281894,
      0.0002727749524638057,
      0.00027369061717763543,
      0.00027713485178537667,
      0.00027713485178537667,
      0.00027755132759921253,
      0.00027789844898507,
      0.00027789844898507,
      0.0002781539806164801,
      0.0002824347175192088,
      0.00028480670880526304,
      0.00028480670880526304,
      0.0002848341246135533,
      0.00028778295381926,
      0.00029708707006648183,
      0.00029766117222607136,
      0.00030041809077374637,
      0.00031675866921432316,
      0.0003189921553712338,
      0.0003212288429494947,
      0.0003212288429494947,
      0.0003220672078896314,
      0.00032501385430805385,
      0.00032579313847236335,
      0.00032659704447723925,
      0.0003270141896791756,
      0.000329554924974218,
      0.00033183812047354877,
      0.0003333137137815356,
      0.00033799136872403324,
      0.0003416603140067309,
      0.0003498710866551846,
      0.0003503524058032781,
      0.0003515878925099969,
      0.0003535383439157158,
      0.00035557313822209835,
      0.00035699992440640926,
      0.0003601420612540096,
      0.00036209437530487776,
      0.000365275947842747,
      0.00036836203071288764,
      0.0003689763543661684,
      0.00036977764102630317,
      0.00037318997783586383,
      0.00037632870953530073,
      0.0003774304350372404,
      0.0003777079691644758,
      0.0003838867705781013,
      0.0003895856498274952,
      0.00039024342549964786,
      0.0003929605591110885,
      0.0004045719397254288,
      0.00040765435551293194,
      0.0004087045672349632,
      0.0004111899761483073,
      0.0004138380754739046,
      0.00041487455018796027,
      0.00041958686779253185,
      0.0004210443585179746,
      0.00042190554086118937,
      0.0004219755355734378,
      0.00042608112562447786,
      0.00042894319631159306,
      0.00043033016845583916,
      0.00043214860488660634,
      0.0004329501825850457,
      0.00043377617839723825,
      0.0004341259482316673,
      0.0004361380997579545,
      0.00043941568583250046,
      0.0004403062630444765,
      0.00044270307989791036,
      0.0004451475106179714,
      0.0004461679782252759,
      0.00045228717499412596,
      0.00045748642878606915,
      0.00045922448043711483,
      0.0004593059129547328,
      0.00046290751197375357,
      0.00046325603034347296,
      0.0004643132851924747,
      0.00046792245120741427,
      0.00046884198673069477,
      0.0004696005198638886,
      0.00046973329153843224,
      0.0004716372350230813,
      0.00047206200542859733,
      0.000474110507639125,
      0.00047794380225241184,
      0.0004795558925252408,
      0.00048089848132804036,
      0.00048095834790728986,
      0.00048739646445028484,
      0.0004916871548630297,
      0.0004917082842439413,
      0.0004922625957988203,
      0.0004937591147609055,
      0.0004955236800014973,
      0.0004960574442520738,
      0.0004971736343577504,
      0.0004981829551979899,
      0.0004989508888684213,
      0.0005048118764534593,
      0.0005064661963842809,
      0.0005099702975712717,
      0.0005106890457682312,
      0.0005120482528582215,
      0.0005128434277139604,
      0.0005161025328561664,
      0.0005167623749002814,
      0.0005168564966879785,
      0.0005172226810827851,
      0.0005188590730540454,
      0.0005314970039762557,
      0.0005319538759067655,
      0.0005320776253938675,
      0.0005356301553547382,
      0.0005366455879993737,
      0.0005418711225502193,
      0.0005422529065981507,
      0.000542408786714077,
      0.0005464436253532767,
      0.0005476319347508252,
      0.0005482767010107636,
      0.0005494485376402736,
      0.0005523141589947045,
      0.0005581896402873099,
      0.0005607532802969217,
      0.0005648596561513841,
      0.0005658438894897699,
      0.0005663667107000947,
      0.0005698074237443507,
      0.0005702129565179348,
      0.0005724701914004982,
      0.0005738367326557636,
      0.0005770364659838378,
      0.0005798670463263988,
      0.0005823405226692557,
      0.0005826930864714086,
      0.0005855656345374882,
      0.0005869569722563028,
      0.0005884430138394237,
      0.0005891846376471221,
      0.000589576200582087,
      0.0005907788290642202,
      0.0005957536050118506,
      0.0005978978588245809,
      0.0006093456177040935,
      0.0006119515164755285,
      0.0006137596210464835,
      0.0006226107943803072,
      0.0006233814638108015,
      0.0006407430628314614,
      0.0006453327368944883,
      0.0006462368182837963,
      0.0006526525830850005,
      0.0006587099633179605,
      0.0006593016441911459,
      0.0006657841731794178,
      0.000667234358843416,
      0.000667514861561358,
      0.0006713264738209546,
      0.0006754787173122168,
      0.0006770616164430976,
      0.0006812954670749605,
      0.000684969243593514,
      0.000687577179633081,
      0.0006943236803635955,
      0.0006968313828110695,
      0.0006972256232984364,
      0.0006976114818826318,
      0.0006980281323194504,
      0.0007000082405284047,
      0.0007005665684118867,
      0.0007086279802024364,
      0.0007127984426915646,
      0.000714381574653089,
      0.0007176046492531896,
      0.0007224276196211576,
      0.0007235603407025337,
      0.0007313364185392857,
      0.0007325103506445885,
      0.0007335770642384887,
      0.0007337179267778993,
      0.000751288840547204,
      0.0007599725504405797,
      0.0007649211911484599,
      0.0007659040275029838,
      0.0007689854828640819,
      0.0007705490570515394,
      0.0007724137976765633,
      0.0007736215484328568,
      0.000774687563534826,
      0.0007775650010444224,
      0.0007867230451665819,
      0.000787413096986711,
