{
  "n_components": 27,
  "n_features_in": 768,
  "n_cal_knots": 200,
  "cal_min": 3.0571646690368652,
  "cal_max": 12.714696884155273,
  "scaler": "standard"
}