{
  "n_components": 27,
  "n_features_in": 768,
  "n_cal_knots": 200,
  "cal_min": 3.0560169219970703,
  "cal_max": 12.550891876220703,
  "scaler": "standard"
}