{
  "n_components": 45,
  "n_features_in": 2048,
  "n_cal_knots": 200,
  "cal_min": 2.9648683071136475,
  "cal_max": 108.16381072998047,
  "scaler": "standard"
}