{
  "n_components": 45,
  "n_features_in": 2048,
  "n_cal_knots": 200,
  "cal_min": 2.887460470199585,
  "cal_max": 108.08622741699219,
  "scaler": "standard"
}