{
    "portfolio": [
        "lr",
        "xgb",
        "rf",
        "svc"
    ],
    "max_batch_size": 100000,
    "max_imbalance_ratio": 100,
    "num_batches": 1,
    "population_prior": 0.1,
    "batch_priors": [
        0.1
    ],
    "decision_cutoff_raw": 0.3365096393264357,
    "decision_cutoff_proba": 0.16650198629366902,
    "decision_cutoff_rank": 0.8799621928166351,
    "decision_cutoff_logit": -1.6106240800711755,
    "decision_cutoff_lift": 1.6650198629366901
}