{
    "portfolio": [
        "lr",
        "xgb",
        "rf",
        "svc"
    ],
    "max_batch_size": 100000,
    "max_imbalance_ratio": 100,
    "num_batches": 1,
    "population_prior": 0.1,
    "batch_priors": [
        0.1
    ],
    "decision_cutoff_raw": 0.33616706348419967,
    "decision_cutoff_proba": 0.14888699960155738,
    "decision_cutoff_rank": 0.8705103969754253,
    "decision_cutoff_logit": -1.7433572789002896,
    "decision_cutoff_lift": 1.4888699960155738
}