{
    "portfolio": [
        "lr",
        "xgb",
        "rf",
        "svc"
    ],
    "max_batch_size": 100000,
    "max_imbalance_ratio": 100,
    "num_batches": 1,
    "population_prior": 0.1,
    "batch_priors": [
        0.1
    ],
    "decision_cutoff_raw": 0.428154668956995,
    "decision_cutoff_proba": 0.30261363167733035,
    "decision_cutoff_rank": 0.8979575306560978,
    "decision_cutoff_logit": -0.8348827387810812,
    "decision_cutoff_lift": 3.0261363167733033
}