{
    "portfolio": [
        "lr",
        "xgb",
        "rf",
        "svc"
    ],
    "max_batch_size": 100000,
    "max_imbalance_ratio": 100,
    "num_batches": 1,
    "population_prior": 0.1,
    "batch_priors": [
        0.1
    ],
    "decision_cutoff_raw": 0.43168127089738845,
    "decision_cutoff_proba": 0.29707712967499544,
    "decision_cutoff_rank": 0.8975656953500641,
    "decision_cutoff_logit": -0.8612553697858932,
    "decision_cutoff_lift": 2.9707712967499544
}