{
    "portfolio": [
        "lr",
        "xgb",
        "rf",
        "svc"
    ],
    "max_batch_size": 100000,
    "max_imbalance_ratio": 100,
    "num_batches": 1,
    "population_prior": 0.5,
    "batch_priors": [
        0.5
    ],
    "decision_cutoff_raw": 0.45291492794786026,
    "decision_cutoff_proba": 0.4040865187241077,
    "decision_cutoff_rank": 0.4575471698113208,
    "decision_cutoff_logit": -0.38846648059244304,
    "decision_cutoff_lift": 0.8081730374482154
}