{
  "mode": "slow",
  "descriptor_types": [
    "chemeleon"
  ],
  "n_compounds": 266,
  "n_actives": 133,
  "ratio_actives": 0.5,
  "population_prior": 0.5,
  "portfolio": [
    "lr",
    "xgb",
    "rf",
    "svc"
  ],
  "num_batches": {
    "chemeleon": 1
  },
  "decision_cutoff_raw": 0.5595293365285576,
  "decision_cutoff_proba": 0.5412097425009095,
  "decision_cutoff_rank": 0.4822601870061892,
  "oof_aucs": {
    "chemeleon": 0.9631409350443778
  },
  "proxy_aucs": {
    "chemeleon": 0.9584487534626039
  },
  "train_aucs": {
    "chemeleon": 1.0
  },
  "quality_aucs": {
    "chemeleon": 0.9262818700887556
  },
  "active_descriptors": {
    "chemeleon": true
  },
  "ad_hard_cutoffs": {
    "chemeleon": 0.051249999552965164
  },
  "rank_error_curves": {
    "chemeleon": [
      [
        0.017339996735056085,
        0.06461555590833573,
        0.08461258949642564,
        0.11325583849134943,
        0.13337537354660475,
        0.1724308191461392,
        0.20426638279418802,
        0.2751739153506339,
        0.3525012040916423,
        0.4497180244107427,
        0.59769896331425,
        0.706933994799947,
        0.7546101404895353,
        0.7945711820855329,
        0.8319600503089093,
        0.8568588063861231,
        0.8749271488107602,
        0.9170640300356476,
        0.951286952329354,
        0.9887074370323601
      ],
      [
        0.0901900150274242,
        0.09303756838685787,
        0.0951082149733161,
        0.09480889062441146,
        0.09504692578091029,
        0.09555592130798471,
        0.0985442136983339,
        0.1092935596809646,
        0.1617832583513209,
        0.3532811248178656,
        0.2699485414184698,
        0.15932127563625686,
        0.13569344335609507,
        0.12639250154052034,
        0.12270142169506446,
        0.11874666774856431,
        0.11694161880515923,
        0.11335148435669584,
        0.11049159647907515,
        0.10460480037215011
      ]
    ]
  },
  "decision_cutoff_logit": 0.16521374751429094,
  "decision_cutoff_lift": 1.082419485001819
}