{
  "mode": "slow",
  "descriptor_types": [
    "chemeleon",
    "rdkit",
    "morgan"
  ],
  "n_compounds": 266,
  "n_actives": 133,
  "ratio_actives": 0.5,
  "population_prior": 0.5,
  "portfolio": [
    "lr",
    "xgb",
    "rf",
    "svc"
  ],
  "num_batches": {
    "chemeleon": 1,
    "rdkit": 1,
    "morgan": 1
  },
  "decision_cutoff_raw": 0.46869550626757445,
  "decision_cutoff_proba": 0.4287825290376254,
  "decision_cutoff_rank": 0.45105991897375475,
  "oof_aucs": {
    "chemeleon": 0.9619537565718809,
    "rdkit": 0.965119565831873,
    "morgan": 0.9673243258522246
  },
  "proxy_aucs": {
    "chemeleon": 0.9564135903668947,
    "rdkit": 0.9579399626886765,
    "morgan": 0.9497993103058398
  },
  "train_aucs": {
    "chemeleon": 1.0,
    "rdkit": 1.0,
    "morgan": 0.9999434676917858
  },
  "quality_aucs": {
    "chemeleon": 0.9239075131437617,
    "rdkit": 0.9302391316637459,
    "morgan": 0.9347051840126634
  },
  "active_descriptors": {
    "chemeleon": true,
    "rdkit": true,
    "morgan": true
  },
  "ad_hard_cutoffs": {
    "chemeleon": 0.051249999552965164,
    "rdkit": 0.051249999552965164,
    "morgan": 0.051249999552965164
  },
  "rank_error_curves": {
    "chemeleon": [
      [
        0.017807394368312492,
        0.0635258610501207,
        0.08240414771110081,
        0.10113896895756047,
        0.11971103505133948,
        0.1517275397279468,
        0.1879419759314549,
        0.26697150790473245,
        0.3535409105246955,
        0.4448508493583652,
        0.6055208703588175,
        0.7164554776253769,
        0.7624401799211307,
        0.7971121525083327,
        0.8407831823731602,
        0.8577750076272975,
        0.8816608340941766,
        0.9168064156640809,
        0.9517306517973079,
        0.9886893724452555
      ],
      [
        0.09012762200391891,
        0.09220875984366812,
        0.09442200402720682,
        0.09401566076109819,
        0.0937297051178388,
        0.09587103750788697,
        0.09678691585315889,
        0.10584216193949948,
        0.16038475047300407,
        0.35091461165449045,
        0.2766776346536918,
        0.15782140994558927,
        0.13650927474834593,
        0.12761368072496293,
        0.12420360783217857,
        0.11926459682557787,
        0.11720783372463658,
        0.11427210059116263,
        0.11024416740904816,
        0.1061796564454663
      ]
    ],
    "rdkit": [
      [
        0.07307269303299206,
        0.10414605561742135,
        0.11515797316944278,
        0.13979315099496578,
        0.18081924498248336,
        0.18918171052784988,
        0.21753008638362545,
        0.2945077391254147,
        0.3385548981231849,
        0.43422435743688254,
        0.4656239570824733,
        0.5428580506831963,
        0.5804599218681614,
        0.5972358077435211,
        0.6243650418931447,
        0.6381294913668479,
        0.6555622317114876,
        0.6698095278518209,
        0.692328364895851,
        0.7100917701057753
      ],
      [
        0.14354164483003812,
        0.15379593469331926,
        0.2119352927616179,
        0.24207759638324397,
        0.29240979687509555,
        0.27688442366901017,
        0.2943793275086139,
        0.3019061987766427,
        0.30722045053877717,
        0.3423967424929677,
        0.3126069997359618,
        0.27602654086436756,
        0.2758214448012581,
        0.27478005873072225,
        0.27020656837143553,
        0.26906279684341566,
        0.2671904321616149,
        0.2659137131366575,
        0.264792555734333,
        0.2647685551126813
      ]
    ],
    "morgan": [
      [
        0.05540674187750397,
        0.08690384256082638,
        0.10890563182281834,
        0.11747864479413805,
        0.13571861000349575,
        0.15241977877324114,
        0.18405183141512993,
        0.26988583020608214,
        0.37967052717854544,
        0.4281810385428977,
        0.5793364879087589,
        0.706344632224937,
        0.7455859189383783,
        0.7950462326307416,
        0.8250911314561008,
        0.8594159665934545,
        0.9014210946714094,
        0.9215939792557661,
        0.9479560318352279,
        0.9934552136817882
      ],
      [
        0.0965006467539946,
        0.09562064679108545,
        0.09790324979479477,
        0.09816970442142955,
        0.09934308283860588,
        0.10003786702001785,
        0.10236947988528335,
        0.11891782673777246,
        0.1940098467107577,
        0.30468233541019835,
        0.298357306552279,
        0.15803636994599987,
        0.13884001416781208,
        0.13635764862778751,
        0.12631966663134214,
        0.12442944088436181,
        0.12293368549893811,
        0.12129402219905808,
        0.11805544233799818,
        0.11333156315656288
      ]
    ]
  },
  "decision_cutoff_logit": -0.28682013189862476,
  "decision_cutoff_lift": 0.8575650580752509
}