{
  "mode": "slow",
  "descriptor_types": [
    "chemeleon",
    "clamp"
  ],
  "n_compounds": 2830,
  "n_actives": 283,
  "ratio_actives": 0.1,
  "population_prior": 0.1,
  "portfolio": [
    "lr",
    "xgb",
    "rf",
    "svc"
  ],
  "num_batches": {
    "chemeleon": 1,
    "clamp": 1
  },
  "decision_cutoff_raw": 0.2618640123978054,
  "decision_cutoff_proba": 0.09191820037733706,
  "decision_cutoff_rank": 0.8952515612112644,
  "oof_aucs": {
    "chemeleon": 0.9996961713427146,
    "clamp": 0.9997377917067263
  },
  "proxy_aucs": {
    "chemeleon": 0.9988769438444176,
    "clamp": 0.9990538303914673
  },
  "train_aucs": {
    "chemeleon": 1.0,
    "clamp": 1.0
  },
  "quality_aucs": {
    "chemeleon": 0.9993923426854292,
    "clamp": 0.9994755834134526
  },
  "active_descriptors": {
    "chemeleon": true,
    "clamp": true
  },
  "ad_hard_cutoffs": {
    "chemeleon": 0.05000000074505806,
    "clamp": 0.05000000074505806
  },
  "rank_error_curves": {
    "chemeleon": [
      [
        0.21486192001407708,
        0.29039015061584944,
        0.3217268813220034,
        0.34719917422994107,
        0.36936054114271966,
        0.39635685557646616,
        0.4153568701111593,
        0.4359387026634928,
        0.4579960295042332,
        0.4782631754863883,
        0.5038730779442147,
        0.5299019676280733,
        0.5545622365010706,
        0.5826948579322236,
        0.6192589827960431,
        0.6614736767569924,
        0.7292954986956027,
        0.8834617176678307,
        0.9739711480128896,
        0.9999566606614313
      ],
      [
        0.0038908473444474435,
        0.003932760671208441,
        0.003991198956895758,
        0.004028826894504473,
        0.004039246050339222,
        0.004125851855339011,
        0.004152377538402366,
        0.004208167909889511,
        0.004291896418168906,
        0.004367345887277325,
        0.0044332376620644385,
        0.004601886021543332,
        0.004714155747271587,
        0.004894187013579135,
        0.005379662129228562,
        0.005480128348461326,
        0.005764558776440077,
        0.05252465612808846,
        0.05784610799560799,
        0.04724861027929369
      ]
    ],
    "clamp": [
      [
        0.27331101575537436,
        0.29032435784922805,
        0.31019303009720245,
        0.33202991924844216,
        0.35303078170904156,
        0.3759409235141636,
        0.396185874740271,
        0.4169941575781572,
        0.44221286173916885,
        0.4655512961727268,
        0.4906150348499144,
        0.5176624640793164,
        0.5455523330386018,
        0.5744783430246573,
        0.6229376112650649,
        0.6738650704697673,
        0.7420727551940767,
        0.865404198390793,
        0.965317514804618,
        0.9994298228738521
      ],
      [
        0.002949287449254384,
        0.003004805597771797,
        0.0030574159872969885,
        0.003112922945473058,
        0.003180468205518833,
        0.003258353712478691,
        0.003331683191668666,
        0.0034001858367824944,
        0.0035124406878064974,
        0.003635278196864525,
        0.0038328828434886475,
        0.004170478564369767,
        0.0054910256636720445,
        0.004702837417934993,
        0.005098550573126825,
        0.005343929614024691,
        0.005989706390606562,
        0.05003297106147411,
        0.058790622510225966,
        0.04202100004641095
      ]
    ]
  },
  "decision_cutoff_logit": -2.290435407025324,
  "decision_cutoff_lift": 0.9191820037733706
}