{
  "mode": "slow",
  "descriptor_types": [
    "chemeleon",
    "clamp"
  ],
  "n_compounds": 2830,
  "n_actives": 283,
  "ratio_actives": 0.1,
  "population_prior": 0.1,
  "portfolio": [
    "lr",
    "xgb",
    "rf",
    "svc"
  ],
  "num_batches": {
    "chemeleon": 1,
    "clamp": 1
  },
  "decision_cutoff_raw": 0.31639137118284855,
  "decision_cutoff_proba": 0.1219809273675273,
  "decision_cutoff_rank": 0.8954283021091081,
  "oof_aucs": {
    "chemeleon": 0.999536626614003,
    "clamp": 0.9997586018887321
  },
  "proxy_aucs": {
    "chemeleon": 0.9991495572286941,
    "clamp": 0.9992314106112505
  },
  "train_aucs": {
    "chemeleon": 1.0,
    "clamp": 1.0
  },
  "quality_aucs": {
    "chemeleon": 0.999073253228006,
    "clamp": 0.9995172037774642
  },
  "active_descriptors": {
    "chemeleon": true,
    "clamp": true
  },
  "ad_hard_cutoffs": {
    "chemeleon": 0.05224998667836189,
    "clamp": 0.05000000074505806
  },
  "rank_error_curves": {
    "chemeleon": [
      [
        0.1978313457525257,
        0.2654547477407105,
        0.3011276887319026,
        0.3348334165627509,
        0.35735022084950524,
        0.38150400152116437,
        0.4041013941645696,
        0.42497576951856875,
        0.4461313275315465,
        0.46785707712433894,
        0.4915663243763275,
        0.5171989487023916,
        0.5420607303241496,
        0.5696816550799141,
        0.5997782909996086,
        0.647639137350926,
        0.7178793382380644,
        0.8863716402875268,
        0.9756863348921675,
        0.9998773971581203
      ],
      [
        0.0036033708932823347,
        0.0036532750713163353,
        0.003706954628103315,
        0.003741936261426765,
        0.0037655519568552294,
        0.0037681765417571064,
        0.0038325961163949178,
        0.0038595798472299304,
        0.0039280633962136095,
        0.00391883457085874,
        0.004068042407517374,
        0.0041958806042244785,
        0.0043304921689535855,
        0.004450924112918933,
        0.004457927649027735,
        0.0047086817561787205,
        0.005407202560671829,
        0.05765929063985305,
        0.05675707230535106,
        0.046944889606325584
      ]
    ],
    "clamp": [
      [
        0.2715732302172758,
        0.30597842875893805,
        0.33826369422703195,
        0.3637176583637928,
        0.38743230363904513,
        0.4102380287734849,
        0.4356230328178528,
        0.45717326791483,
        0.48241023967754004,
        0.5069985025406201,
        0.5284607561544178,
        0.5509316088250416,
        0.5742066418468625,
        0.6047774532146428,
        0.6385350158654866,
        0.6847214921628061,
        0.7393978262203762,
        0.8673646441654641,
        0.965286113892499,
        0.999137016426316
      ],
      [
        0.002992311360377705,
        0.003065158526197467,
        0.0031295203306061768,
        0.003191301251695903,
        0.0032447939831842156,
        0.00330664987720891,
        0.003378225003149894,
        0.003498198662971311,
        0.0036431634442612142,
        0.003707271513710433,
        0.003916213001702174,
        0.004656163452276762,
        0.004549377357434207,
        0.004667522314505587,
        0.004879899342676375,
        0.005378066046876162,
        0.006401383539611037,
        0.048345520766126006,
        0.05442700968394671,
        0.03889533144855047
      ]
    ]
  },
  "decision_cutoff_logit": -1.9738036167562918,
  "decision_cutoff_lift": 1.219809273675273
}