{
  "n_components": 27,
  "n_features_in": 768,
  "n_cal_knots": 200,
  "cal_min": 2.979978561401367,
  "cal_max": 11.559868812561035,
  "scaler": "standard"
}