{
  "n_components": 27,
  "n_features_in": 768,
  "n_cal_knots": 200,
  "cal_min": 2.9920742511749268,
  "cal_max": 10.520004272460938,
  "scaler": "standard"
}