{
    "portfolio": [
        "lr",
        "xgb",
        "rf",
        "svc"
    ],
    "max_batch_size": 100000,
    "max_imbalance_ratio": 100,
    "num_batches": 1,
    "population_prior": 0.4153846153846154,
    "batch_priors": [
        0.4153846153846154
    ],
    "decision_cutoff_raw": 0.43685208869560943,
    "decision_cutoff_proba": 0.41117489379343397,
    "decision_cutoff_rank": 0.556201550387597,
    "decision_cutoff_logit": -0.3591105497956087,
    "decision_cutoff_lift": 0.9898654850582669
}