{
    "portfolio": [
        "lr",
        "xgb",
        "rf",
        "svc"
    ],
    "max_batch_size": 100000,
    "max_imbalance_ratio": 100,
    "num_batches": 1,
    "population_prior": 0.1,
    "batch_priors": [
        0.1
    ],
    "decision_cutoff_raw": 0.26771773385590913,
    "decision_cutoff_proba": 0.09270043033630311,
    "decision_cutoff_rank": 0.8521650879566982,
    "decision_cutoff_logit": -2.2810995670630567,
    "decision_cutoff_lift": 0.9270043033630311
}