{
  "task": "classification",
  "format": "onnx",
  "preset_name": "heuristic",
  "use_linear": false,
  "n_features_in": 1068,
  "classes": [
    0,
    1
  ],
  "params": {
    "C": 0.432435,
    "class_weight": "balanced",
    "max_iter": 5000,
    "tol": 0.001,
    "random_state": 42,
    "use_linear": false,
    "kernel": "rbf",
    "gamma": "scale"
  },
  "profile": {
    "n_samples": 187,
    "n_features": 1068,
    "n_p_ratio": 0.1750936329588015,
    "sparsity": 0.9485469366500431,
    "is_sparse_counts": false,
    "binary_feature_fraction": 0.6919475655430711,
    "feature_signal_strength": 0.11073422595968886,
    "feature_signal_p90": 0.2247304850300368,
    "task": "classification",
    "imbalance_ratio": 1.75,
    "y_skewness": 0.0,
    "y_all_positive": false
  },
  "portfolio_scores": {},
  "decision_cutoff_raw": 0.49503563646920296,
  "decision_cutoff_raw_source": "oof_balanced_accuracy",
  "decision_cutoff_proba": 0.3952762170415202,
  "decision_cutoff_rank": 0.5913978494623656,
  "decision_cutoff_logit": -0.42518699251784464,
  "calibrator": {
    "method": "platt",
    "coef": 6.106544023838092,
    "intercept": -3.4481438999857423
  },
  "ranker": {
    "knots": [
      0.2321392018824732,
      0.2534638957512596,
      0.25573721941703503,
      0.25620446501712796,
      0.257481862091334,
      0.25772395846083146,
      0.2593936512951351,
      0.2597946959787176,
      0.26041475314455875,
      0.261397630175849,
      0.263267409217329,
      0.26540485090148924,
      0.2706978798813731,
      0.27331685626727686,
      0.2757758760949068,
      0.2758871322353344,
      0.2773833157545607,
      0.27984368795382564,
      0.2818665822715513,
      0.2832318805411692,
      0.2833062929082545,
      0.28338437092662877,
      0.28389804217471537,
      0.284343114941528,
      0.28717553518090433,
      0.2877652474038168,
      0.2886971448703836,
      0.2899438639997648,
      0.2902182870208124,
      0.29050376729360544,
      0.29054429953332495,
      0.2912684591366233,
      0.2914715191999466,
      0.29194580672903825,
      0.2949923012877757,
      0.29547569345830516,
      0.2955743867856356,
      0.29564737329950974,
      0.2960347593402615,
      0.2964379351192143,
      0.29853849381354264,
      0.29869019211446235,
      0.2989858660350034,
      0.2995111059661222,
      0.3009238620415792,
      0.30098423956344655,
      0.3011443438894028,
      0.3029258788361386,
      0.3029270838927855,
      0.30483673311344506,
      0.3054447225853156,
      0.30616516185006976,
      0.30668020890258474,
      0.30801885562100073,
      0.3085312752426531,
      0.30936619274042976,
      0.31467300047966135,
      0.3164390059111574,
      0.3165270106681214,
      0.31772167827927295,
      0.31946588562274875,
      0.319920106894135,
      0.3203408694979587,
      0.321683308313914,
      0.3260130634382484,
      0.32719165445067505,
      0.33076604503985074,
      0.3321224234137554,
      0.332492882096003,
      0.33390015242177196,
      0.3349755794711571,
      0.3413006604916319,
      0.34679424747611937,
      0.34835922914625445,
      0.35099511117077986,
      0.3531981937398519,
      0.3543547776727914,
      0.35817508235316337,
      0.3608833354024484,
      0.3628218983593545,
      0.3690075847781613,
      0.37083687331317444,
      0.37124993051574784,
      0.3722296346448046,
      0.3727986071725915,
      0.3744099491943705,
      0.3755227306251693,
      0.3760509000916154,
      0.3810666854167082,
      0.38283955389600777,
      0.3852718095259037,
      0.38805786304573525,
      0.3881620190563077,
      0.3897924252274631,
      0.39493567376741273,
      0.3970774137512012,
      0.402830758592384,
      0.40315318472596645,
      0.4133393298409358,
      0.42235022447604853,
      0.4239859956661929,
      0.42625650359936273,
      0.4292881590153477,
      0.4388084371620531,
      0.44018464673316055,
      0.4524593136684295,
      0.45913803119412583,
      0.4650922584229403,
      0.4778471793791027,
      0.48339642322366055,
      0.49503563646920296,
      0.4994408271796487,
      0.500060747974239,
      0.5071970501721215,
      0.5090091595364088,
      0.5099167877397105,
      0.5142250515517645,
      0.5224505891485859,
      0.5226018255477483,
      0.5226044611472541,
      0.5276826422848202,
      0.5315868085326086,
      0.5395693529938215,
      0.5455991489943113,
      0.5456689332319351,
      0.5460333898866322,
      0.5487915335906531,
      0.5551339413997564,
      0.5735083982657453,
      0.5777144370165042,
      0.5800590098607558,
      0.588390297651636,
      0.5885645990108804,
      0.5937988116092388,
      0.6050795312612526,
      0.6133318963646979,
      0.6246624567291914,
      0.625362135839782,
      0.6256065700765874,
      0.6312491795306353,
      0.6356384882317869,
      0.6407605649524327,
      0.6441725095541397,
      0.6451686065155934,
      0.6451823068598044,
      0.6457670436978089,
      0.6518428973481133,
      0.6527693092597238,
      0.6549387595249241,
      0.6553389196531975,
      0.6575616530953746,
      0.6622747278967234,
      0.6633866508452317,
      0.6636230027963952,
      0.6654642480240449,
      0.6691259827364434,
      0.6736245207106807,
      0.6745440531869136,
      0.6750400496432958,
      0.6760790095666387,
      0.6769504382367771,
      0.6777107029955902,
      0.6794755115351081,
      0.6816661039363286,
      0.6837030969872586,
      0.6844075545597219,
      0.6894832939076722,
      0.6937302034397159,
      0.6945024140955959,
      0.6966410911168488,
      0.6979669657768889,
      0.6993540854659728,
      0.6996986143795157,
      0.7023107695512429,
      0.7023107695512429,
      0.7025194720110628,
      0.7034782390178302,
      0.7057410496225263,
      0.7141295667993969,
      0.7155649903918304,
      0.7221550584707103,
      0.7256379422849335,
      0.7290522966905135,
      0.7310476076302318,
      0.7310659478044962,
      0.7310681855246576,
      0.7361328584226342
    ]
  }
}