{
  "task": "classification",
  "format": "onnx",
  "preset_name": "heuristic",
  "best_iteration": 103,
  "params": {
    "tree_method": "hist",
    "device": "cpu",
    "learning_rate": 0.1,
    "n_estimators": 2000,
    "early_stopping_rounds": 50,
    "max_depth": 3,
    "min_child_weight": 1,
    "subsample": 1.0,
    "colsample_bytree": 0.5,
    "colsample_bynode": 0.061,
    "reg_alpha": 0.3,
    "reg_lambda": 2.125,
    "gamma": 0.05,
    "max_bin": 128,
    "nthread": 64,
    "objective": "binary:logistic",
    "scale_pos_weight": 1.75,
    "eval_metric": "auc"
  },
  "profile": {
    "n_samples": 187,
    "n_features": 1068,
    "n_p_ratio": 0.1750936329588015,
    "sparsity": 0.9485469366500431,
    "is_sparse_counts": false,
    "binary_feature_fraction": 0.6919475655430711,
    "feature_signal_strength": 0.11073422595968886,
    "feature_signal_p90": 0.2247304850300368,
    "task": "classification",
    "imbalance_ratio": 1.75,
    "y_skewness": 0.0,
    "y_all_positive": false
  },
  "portfolio_scores": {},
  "decision_cutoff_raw": 0.3398527503013611,
  "decision_cutoff_raw_source": "oof_balanced_accuracy",
  "decision_cutoff_proba": 0.2281347033828797,
  "decision_cutoff_rank": 0.5698924731182796,
  "decision_cutoff_logit": -1.2188737897438673,
  "calibrator": {
    "method": "platt",
    "coef": 5.189558478251717,
    "intercept": -2.9825595114274592
  },
  "ranker": {
    "knots": [
      0.014616377651691437,
      0.017993871122598648,
      0.019940773025155067,
      0.020804325118660927,
      0.020804325118660927,
      0.023686924949288368,
      0.023823460564017296,
      0.0248427577316761,
      0.025258563458919525,
      0.027500955387949944,
      0.028520328924059868,
      0.0295817069709301,
      0.0316329188644886,
      0.031655047088861465,
      0.031984955072402954,
      0.032935746014118195,
      0.03415800258517265,
      0.03567865863442421,
      0.0360306017100811,
      0.036438729614019394,
      0.0370652973651886,
      0.037079475820064545,
      0.037106454372406006,
      0.038629475980997086,
      0.038662899285554886,
      0.03884603828191757,
      0.040345799177885056,
      0.04069291800260544,
      0.041921358555555344,
      0.04205445572733879,
      0.04421074688434601,
      0.044530343264341354,
      0.04460978880524635,
      0.04760754108428955,
      0.04879921302199364,
      0.05019887909293175,
      0.051732588559389114,
      0.05249376595020294,
      0.052524320781230927,
      0.05347602814435959,
      0.053523559123277664,
      0.05386482924222946,
      0.05532105639576912,
      0.055583808571100235,
      0.05560058727860451,
      0.05717483162879944,
      0.05779910460114479,
      0.06097825616598129,
      0.06455178558826447,
      0.06529425829648972,
      0.0668058916926384,
      0.06774492561817169,
      0.06857695430517197,
      0.06944528222084045,
      0.07019705325365067,
      0.07068388909101486,
      0.07101414352655411,
      0.07155640423297882,
      0.07311340421438217,
      0.07316983491182327,
      0.07399718463420868,
      0.07413432002067566,
      0.07438138127326965,
      0.07641706615686417,
      0.0773891732096672,
      0.078892782330513,
      0.0835283175110817,
      0.08407468348741531,
      0.08471556752920151,
      0.09009624272584915,
      0.09066587686538696,
      0.09081876277923584,
      0.09334873408079147,
      0.09343458712100983,
      0.09463614225387573,
      0.0958162248134613,
      0.09679267555475235,
      0.09795355051755905,
      0.0988321602344513,
      0.0997256264090538,
      0.10518032312393188,
      0.10862791538238525,
      0.10898259282112122,
      0.11534186452627182,
      0.12077660858631134,
      0.12368635088205338,
      0.13094565272331238,
      0.13581469655036926,
      0.13627247512340546,
      0.14354240894317627,
      0.1442612111568451,
      0.14751246571540833,
      0.16826795041561127,
      0.16916266083717346,
      0.18002334237098694,
      0.18041183054447174,
      0.18956153094768524,
      0.19238342344760895,
      0.23433321714401245,
      0.2633489966392517,
      0.27464428544044495,
      0.2973729372024536,
      0.309714674949646,
      0.3134973347187042,
      0.32903996109962463,
      0.3358176052570343,
      0.3398527503013611,
      0.35527491569519043,
      0.3905866742134094,
      0.40363818407058716,
      0.41940826177597046,
      0.44526728987693787,
      0.46563488245010376,
      0.5562629103660583,
      0.5622406601905823,
      0.579194962978363,
      0.5854061841964722,
      0.5975993871688843,
      0.6011857390403748,
      0.6176794767379761,
      0.6284128427505493,
      0.6452231407165527,
      0.6612825989723206,
      0.6625838279724121,
      0.6682577133178711,
      0.6964948773384094,
      0.696914553642273,
      0.7427493333816528,
      0.7591655850410461,
      0.7704381346702576,
      0.7763738632202148,
      0.7763738632202148,
      0.783814549446106,
      0.7873381972312927,
      0.7876984477043152,
      0.7966289520263672,
      0.8035141229629517,
      0.8219593167304993,
      0.8245803117752075,
      0.8251477479934692,
      0.8277148008346558,
      0.8290242552757263,
      0.8293732404708862,
      0.8293732404708862,
      0.8361778259277344,
      0.8483138084411621,
      0.8508133888244629,
      0.852855920791626,
      0.8588157892227173,
      0.8604690432548523,
      0.8674957156181335,
      0.8715808391571045,
      0.8758423924446106,
      0.8850081562995911,
      0.8853437304496765,
      0.8898699283599854,
      0.8900092840194702,
      0.9018269777297974,
      0.9052011966705322,
      0.914929211139679,
      0.914929211139679,
      0.9150885939598083,
      0.9179849624633789,
      0.9216737151145935,
      0.9238846898078918,
      0.9307700395584106,
      0.933194637298584,
      0.9339566230773926,
      0.9350619316101074,
      0.9350752830505371,
      0.9352056980133057,
      0.9363473653793335,
      0.9373565316200256,
      0.9382590055465698,
      0.9384007453918457,
      0.9427303671836853,
      0.9499430656433105,
      0.9534928798675537,
      0.959258496761322,
      0.9599611759185791,
      0.9602681994438171,
      0.9622957110404968,
      0.962509036064148,
      0.9636823534965515,
      0.969261109828949,
      0.9712082147598267,
      0.9788991808891296
    ]
  }
}