{
  "mode": "slow",
  "descriptor_types": [
    "chemeleon",
    "clamp"
  ],
  "n_compounds": 900,
  "n_actives": 90,
  "ratio_actives": 0.1,
  "population_prior": 0.1,
  "portfolio": [
    "lr",
    "xgb",
    "rf",
    "svc"
  ],
  "num_batches": {
    "chemeleon": 1,
    "clamp": 1
  },
  "decision_cutoff_raw": 0.3309413970382044,
  "decision_cutoff_proba": 0.15025113600081774,
  "decision_cutoff_rank": 0.8848720800889878,
  "oof_aucs": {
    "chemeleon": 0.9912071330589851,
    "clamp": 0.9962688614540467
  },
  "proxy_aucs": {
    "chemeleon": 0.9956584362139917,
    "clamp": 0.995034293552812
  },
  "train_aucs": {
    "chemeleon": 1.0,
    "clamp": 1.0
  },
  "quality_aucs": {
    "chemeleon": 0.9824142661179702,
    "clamp": 0.9925377229080934
  },
  "active_descriptors": {
    "chemeleon": true,
    "clamp": true
  },
  "ad_hard_cutoffs": {
    "chemeleon": 0.05000000074505806,
    "clamp": 0.054750002920627594
  },
  "rank_error_curves": {
    "chemeleon": [
      [
        0.13240124462029293,
        0.17263176929332555,
        0.18547533085992315,
        0.1944467521933725,
        0.203747576301369,
        0.21745915522529133,
        0.23109831201440117,
        0.25363090830547586,
        0.2736511397055473,
        0.2962899623692528,
        0.32057196829732215,
        0.3452548549995534,
        0.36866129844476575,
        0.4050750393632274,
        0.45453019587393456,
        0.530319759351667,
        0.6212180018918114,
        0.7067556649986102,
        0.9595573618794545,
        0.9928463132689083
      ],
      [
        0.012449070745978624,
        0.013131964238077533,
        0.013889570365087783,
        0.013846519433847923,
        0.013791244098410593,
        0.013789047330027948,
        0.013857706751767555,
        0.013817689942573264,
        0.013893936303293077,
        0.014075582116836158,
        0.013916861017943741,
        0.013903357435208319,
        0.01386730009472256,
        0.01390457003477989,
        0.01394459220325263,
        0.01428351397703181,
        0.014721322838208135,
        0.15030278191706853,
        0.18493742290256504,
        0.14742777454638045
      ]
    ],
    "clamp": [
      [
        0.1456759744133762,
        0.17767111417676437,
        0.20400540184707466,
        0.23108157135440183,
        0.25400966754114085,
        0.28134010296490053,
        0.3053727903458103,
        0.3325095810830621,
        0.36554225422203507,
        0.38859867858308406,
        0.42452622555566677,
        0.46312136447355057,
        0.5041261805065937,
        0.5405940166811589,
        0.6018153470822789,
        0.672381619446659,
        0.7687986317017266,
        0.8918825641655607,
        0.9661019866380269,
        0.9978510719788023
      ],
      [
        0.01367631715773191,
        0.014012566475521373,
        0.01427237592360937,
        0.014481381451185145,
        0.014542550826967286,
        0.014770433222287707,
        0.014902842627640363,
        0.014974682458248371,
        0.015097981304155803,
        0.015279737297949089,
        0.015433116658515201,
        0.015839470809292322,
        0.01620167514380499,
        0.016220947777551162,
        0.01628944945933536,
        0.017077865216150227,
        0.021940058050656342,
        0.172506476805889,
        0.16163036092700572,
        0.14718382315314246
      ]
    ]
  },
  "decision_cutoff_logit": -1.7326327175862957,
  "decision_cutoff_lift": 1.5025113600081774
}