{
  "mode": "slow",
  "descriptor_types": [
    "chemeleon",
    "clamp",
    "rdkit"
  ],
  "n_compounds": 900,
  "n_actives": 90,
  "ratio_actives": 0.1,
  "population_prior": 0.1,
  "portfolio": [
    "lr",
    "xgb",
    "rf",
    "svc"
  ],
  "num_batches": {
    "chemeleon": 1,
    "clamp": 1,
    "rdkit": 1
  },
  "decision_cutoff_raw": 0.3308365310492707,
  "decision_cutoff_proba": 0.11894265610794978,
  "decision_cutoff_rank": 0.8437770362130763,
  "oof_aucs": {
    "chemeleon": 0.988957475994513,
    "clamp": 0.9960768175582991,
    "rdkit": 0.9954183813443074
  },
  "proxy_aucs": {
    "chemeleon": 0.9945404663923183,
    "clamp": 0.9953772290809328,
    "rdkit": 0.9946227709190673
  },
  "train_aucs": {
    "chemeleon": 1.0,
    "clamp": 1.0,
    "rdkit": 0.999965706447188
  },
  "quality_aucs": {
    "chemeleon": 0.977914951989026,
    "clamp": 0.9921536351165983,
    "rdkit": 0.9908710562414268
  },
  "active_descriptors": {
    "chemeleon": true,
    "clamp": true,
    "rdkit": true
  },
  "ad_hard_cutoffs": {
    "chemeleon": 0.05000000074505806,
    "clamp": 0.054999999701976776,
    "rdkit": 0.05000000074505806
  },
  "rank_error_curves": {
    "chemeleon": [
      [
        0.16850587004732706,
        0.22605239453342207,
        0.24574220141534556,
        0.2592162488462819,
        0.272725195921602,
        0.28557265794004166,
        0.3013457540756881,
        0.31623741802972466,
        0.3336033941840564,
        0.35358431339003427,
        0.3746532301926788,
        0.39713267167026267,
        0.4226657013367418,
        0.4524495460186616,
        0.49802530727131733,
        0.5489728806500376,
        0.6257205754997778,
        0.7141897226237343,
        0.9605032638071249,
        0.987863659587352
      ],
      [
        0.013721232197238914,
        0.01472234675878644,
        0.015182455369323446,
        0.015211384291759746,
        0.01523065139056921,
        0.015286947413271692,
        0.015342223230849937,
        0.015267944627292628,
        0.01524132453298169,
        0.01536140500207876,
        0.015327574327652785,
        0.015534607583860984,
        0.015487212868843497,
        0.015549453892800555,
        0.01561033552823419,
        0.015682223640919004,
        0.01673802711771503,
        0.14970989405192098,
        0.19293781241724595,
        0.15345115868747464
      ]
    ],
    "clamp": [
      [
        0.14052986369965909,
        0.1778707937223485,
        0.21107554305860474,
        0.23965738518458943,
        0.2591784417371811,
        0.28577652995507474,
        0.31042884499126544,
        0.3339436933199906,
        0.3584615683643638,
        0.3888431694187082,
        0.41708758989283773,
        0.447691893729684,
        0.49448528992552,
        0.5361971679557253,
        0.5747480570259996,
        0.6451413822281014,
        0.7591607598056863,
        0.9006223183214509,
        0.9676920175701516,
        0.9980894251711214
      ],
      [
        0.013269501783754788,
        0.0136311744205933,
        0.013979224351381747,
        0.014136799976522244,
        0.014182543308707315,
        0.014279370410709742,
        0.014527107866124715,
        0.014641961917128774,
        0.01474068818357588,
        0.014875868239687878,
        0.01505282946400355,
        0.015277196859497293,
        0.01552737367905236,
        0.015830133427473785,
        0.016095256184543254,
        0.016637057192438052,
        0.02250947901189642,
        0.1831384168703699,
        0.1610002773024647,
        0.1469977765298087
      ]
    ],
    "rdkit": [
      [
        0.19129739591873254,
        0.2519630641143705,
        0.286210167821497,
        0.3055734517219343,
        0.31745763805349503,
        0.3323721233971786,
        0.3503141267885518,
        0.3660919960844083,
        0.38669774941562535,
        0.4080916022728983,
        0.42972133747515084,
        0.46169869859087154,
        0.4971915325208335,
        0.5376468094782901,
        0.586677972683362,
        0.647409046979626,
        0.7294062267785748,
        0.8325379875321897,
        0.908669610968551,
        0.9390329911488957
      ],
      [
        0.040618712836028525,
        0.04259670358802318,
        0.043489535538675246,
        0.04344217997099291,
        0.04322626049913781,
        0.043463914765752995,
        0.04299296716328518,
        0.043422600953438036,
        0.043239253268224295,
        0.04372905532637281,
        0.043727238719152,
        0.042990232667350456,
        0.04353604568328846,
        0.043744944849385674,
        0.04393483406786124,
        0.04404747773728927,
        0.04433839811454632,
        0.19104859653735082,
        0.352235512255479,
        0.3439736858898966
      ]
    ]
  },
  "decision_cutoff_logit": -2.002481217842692,
  "decision_cutoff_lift": 1.1894265610794978
}