{
  "mode": "slow",
  "descriptor_types": [
    "chemeleon",
    "clamp"
  ],
  "n_compounds": 16492,
  "n_actives": 4634,
  "ratio_actives": 0.28098471986417656,
  "population_prior": 0.28098471986417656,
  "portfolio": [
    "xgb",
    "rf"
  ],
  "num_batches": {
    "chemeleon": 1,
    "clamp": 1
  },
  "decision_cutoff_raw": 0.21818779134507743,
  "decision_cutoff_proba": 0.29982162240066174,
  "decision_cutoff_rank": 0.6712421242124214,
  "oof_aucs": {
    "chemeleon": 0.9464780800980207,
    "clamp": 0.9415141376232186
  },
  "proxy_aucs": {
    "chemeleon": 0.840908017205177,
    "clamp": 0.8383238575626571
  },
  "train_aucs": {
    "chemeleon": 1.0,
    "clamp": 0.999984140119307
  },
  "quality_aucs": {
    "chemeleon": 0.8929561601960414,
    "clamp": 0.8830441351271301
  },
  "active_descriptors": {
    "chemeleon": true,
    "clamp": true
  },
  "ad_hard_cutoffs": {
    "chemeleon": 0.052749939262866974,
    "clamp": 0.05000000074505806
  },
  "rank_error_curves": {
    "chemeleon": [
      [
        0.015963436965336007,
        0.07161656697829387,
        0.10321269990227785,
        0.13434046892926374,
        0.16298363258406234,
        0.19145069225417585,
        0.22038434240635774,
        0.24901349381716223,
        0.28031305999743017,
        0.3186137169077155,
        0.3683122793292875,
        0.43258695130976044,
        0.5075447038136626,
        0.5866607342857764,
        0.8434599960600696,
        0.8776860212995012,
        0.907541176107521,
        0.9357896049714475,
        0.9647817994281471,
        0.9999937053993946
      ],
      [
        0.008236014950635277,
        0.008544389643763499,
        0.01070648861667376,
        0.013619652008110524,
        0.015667921945102137,
        0.017673245679822938,
        0.020105813670249426,
        0.022906375195817077,
        0.026370580504834467,
        0.031060103931308265,
        0.037710121571126305,
        0.0466817494234686,
        0.06898077112388423,
        0.14189008024217203,
        0.18435368091734758,
        0.10255631891366992,
        0.06149696582375754,
        0.03429807108647607,
        0.015990550953754037,
        0.0051219360807219175
      ]
    ],
    "clamp": [
      [
        0.012318962825217163,
        0.06328178095362916,
        0.09604224406115401,
        0.1264935091097527,
        0.15406365306268385,
        0.1809229102074135,
        0.20781210752388107,
        0.23613957789394535,
        0.2668398923089749,
        0.3025064851342887,
        0.3489948743250403,
        0.41115779667300084,
        0.4996407845227821,
        0.5850017438171236,
        0.8494818944640341,
        0.8842773430407891,
        0.9123647613274003,
        0.9377853836600232,
        0.9658618695274901,
        0.9999005530581939
      ],
      [
        0.008112330647327127,
        0.008864602585872355,
        0.009552828619240441,
        0.011378677394825872,
        0.012830768764972647,
        0.01519778006846505,
        0.01794609987220259,
        0.020822634443031528,
        0.025669378374596076,
        0.031065347644176004,
        0.03967671711370456,
        0.052782415751331864,
        0.08202942233212093,
        0.14968107839403919,
        0.2198296676209417,
        0.10413732038421009,
        0.07440326986793448,
        0.05002824183388593,
        0.023359375691635893,
        0.00945199431321332
      ]
    ]
  },
  "decision_cutoff_logit": -0.8481474219044216,
  "decision_cutoff_lift": 1.0670388857642887
}