{
  "mode": "slow",
  "descriptor_types": [
    "chemeleon",
    "clamp"
  ],
  "n_compounds": 16492,
  "n_actives": 4634,
  "ratio_actives": 0.28098471986417656,
  "population_prior": 0.28098471986417656,
  "portfolio": [
    "xgb",
    "rf"
  ],
  "num_batches": {
    "chemeleon": 1,
    "clamp": 1
  },
  "decision_cutoff_raw": 0.17989351460528963,
  "decision_cutoff_proba": 0.2961384185259932,
  "decision_cutoff_rank": 0.654562571848373,
  "oof_aucs": {
    "chemeleon": 0.9476556603158961,
    "clamp": 0.941123646068464
  },
  "proxy_aucs": {
    "chemeleon": 0.839480000098999,
    "clamp": 0.838398916745581
  },
  "train_aucs": {
    "chemeleon": 1.0,
    "clamp": 0.9999819927114795
  },
  "quality_aucs": {
    "chemeleon": 0.8953113206317922,
    "clamp": 0.8822652994254485
  },
  "active_descriptors": {
    "chemeleon": true,
    "clamp": true
  },
  "ad_hard_cutoffs": {
    "chemeleon": 0.05000000074505806,
    "clamp": 0.05000000074505806
  },
  "rank_error_curves": {
    "chemeleon": [
      [
        0.015342369146245193,
        0.06984413041422013,
        0.10457465892781043,
        0.1373421044235763,
        0.17094839437708245,
        0.19908618112149445,
        0.2284624093572086,
        0.25931394786140194,
        0.2914449027168682,
        0.3292149147084278,
        0.3770221607222174,
        0.43871298660811586,
        0.515766532553251,
        0.5954169162673735,
        0.8401457139683699,
        0.8748121703851512,
        0.9056532080178428,
        0.9334891969096157,
        0.962590753341696,
        0.9995463611194924
      ],
      [
        0.008794386924555224,
        0.009879234557990255,
        0.011327799355031875,
        0.012716707586296377,
        0.014756708964065578,
        0.01611814580183006,
        0.01841750479180582,
        0.02163612126433445,
        0.025648755968172416,
        0.02980878126920822,
        0.038375030411700504,
        0.054320119624897,
        0.07966367324097269,
        0.1491185668912924,
        0.1961394253893404,
        0.11091560589234162,
        0.07193039835836647,
        0.04199290016243393,
        0.02036683308431479,
        0.0052719723686675
      ]
    ],
    "clamp": [
      [
        0.011968203441685837,
        0.06879097434158407,
        0.09769445613628196,
        0.12762164429143633,
        0.15641290893649099,
        0.18228455491399959,
        0.20962718165209773,
        0.23726205314535442,
        0.2679652796410073,
        0.3043868782901008,
        0.3529589603192518,
        0.4140428455164704,
        0.5041746484112419,
        0.5911684436884023,
        0.8433018221735862,
        0.8788415628253601,
        0.9088548969842607,
        0.9357187772218489,
        0.9655405557396171,
        0.9998859659788822
      ],
      [
        0.009470824125229992,
        0.010644653082073196,
        0.011393834806801844,
        0.013008591219544348,
        0.01444270324712541,
        0.01580756083671921,
        0.018331462676019306,
        0.021554561834926548,
        0.026439091898900587,
        0.03246405967740699,
        0.04097519155441082,
        0.053183421547174495,
        0.0846448266042924,
        0.16241524329538476,
        0.23495675472231306,
        0.12097634249863241,
        0.08013420367792087,
        0.0501872340910756,
        0.0246218471224609,
        0.00612778957541188
      ]
    ]
  },
  "decision_cutoff_logit": -0.8657547444273832,
  "decision_cutoff_lift": 1.0539306858719637
}