{
    "portfolio": [
        "xgb",
        "rf"
    ],
    "max_batch_size": 100000,
    "max_imbalance_ratio": 100,
    "num_batches": 1,
    "population_prior": 0.2790357498098414,
    "batch_priors": [
        0.2790357498098414
    ],
    "decision_cutoff_raw": 0.16997382624429036,
    "decision_cutoff_proba": 0.29858704858704854,
    "decision_cutoff_rank": 0.6614851270732134,
    "decision_cutoff_logit": -0.8540352922470187,
    "decision_cutoff_lift": 1.0700673615854994
}