{
  "n_components": 45,
  "n_features_in": 2048,
  "n_cal_knots": 200,
  "cal_min": 3.3069705963134766,
  "cal_max": 16.106718063354492,
  "scaler": "standard"
}