{
  "n_components": 45,
  "n_features_in": 2048,
  "n_cal_knots": 200,
  "cal_min": 3.3203141689300537,
  "cal_max": 16.096588134765625,
  "scaler": "standard"
}