{
    "portfolio": [
        "lr",
        "xgb",
        "rf",
        "svc"
    ],
    "max_batch_size": 100000,
    "max_imbalance_ratio": 100,
    "num_batches": 1,
    "population_prior": 0.25008414675193535,
    "batch_priors": [
        0.25008414675193535
    ],
    "decision_cutoff_raw": 0.18301528637457104,
    "decision_cutoff_proba": 0.28433469875832085,
    "decision_cutoff_rank": 0.648063973063973,
    "decision_cutoff_logit": -0.9230605402923684,
    "decision_cutoff_lift": 1.1369561103781578
}