{
  "mode": "slow",
  "descriptor_types": [
    "chemeleon",
    "clamp"
  ],
  "n_compounds": 1130,
  "n_actives": 113,
  "ratio_actives": 0.1,
  "population_prior": 0.1,
  "portfolio": [
    "lr",
    "xgb",
    "rf",
    "svc"
  ],
  "num_batches": {
    "chemeleon": 1,
    "clamp": 1
  },
  "decision_cutoff_raw": 0.5310449555002578,
  "decision_cutoff_proba": 0.289363854156242,
  "decision_cutoff_rank": 0.9121353720328709,
  "oof_aucs": {
    "chemeleon": 0.9998607739229558,
    "clamp": 0.9999912983701847
  },
  "proxy_aucs": {
    "chemeleon": 0.9882963078984693,
    "clamp": 0.9987382636767866
  },
  "train_aucs": {
    "chemeleon": 1.0,
    "clamp": 1.0
  },
  "quality_aucs": {
    "chemeleon": 0.9997215478459116,
    "clamp": 0.9999825967403695
  },
  "active_descriptors": {
    "chemeleon": true,
    "clamp": true
  },
  "ad_hard_cutoffs": {
    "chemeleon": 0.052250005304813385,
    "clamp": 0.052250005304813385
  },
  "rank_error_curves": {
    "chemeleon": [
      [
        0.18682509046572413,
        0.22657128240779853,
        0.2438644922351763,
        0.25801540732133865,
        0.27517171469032664,
        0.29223792906031926,
        0.30586375944578315,
        0.32029007336418003,
        0.3365479288824472,
        0.3489516766918244,
        0.3679642193199073,
        0.38375032106587903,
        0.3999013783941452,
        0.41655354590651994,
        0.43910018824389624,
        0.46498046874575716,
        0.5041038232467335,
        0.6159913356919076,
        0.976021970277555,
        0.9965270006950636
      ],
      [
        0.008310177511167097,
        0.00887678978399253,
        0.009149144864427134,
        0.00908904312853028,
        0.00916199871487789,
        0.010669954316443818,
        0.00923038652780946,
        0.010698630023139971,
        0.009358153438718953,
        0.012137147604272022,
        0.013455685317669896,
        0.010846372043181647,
        0.0110771842518102,
        0.009498654944901054,
        0.01250787776991873,
        0.011215615951150809,
        0.01971239853815506,
        0.13576495968971897,
        0.22830023056273657,
        0.2000806275825199
      ]
    ],
    "clamp": [
      [
        0.035327059081486784,
        0.08244435145537432,
        0.12227726901439806,
        0.1620223973738739,
        0.19719861343830583,
        0.23161819329320765,
        0.26431057118672097,
        0.28954488269174694,
        0.3179305913768512,
        0.3656929463094716,
        0.3944453475769742,
        0.4397969564341202,
        0.4822643439587173,
        0.5291304743907752,
        0.5695515623545051,
        0.6116859761004241,
        0.6680344892006409,
        0.7935146470660785,
        0.9758612662942037,
        0.9957408949291794
      ],
      [
        0.011556844622246891,
        0.012181102251095845,
        0.012665500612178929,
        0.013002409388306258,
        0.013351037726955948,
        0.013525265779723442,
        0.013716136419379254,
        0.013973644029914226,
        0.014347880402337827,
        0.014606259491121158,
        0.014954976804266176,
        0.015342579897283416,
        0.01575620671996785,
        0.01592429698597381,
        0.01640706897638553,
        0.016674951948758666,
        0.0173092779223341,
        0.05038777807901986,
        0.08657501770212887,
        0.07961663527272013
      ]
    ]
  },
  "decision_cutoff_logit": -0.8984756418024237,
  "decision_cutoff_lift": 2.89363854156242
}