{
  "mode": "slow",
  "descriptor_types": [
    "chemeleon",
    "clamp"
  ],
  "n_compounds": 1130,
  "n_actives": 113,
  "ratio_actives": 0.1,
  "population_prior": 0.1,
  "portfolio": [
    "lr",
    "xgb",
    "rf",
    "svc"
  ],
  "num_batches": {
    "chemeleon": 1,
    "clamp": 1
  },
  "decision_cutoff_raw": 0.5226588907086762,
  "decision_cutoff_proba": 0.29682518745833025,
  "decision_cutoff_rank": 0.9119991373386778,
  "oof_aucs": {
    "chemeleon": 0.9998172657738795,
    "clamp": 1.0
  },
  "proxy_aucs": {
    "chemeleon": 0.9861034971850228,
    "clamp": 0.9978158909163687
  },
  "train_aucs": {
    "chemeleon": 1.0,
    "clamp": 1.0
  },
  "quality_aucs": {
    "chemeleon": 0.999634531547759,
    "clamp": 1.0
  },
  "active_descriptors": {
    "chemeleon": true,
    "clamp": true
  },
  "ad_hard_cutoffs": {
    "chemeleon": 0.052250005304813385,
    "clamp": 0.05000000074505806
  },
  "rank_error_curves": {
    "chemeleon": [
      [
        0.18404428681739998,
        0.2358807262629602,
        0.2527614795493455,
        0.27087905694403774,
        0.2865172962393505,
        0.29876337605786596,
        0.3132913034630469,
        0.3273882480908327,
        0.3405847996930405,
        0.3529981276452265,
        0.36503246632010433,
        0.37907168795586366,
        0.3972268326477438,
        0.4164974784578711,
        0.44161573064494103,
        0.47044307310567923,
        0.5161067222124432,
        0.6277703039912664,
        0.9773286386221435,
        0.9989379646318473
      ],
      [
        0.008419795468764967,
        0.009097472189340747,
        0.009172339369343328,
        0.00912156226719536,
        0.009207994962120424,
        0.00928299102623241,
        0.009296390992713628,
        0.009403774948901412,
        0.01065439106245122,
        0.010835994122707254,
        0.009378208196813363,
        0.010876061190227326,
        0.009582937239209749,
        0.013775546080253836,
        0.015808466704993123,
        0.012595196551314337,
        0.015413691847328092,
        0.13245509218946988,
        0.2297306012640198,
        0.20237793535416831
      ]
    ],
    "clamp": [
      [
        0.03748415314337389,
        0.09629491376863326,
        0.1332022499686166,
        0.16546356471051638,
        0.20190455383169206,
        0.23621653548000038,
        0.27748123013249393,
        0.3034099132884786,
        0.33766835638625264,
        0.37220120703736315,
        0.40940312974339454,
        0.4483665376165147,
        0.49147730407094126,
        0.5266170065140396,
        0.5705116029630021,
        0.6202063033891454,
        0.6758828324710157,
        0.7906567552615675,
        0.9757133470891084,
        0.997240225030608
      ],
      [
        0.011462885902268983,
        0.012141574112535058,
        0.01245790526390237,
        0.012780579499059643,
        0.013177118235685742,
        0.013359515665223719,
        0.013845192019507672,
        0.014200648840207263,
        0.014095484292743078,
        0.01455755595405069,
        0.014917429460939805,
        0.015191277501255363,
        0.015522936267911343,
        0.015746560130926682,
        0.016208256108728124,
        0.01671949005411633,
        0.017176546111843796,
        0.05110680761111625,
        0.08798705934193034,
        0.08113502455806944
      ]
    ]
  },
  "decision_cutoff_logit": -0.8624621562905316,
  "decision_cutoff_lift": 2.968251874583302
}