{
  "n_components": 45,
  "n_features_in": 2048,
  "n_cal_knots": 200,
  "cal_min": 2.979262590408325,
  "cal_max": 13.586970329284668,
  "scaler": "standard"
}