{
  "n_components": 45,
  "n_features_in": 2048,
  "n_cal_knots": 200,
  "cal_min": 2.9710752964019775,
  "cal_max": 13.58720874786377,
  "scaler": "standard"
}