{
    "portfolio": [
        "xgb",
        "rf"
    ],
    "max_batch_size": 100000,
    "max_imbalance_ratio": 100,
    "num_batches": 1,
    "population_prior": 0.28098471986417656,
    "batch_priors": [
        0.28098471986417656
    ],
    "decision_cutoff_raw": 0.18445328670254882,
    "decision_cutoff_proba": 0.2987382674257578,
    "decision_cutoff_rank": 0.660916091609161,
    "decision_cutoff_logit": -0.853313357381096,
    "decision_cutoff_lift": 1.0631833203249026
}