{
    "portfolio": [
        "xgb",
        "rf"
    ],
    "max_batch_size": 100000,
    "max_imbalance_ratio": 100,
    "num_batches": 1,
    "population_prior": 0.28098471986417656,
    "batch_priors": [
        0.28098471986417656
    ],
    "decision_cutoff_raw": 0.17226453277851328,
    "decision_cutoff_proba": 0.2852519648636153,
    "decision_cutoff_rank": 0.6495820608866378,
    "decision_cutoff_logit": -0.9185572052419795,
    "decision_cutoff_lift": 1.0151867510856158
}