{
    "portfolio": [
        "lr",
        "xgb",
        "rf",
        "svc"
    ],
    "max_batch_size": 100000,
    "max_imbalance_ratio": 100,
    "num_batches": 1,
    "population_prior": 0.5,
    "batch_priors": [
        0.5
    ],
    "decision_cutoff_raw": 0.5595293365285576,
    "decision_cutoff_proba": 0.5412097425009095,
    "decision_cutoff_rank": 0.4822601870061892,
    "decision_cutoff_logit": 0.16521374751429094,
    "decision_cutoff_lift": 1.082419485001819
}