{
    "portfolio": [
        "lr",
        "xgb",
        "rf",
        "svc"
    ],
    "max_batch_size": 100000,
    "max_imbalance_ratio": 100,
    "num_batches": 1,
    "population_prior": 0.1,
    "batch_priors": [
        0.1
    ],
    "decision_cutoff_raw": 0.24130729942021106,
    "decision_cutoff_proba": 0.07864162250400304,
    "decision_cutoff_rank": 0.8776418242491658,
    "decision_cutoff_logit": -2.4609479707001203,
    "decision_cutoff_lift": 0.7864162250400304
}