{
    "portfolio": [
        "lr",
        "xgb",
        "rf",
        "svc"
    ],
    "max_batch_size": 100000,
    "max_imbalance_ratio": 100,
    "num_batches": 1,
    "population_prior": 0.1,
    "batch_priors": [
        0.1
    ],
    "decision_cutoff_raw": 0.2753427350079178,
    "decision_cutoff_proba": 0.08333277158457343,
    "decision_cutoff_rank": 0.8809788654060067,
    "decision_cutoff_logit": -2.397902626622851,
    "decision_cutoff_lift": 0.8333277158457343
}