{
  "n_components": 27,
  "n_features_in": 768,
  "n_cal_knots": 200,
  "cal_min": 2.7291247844696045,
  "cal_max": 8.686259269714355,
  "scaler": "standard"
}