{
  "n_components": 27,
  "n_features_in": 768,
  "n_cal_knots": 200,
  "cal_min": 2.7334907054901123,
  "cal_max": 8.689864158630371,
  "scaler": "standard"
}