{
  "n_components": 45,
  "n_features_in": 2048,
  "n_cal_knots": 200,
  "cal_min": 3.0144877433776855,
  "cal_max": 38.616878509521484,
  "scaler": "standard"
}