{
    "portfolio": [
        "lr",
        "xgb",
        "rf",
        "svc"
    ],
    "max_batch_size": 100000,
    "max_imbalance_ratio": 100,
    "num_batches": 1,
    "population_prior": 0.1,
    "batch_priors": [
        0.1
    ],
    "decision_cutoff_raw": 0.2045699648422032,
    "decision_cutoff_proba": 0.048008091873706124,
    "decision_cutoff_rank": 0.8946624248851184,
    "decision_cutoff_logit": -2.987186957485931,
    "decision_cutoff_lift": 0.4800809187370612
}