{
    "portfolio": [
        "lr",
        "xgb",
        "rf",
        "svc"
    ],
    "max_batch_size": 100000,
    "max_imbalance_ratio": 100,
    "num_batches": 1,
    "population_prior": 0.1,
    "batch_priors": [
        0.1
    ],
    "decision_cutoff_raw": 0.20084698590896813,
    "decision_cutoff_proba": 0.046059339302168656,
    "decision_cutoff_rank": 0.8953693884764935,
    "decision_cutoff_logit": -3.0306709189841072,
    "decision_cutoff_lift": 0.46059339302168656
}