{
  "n_components": 45,
  "n_features_in": 2048,
  "n_cal_knots": 200,
  "cal_min": 3.306466579437256,
  "cal_max": 22.2340145111084,
  "scaler": "standard"
}